2026-03-12 21:44:20 [INFO] ==============================================
2026-03-12 21:44:20 [INFO]       Starting Engine in Mode: [INITIALIZE]
2026-03-12 21:44:20 [INFO] ==============================================
2026-03-12 21:44:20 [INFO]  >> Log File      : ./logs/initialize_20260312_2144.log
2026-03-12 21:44:20 [INFO]  >> Num Workers   : 4 (Safe Mode Enabled)
2026-03-12 21:44:21 [INFO] ========== [Step 1] Download Structures (Parallel) ==========
2026-03-12 21:44:29 [INFO]    >> [下载] Progress: 100/142859
2026-03-12 21:44:29 [INFO]    >> [下载] Progress: 200/142859
2026-03-12 21:44:29 [INFO]    >> [下载] Progress: 300/142859
2026-03-12 21:44:29 [INFO]    >> [下载] Progress: 400/142859
2026-03-12 21:44:29 [INFO]    >> [下载] Progress: 500/142859
2026-03-12 21:44:29 [INFO]    >> [下载] Progress: 600/142859
2026-03-12 21:44:29 [INFO]    >> [下载] Progress: 700/142859
2026-03-12 21:44:29 [INFO]    >> [下载] Progress: 800/142859
2026-03-12 21:44:29 [INFO]    >> [下载] Progress: 900/142859
2026-03-12 21:44:29 [INFO]    >> [下载] Progress: 1000/142859
2026-03-12 21:44:29 [INFO]    >> [下载] Progress: 1100/142859
2026-03-12 21:44:29 [INFO]    >> [下载] Progress: 1200/142859
2026-03-12 21:44:29 [INFO]    >> [下载] Progress: 1300/142859
2026-03-12 21:44:29 [INFO]    >> [下载] Progress: 1400/142859
2026-03-12 21:44:29 [INFO]    >> [下载] Progress: 1500/142859
2026-03-12 21:44:29 [INFO]    >> [下载] Progress: 1600/142859
2026-03-12 21:44:29 [INFO]    >> [下载] Progress: 1700/142859
2026-03-12 21:44:29 [INFO]    >> [下载] Progress: 1800/142859
2026-03-12 21:44:29 [INFO]    >> [下载] Progress: 1900/142859
2026-03-12 21:44:29 [INFO]    >> [下载] Progress: 2000/142859
2026-03-12 21:44:29 [INFO]    >> [下载] Progress: 2100/142859
2026-03-12 21:44:29 [INFO]    >> [下载] Progress: 2200/142859
2026-03-12 21:44:29 [INFO]    >> [下载] Progress: 2300/142859
2026-03-12 21:44:29 [INFO]    >> [下载] Progress: 2400/142859
2026-03-12 21:44:29 [INFO]    >> [下载] Progress: 2500/142859
2026-03-12 21:44:29 [INFO]    >> [下载] Progress: 2600/142859
2026-03-12 21:44:29 [INFO]    >> [下载] Progress: 2700/142859
2026-03-12 21:44:29 [INFO]    >> [下载] Progress: 2800/142859
2026-03-12 21:44:29 [INFO]    >> [下载] Progress: 2900/142859
2026-03-12 21:44:29 [INFO]    >> [下载] Progress: 3000/142859
2026-03-12 21:44:29 [INFO]    >> [下载] Progress: 3100/142859
2026-03-12 21:44:29 [INFO]    >> [下载] Progress: 3200/142859
2026-03-12 21:44:29 [INFO]    >> [下载] Progress: 3300/142859
2026-03-12 21:44:29 [INFO]    >> [下载] Progress: 3400/142859
2026-03-12 21:44:29 [INFO]    >> [下载] Progress: 3500/142859
2026-03-12 21:44:29 [INFO]    >> [下载] Progress: 3600/142859
2026-03-12 21:44:29 [INFO]    >> [下载] Progress: 3700/142859
2026-03-12 21:44:29 [INFO]    >> [下载] Progress: 3800/142859
2026-03-12 21:44:29 [INFO]    >> [下载] Progress: 3900/142859
2026-03-12 21:44:29 [INFO]    >> [下载] Progress: 4000/142859
2026-03-12 21:44:29 [INFO]    >> [下载] Progress: 4100/142859
2026-03-12 21:44:29 [INFO]    >> [下载] Progress: 4200/142859
2026-03-12 21:44:29 [INFO]    >> [下载] Progress: 4300/142859
2026-03-12 21:44:29 [INFO]    >> [下载] Progress: 4400/142859
2026-03-12 21:44:29 [INFO]    >> [下载] Progress: 4500/142859
2026-03-12 21:44:29 [INFO]    >> [下载] Progress: 4600/142859
2026-03-12 21:44:29 [INFO]    >> [下载] Progress: 4700/142859
2026-03-12 21:44:29 [INFO]    >> [下载] Progress: 4800/142859
2026-03-12 21:44:29 [INFO]    >> [下载] Progress: 4900/142859
2026-03-12 21:44:29 [INFO]    >> [下载] Progress: 5000/142859
2026-03-12 21:44:29 [INFO]    >> [下载] Progress: 5100/142859
2026-03-12 21:44:29 [INFO]    >> [下载] Progress: 5200/142859
2026-03-12 21:44:29 [INFO]    >> [下载] Progress: 5300/142859
2026-03-12 21:44:29 [INFO]    >> [下载] Progress: 5400/142859
2026-03-12 21:44:29 [INFO]    >> [下载] Progress: 5500/142859
2026-03-12 21:44:29 [INFO]    >> [下载] Progress: 5600/142859
2026-03-12 21:44:29 [INFO]    >> [下载] Progress: 5700/142859
2026-03-12 21:44:29 [INFO]    >> [下载] Progress: 5800/142859
2026-03-12 21:44:29 [INFO]    >> [下载] Progress: 5900/142859
2026-03-12 21:44:29 [INFO]    >> [下载] Progress: 6000/142859
2026-03-12 21:44:29 [INFO]    >> [下载] Progress: 6100/142859
2026-03-12 21:44:29 [INFO]    >> [下载] Progress: 6200/142859
2026-03-12 21:44:29 [INFO]    >> [下载] Progress: 6300/142859
2026-03-12 21:44:29 [INFO]    >> [下载] Progress: 6400/142859
2026-03-12 21:44:29 [INFO]    >> [下载] Progress: 6500/142859
2026-03-12 21:44:29 [INFO]    >> [下载] Progress: 6600/142859
2026-03-12 21:44:29 [INFO]    >> [下载] Progress: 6700/142859
2026-03-12 21:44:29 [INFO]    >> [下载] Progress: 6800/142859
2026-03-12 21:44:29 [INFO]    >> [下载] Progress: 6900/142859
2026-03-12 21:44:29 [INFO]    >> [下载] Progress: 7000/142859
2026-03-12 21:44:29 [INFO]    >> [下载] Progress: 7100/142859
2026-03-12 21:44:29 [INFO]    >> [下载] Progress: 7200/142859
2026-03-12 21:44:29 [INFO]    >> [下载] Progress: 7300/142859
2026-03-12 21:44:29 [INFO]    >> [下载] Progress: 7400/142859
2026-03-12 21:44:29 [INFO]    >> [下载] Progress: 7500/142859
2026-03-12 21:44:29 [INFO]    >> [下载] Progress: 7600/142859
2026-03-12 21:44:29 [INFO]    >> [下载] Progress: 7700/142859
2026-03-12 21:44:29 [INFO]    >> [下载] Progress: 7800/142859
2026-03-12 21:44:29 [INFO]    >> [下载] Progress: 7900/142859
2026-03-12 21:44:29 [INFO]    >> [下载] Progress: 8000/142859
2026-03-12 21:44:29 [INFO]    >> [下载] Progress: 8100/142859
2026-03-12 21:44:29 [INFO]    >> [下载] Progress: 8200/142859
2026-03-12 21:44:29 [INFO]    >> [下载] Progress: 8300/142859
2026-03-12 21:44:29 [INFO]    >> [下载] Progress: 8400/142859
2026-03-12 21:44:29 [INFO]    >> [下载] Progress: 8500/142859
2026-03-12 21:44:29 [INFO]    >> [下载] Progress: 8600/142859
2026-03-12 21:44:29 [INFO]    >> [下载] Progress: 8700/142859
2026-03-12 21:44:29 [INFO]    >> [下载] Progress: 8800/142859
2026-03-12 21:44:29 [INFO]    >> [下载] Progress: 8900/142859
2026-03-12 21:44:29 [INFO]    >> [下载] Progress: 9000/142859
2026-03-12 21:44:29 [INFO]    >> [下载] Progress: 9100/142859
2026-03-12 21:44:29 [INFO]    >> [下载] Progress: 9200/142859
2026-03-12 21:44:29 [INFO]    >> [下载] Progress: 9300/142859
2026-03-12 21:44:29 [INFO]    >> [下载] Progress: 9400/142859
2026-03-12 21:44:29 [INFO]    >> [下载] Progress: 9500/142859
2026-03-12 21:44:29 [INFO]    >> [下载] Progress: 9600/142859
2026-03-12 21:44:29 [INFO]    >> [下载] Progress: 9700/142859
2026-03-12 21:44:29 [INFO]    >> [下载] Progress: 9800/142859
2026-03-12 21:44:29 [INFO]    >> [下载] Progress: 9900/142859
2026-03-12 21:44:29 [INFO]    >> [下载] Progress: 10000/142859
2026-03-12 21:44:29 [INFO]    >> [下载] Progress: 10100/142859
2026-03-12 21:44:29 [INFO]    >> [下载] Progress: 10200/142859
2026-03-12 21:44:29 [INFO]    >> [下载] Progress: 10300/142859
2026-03-12 21:44:29 [INFO]    >> [下载] Progress: 10400/142859
2026-03-12 21:44:29 [INFO]    >> [下载] Progress: 10500/142859
2026-03-12 21:44:29 [INFO]    >> [下载] Progress: 10600/142859
2026-03-12 21:44:29 [INFO]    >> [下载] Progress: 10700/142859
2026-03-12 21:44:29 [INFO]    >> [下载] Progress: 10800/142859
2026-03-12 21:44:29 [INFO]    >> [下载] Progress: 10900/142859
2026-03-12 21:44:29 [INFO]    >> [下载] Progress: 11000/142859
2026-03-12 21:44:29 [INFO]    >> [下载] Progress: 11100/142859
2026-03-12 21:44:29 [INFO]    >> [下载] Progress: 11200/142859
2026-03-12 21:44:29 [INFO]    >> [下载] Progress: 11300/142859
2026-03-12 21:44:29 [INFO]    >> [下载] Progress: 11400/142859
2026-03-12 21:44:29 [INFO]    >> [下载] Progress: 11500/142859
2026-03-12 21:44:29 [INFO]    >> [下载] Progress: 11600/142859
2026-03-12 21:44:29 [INFO]    >> [下载] Progress: 11700/142859
2026-03-12 21:44:29 [INFO]    >> [下载] Progress: 11800/142859
2026-03-12 21:44:29 [INFO]    >> [下载] Progress: 11900/142859
2026-03-12 21:44:29 [INFO]    >> [下载] Progress: 12000/142859
2026-03-12 21:44:29 [INFO]    >> [下载] Progress: 12100/142859
2026-03-12 21:44:29 [INFO]    >> [下载] Progress: 12200/142859
2026-03-12 21:44:29 [INFO]    >> [下载] Progress: 12300/142859
2026-03-12 21:44:29 [INFO]    >> [下载] Progress: 12400/142859
2026-03-12 21:44:29 [INFO]    >> [下载] Progress: 12500/142859
2026-03-12 21:44:29 [INFO]    >> [下载] Progress: 12600/142859
2026-03-12 21:44:29 [INFO]    >> [下载] Progress: 12700/142859
2026-03-12 21:44:29 [INFO]    >> [下载] Progress: 12800/142859
2026-03-12 21:44:29 [INFO]    >> [下载] Progress: 12900/142859
2026-03-12 21:44:29 [INFO]    >> [下载] Progress: 13000/142859
2026-03-12 21:44:29 [INFO]    >> [下载] Progress: 13100/142859
2026-03-12 21:44:29 [INFO]    >> [下载] Progress: 13200/142859
2026-03-12 21:44:29 [INFO]    >> [下载] Progress: 13300/142859
2026-03-12 21:44:29 [INFO]    >> [下载] Progress: 13400/142859
2026-03-12 21:44:29 [INFO]    >> [下载] Progress: 13500/142859
2026-03-12 21:44:29 [INFO]    >> [下载] Progress: 13600/142859
2026-03-12 21:44:29 [INFO]    >> [下载] Progress: 13700/142859
2026-03-12 21:44:29 [INFO]    >> [下载] Progress: 13800/142859
2026-03-12 21:44:29 [INFO]    >> [下载] Progress: 13900/142859
2026-03-12 21:44:29 [INFO]    >> [下载] Progress: 14000/142859
2026-03-12 21:44:29 [INFO]    >> [下载] Progress: 14100/142859
2026-03-12 21:44:29 [INFO]    >> [下载] Progress: 14200/142859
2026-03-12 21:44:29 [INFO]    >> [下载] Progress: 14300/142859
2026-03-12 21:44:29 [INFO]    >> [下载] Progress: 14400/142859
2026-03-12 21:44:29 [INFO]    >> [下载] Progress: 14500/142859
2026-03-12 21:44:29 [INFO]    >> [下载] Progress: 14600/142859
2026-03-12 21:44:29 [INFO]    >> [下载] Progress: 14700/142859
2026-03-12 21:44:30 [INFO]    >> [下载] Progress: 14800/142859
2026-03-12 21:44:30 [INFO]    >> [下载] Progress: 14900/142859
2026-03-12 21:44:30 [INFO]    >> [下载] Progress: 15000/142859
2026-03-12 21:44:30 [INFO]    >> [下载] Progress: 15100/142859
2026-03-12 21:44:30 [INFO]    >> [下载] Progress: 15200/142859
2026-03-12 21:44:30 [INFO]    >> [下载] Progress: 15300/142859
2026-03-12 21:44:30 [INFO]    >> [下载] Progress: 15400/142859
2026-03-12 21:44:30 [INFO]    >> [下载] Progress: 15500/142859
2026-03-12 21:44:30 [INFO]    >> [下载] Progress: 15600/142859
2026-03-12 21:44:30 [INFO]    >> [下载] Progress: 15700/142859
2026-03-12 21:44:30 [INFO]    >> [下载] Progress: 15800/142859
2026-03-12 21:44:30 [INFO]    >> [下载] Progress: 15900/142859
2026-03-12 21:44:30 [INFO]    >> [下载] Progress: 16000/142859
2026-03-12 21:44:30 [INFO]    >> [下载] Progress: 16100/142859
2026-03-12 21:44:30 [INFO]    >> [下载] Progress: 16200/142859
2026-03-12 21:44:30 [INFO]    >> [下载] Progress: 16300/142859
2026-03-12 21:44:30 [INFO]    >> [下载] Progress: 16400/142859
2026-03-12 21:44:30 [INFO]    >> [下载] Progress: 16500/142859
2026-03-12 21:44:30 [INFO]    >> [下载] Progress: 16600/142859
2026-03-12 21:44:30 [INFO]    >> [下载] Progress: 16700/142859
2026-03-12 21:44:30 [INFO]    >> [下载] Progress: 16800/142859
2026-03-12 21:44:30 [INFO]    >> [下载] Progress: 16900/142859
2026-03-12 21:44:30 [INFO]    >> [下载] Progress: 17000/142859
2026-03-12 21:44:30 [INFO]    >> [下载] Progress: 17100/142859
2026-03-12 21:44:30 [INFO]    >> [下载] Progress: 17200/142859
2026-03-12 21:44:30 [INFO]    >> [下载] Progress: 17300/142859
2026-03-12 21:44:30 [INFO]    >> [下载] Progress: 17400/142859
2026-03-12 21:44:30 [INFO]    >> [下载] Progress: 17500/142859
2026-03-12 21:44:30 [INFO]    >> [下载] Progress: 17600/142859
2026-03-12 21:44:30 [INFO]    >> [下载] Progress: 17700/142859
2026-03-12 21:44:30 [INFO]    >> [下载] Progress: 17800/142859
2026-03-12 21:44:30 [INFO]    >> [下载] Progress: 17900/142859
2026-03-12 21:44:30 [INFO]    >> [下载] Progress: 18000/142859
2026-03-12 21:44:30 [INFO]    >> [下载] Progress: 18100/142859
2026-03-12 21:44:30 [INFO]    >> [下载] Progress: 18200/142859
2026-03-12 21:44:30 [INFO]    >> [下载] Progress: 18300/142859
2026-03-12 21:44:30 [INFO]    >> [下载] Progress: 18400/142859
2026-03-12 21:44:30 [INFO]    >> [下载] Progress: 18500/142859
2026-03-12 21:44:30 [INFO]    >> [下载] Progress: 18600/142859
2026-03-12 21:44:30 [INFO]    >> [下载] Progress: 18700/142859
2026-03-12 21:44:30 [INFO]    >> [下载] Progress: 18800/142859
2026-03-12 21:44:30 [INFO]    >> [下载] Progress: 18900/142859
2026-03-12 21:44:30 [INFO]    >> [下载] Progress: 19000/142859
2026-03-12 21:44:30 [INFO]    >> [下载] Progress: 19100/142859
2026-03-12 21:44:30 [INFO]    >> [下载] Progress: 19200/142859
2026-03-12 21:44:30 [INFO]    >> [下载] Progress: 19300/142859
2026-03-12 21:44:30 [INFO]    >> [下载] Progress: 19400/142859
2026-03-12 21:44:30 [INFO]    >> [下载] Progress: 19500/142859
2026-03-12 21:44:30 [INFO]    >> [下载] Progress: 19600/142859
2026-03-12 21:44:30 [INFO]    >> [下载] Progress: 19700/142859
2026-03-12 21:44:30 [INFO]    >> [下载] Progress: 19800/142859
2026-03-12 21:44:30 [INFO]    >> [下载] Progress: 19900/142859
2026-03-12 21:44:30 [INFO]    >> [下载] Progress: 20000/142859
2026-03-12 21:44:30 [INFO]    >> [下载] Progress: 20100/142859
2026-03-12 21:44:30 [INFO]    >> [下载] Progress: 20200/142859
2026-03-12 21:44:30 [INFO]    >> [下载] Progress: 20300/142859
2026-03-12 21:44:30 [INFO]    >> [下载] Progress: 20400/142859
2026-03-12 21:44:30 [INFO]    >> [下载] Progress: 20500/142859
2026-03-12 21:44:30 [INFO]    >> [下载] Progress: 20600/142859
2026-03-12 21:44:30 [INFO]    >> [下载] Progress: 20700/142859
2026-03-12 21:44:30 [INFO]    >> [下载] Progress: 20800/142859
2026-03-12 21:44:30 [INFO]    >> [下载] Progress: 20900/142859
2026-03-12 21:44:30 [INFO]    >> [下载] Progress: 21000/142859
2026-03-12 21:44:30 [INFO]    >> [下载] Progress: 21100/142859
2026-03-12 21:44:30 [INFO]    >> [下载] Progress: 21200/142859
2026-03-12 21:44:30 [INFO]    >> [下载] Progress: 21300/142859
2026-03-12 21:44:30 [INFO]    >> [下载] Progress: 21400/142859
2026-03-12 21:44:30 [INFO]    >> [下载] Progress: 21500/142859
2026-03-12 21:44:30 [INFO]    >> [下载] Progress: 21600/142859
2026-03-12 21:44:30 [INFO]    >> [下载] Progress: 21700/142859
2026-03-12 21:44:30 [INFO]    >> [下载] Progress: 21800/142859
2026-03-12 21:44:30 [INFO]    >> [下载] Progress: 21900/142859
2026-03-12 21:44:30 [INFO]    >> [下载] Progress: 22000/142859
2026-03-12 21:44:30 [INFO]    >> [下载] Progress: 22100/142859
2026-03-12 21:44:30 [INFO]    >> [下载] Progress: 22200/142859
2026-03-12 21:44:30 [INFO]    >> [下载] Progress: 22300/142859
2026-03-12 21:44:30 [INFO]    >> [下载] Progress: 22400/142859
2026-03-12 21:44:30 [INFO]    >> [下载] Progress: 22500/142859
2026-03-12 21:44:30 [INFO]    >> [下载] Progress: 22600/142859
2026-03-12 21:44:30 [INFO]    >> [下载] Progress: 22700/142859
2026-03-12 21:44:30 [INFO]    >> [下载] Progress: 22800/142859
2026-03-12 21:44:30 [INFO]    >> [下载] Progress: 22900/142859
2026-03-12 21:44:30 [INFO]    >> [下载] Progress: 23000/142859
2026-03-12 21:44:30 [INFO]    >> [下载] Progress: 23100/142859
2026-03-12 21:44:30 [INFO]    >> [下载] Progress: 23200/142859
2026-03-12 21:44:30 [INFO]    >> [下载] Progress: 23300/142859
2026-03-12 21:44:30 [INFO]    >> [下载] Progress: 23400/142859
2026-03-12 21:44:30 [INFO]    >> [下载] Progress: 23500/142859
2026-03-12 21:44:30 [INFO]    >> [下载] Progress: 23600/142859
2026-03-12 21:44:30 [INFO]    >> [下载] Progress: 23700/142859
2026-03-12 21:44:30 [INFO]    >> [下载] Progress: 23800/142859
2026-03-12 21:44:30 [INFO]    >> [下载] Progress: 23900/142859
2026-03-12 21:44:30 [INFO]    >> [下载] Progress: 24000/142859
2026-03-12 21:44:30 [INFO]    >> [下载] Progress: 24100/142859
2026-03-12 21:44:30 [INFO]    >> [下载] Progress: 24200/142859
2026-03-12 21:44:30 [INFO]    >> [下载] Progress: 24300/142859
2026-03-12 21:44:30 [INFO]    >> [下载] Progress: 24400/142859
2026-03-12 21:44:30 [INFO]    >> [下载] Progress: 24500/142859
2026-03-12 21:44:30 [INFO]    >> [下载] Progress: 24600/142859
2026-03-12 21:44:30 [INFO]    >> [下载] Progress: 24700/142859
2026-03-12 21:44:30 [INFO]    >> [下载] Progress: 24800/142859
2026-03-12 21:44:30 [INFO]    >> [下载] Progress: 24900/142859
2026-03-12 21:44:30 [INFO]    >> [下载] Progress: 25000/142859
2026-03-12 21:44:30 [INFO]    >> [下载] Progress: 25100/142859
2026-03-12 21:44:30 [INFO]    >> [下载] Progress: 25200/142859
2026-03-12 21:44:30 [INFO]    >> [下载] Progress: 25300/142859
2026-03-12 21:44:30 [INFO]    >> [下载] Progress: 25400/142859
2026-03-12 21:44:30 [INFO]    >> [下载] Progress: 25500/142859
2026-03-12 21:44:30 [INFO]    >> [下载] Progress: 25600/142859
2026-03-12 21:44:30 [INFO]    >> [下载] Progress: 25700/142859
2026-03-12 21:44:30 [INFO]    >> [下载] Progress: 25800/142859
2026-03-12 21:44:30 [INFO]    >> [下载] Progress: 25900/142859
2026-03-12 21:44:30 [INFO]    >> [下载] Progress: 26000/142859
2026-03-12 21:44:30 [INFO]    >> [下载] Progress: 26100/142859
2026-03-12 21:44:30 [INFO]    >> [下载] Progress: 26200/142859
2026-03-12 21:44:30 [INFO]    >> [下载] Progress: 26300/142859
2026-03-12 21:44:30 [INFO]    >> [下载] Progress: 26400/142859
2026-03-12 21:44:30 [INFO]    >> [下载] Progress: 26500/142859
2026-03-12 21:44:30 [INFO]    >> [下载] Progress: 26600/142859
2026-03-12 21:44:30 [INFO]    >> [下载] Progress: 26700/142859
2026-03-12 21:44:30 [INFO]    >> [下载] Progress: 26800/142859
2026-03-12 21:44:30 [INFO]    >> [下载] Progress: 26900/142859
2026-03-12 21:44:30 [INFO]    >> [下载] Progress: 27000/142859
2026-03-12 21:44:30 [INFO]    >> [下载] Progress: 27100/142859
2026-03-12 21:44:30 [INFO]    >> [下载] Progress: 27200/142859
2026-03-12 21:44:30 [INFO]    >> [下载] Progress: 27300/142859
2026-03-12 21:44:30 [INFO]    >> [下载] Progress: 27400/142859
2026-03-12 21:44:30 [INFO]    >> [下载] Progress: 27500/142859
2026-03-12 21:44:30 [INFO]    >> [下载] Progress: 27600/142859
2026-03-12 21:44:30 [INFO]    >> [下载] Progress: 27700/142859
2026-03-12 21:44:30 [INFO]    >> [下载] Progress: 27800/142859
2026-03-12 21:44:30 [INFO]    >> [下载] Progress: 27900/142859
2026-03-12 21:44:30 [INFO]    >> [下载] Progress: 28000/142859
2026-03-12 21:44:30 [INFO]    >> [下载] Progress: 28100/142859
2026-03-12 21:44:30 [INFO]    >> [下载] Progress: 28200/142859
2026-03-12 21:44:30 [INFO]    >> [下载] Progress: 28300/142859
2026-03-12 21:44:30 [INFO]    >> [下载] Progress: 28400/142859
2026-03-12 21:44:30 [INFO]    >> [下载] Progress: 28500/142859
2026-03-12 21:44:30 [INFO]    >> [下载] Progress: 28600/142859
2026-03-12 21:44:30 [INFO]    >> [下载] Progress: 28700/142859
2026-03-12 21:44:30 [INFO]    >> [下载] Progress: 28800/142859
2026-03-12 21:44:30 [INFO]    >> [下载] Progress: 28900/142859
2026-03-12 21:44:30 [INFO]    >> [下载] Progress: 29000/142859
2026-03-12 21:44:30 [INFO]    >> [下载] Progress: 29100/142859
2026-03-12 21:44:30 [INFO]    >> [下载] Progress: 29200/142859
2026-03-12 21:44:30 [INFO]    >> [下载] Progress: 29300/142859
2026-03-12 21:44:30 [INFO]    >> [下载] Progress: 29400/142859
2026-03-12 21:44:31 [INFO]    >> [下载] Progress: 29500/142859
2026-03-12 21:44:31 [INFO]    >> [下载] Progress: 29600/142859
2026-03-12 21:44:31 [INFO]    >> [下载] Progress: 29700/142859
2026-03-12 21:44:31 [INFO]    >> [下载] Progress: 29800/142859
2026-03-12 21:44:31 [INFO]    >> [下载] Progress: 29900/142859
2026-03-12 21:44:31 [INFO]    >> [下载] Progress: 30000/142859
2026-03-12 21:44:31 [INFO]    >> [下载] Progress: 30100/142859
2026-03-12 21:44:31 [INFO]    >> [下载] Progress: 30200/142859
2026-03-12 21:44:31 [INFO]    >> [下载] Progress: 30300/142859
2026-03-12 21:44:31 [INFO]    >> [下载] Progress: 30400/142859
2026-03-12 21:44:31 [INFO]    >> [下载] Progress: 30500/142859
2026-03-12 21:44:31 [INFO]    >> [下载] Progress: 30600/142859
2026-03-12 21:44:31 [INFO]    >> [下载] Progress: 30700/142859
2026-03-12 21:44:31 [INFO]    >> [下载] Progress: 30800/142859
2026-03-12 21:44:31 [INFO]    >> [下载] Progress: 30900/142859
2026-03-12 21:44:31 [INFO]    >> [下载] Progress: 31000/142859
2026-03-12 21:44:31 [INFO]    >> [下载] Progress: 31100/142859
2026-03-12 21:44:31 [INFO]    >> [下载] Progress: 31200/142859
2026-03-12 21:44:31 [INFO]    >> [下载] Progress: 31300/142859
2026-03-12 21:44:31 [INFO]    >> [下载] Progress: 31400/142859
2026-03-12 21:44:31 [INFO]    >> [下载] Progress: 31500/142859
2026-03-12 21:44:31 [INFO]    >> [下载] Progress: 31600/142859
2026-03-12 21:44:31 [INFO]    >> [下载] Progress: 31700/142859
2026-03-12 21:44:31 [INFO]    >> [下载] Progress: 31800/142859
2026-03-12 21:44:31 [INFO]    >> [下载] Progress: 31900/142859
2026-03-12 21:44:31 [INFO]    >> [下载] Progress: 32000/142859
2026-03-12 21:44:31 [INFO]    >> [下载] Progress: 32100/142859
2026-03-12 21:44:31 [INFO]    >> [下载] Progress: 32200/142859
2026-03-12 21:44:31 [INFO]    >> [下载] Progress: 32300/142859
2026-03-12 21:44:31 [INFO]    >> [下载] Progress: 32400/142859
2026-03-12 21:44:31 [INFO]    >> [下载] Progress: 32500/142859
2026-03-12 21:44:31 [INFO]    >> [下载] Progress: 32600/142859
2026-03-12 21:44:31 [INFO]    >> [下载] Progress: 32700/142859
2026-03-12 21:44:31 [INFO]    >> [下载] Progress: 32800/142859
2026-03-12 21:44:31 [INFO]    >> [下载] Progress: 32900/142859
2026-03-12 21:44:31 [INFO]    >> [下载] Progress: 33000/142859
2026-03-12 21:44:31 [INFO]    >> [下载] Progress: 33100/142859
2026-03-12 21:44:31 [INFO]    >> [下载] Progress: 33200/142859
2026-03-12 21:44:31 [INFO]    >> [下载] Progress: 33300/142859
2026-03-12 21:44:31 [INFO]    >> [下载] Progress: 33400/142859
2026-03-12 21:44:31 [INFO]    >> [下载] Progress: 33500/142859
2026-03-12 21:44:31 [INFO]    >> [下载] Progress: 33600/142859
2026-03-12 21:44:31 [INFO]    >> [下载] Progress: 33700/142859
2026-03-12 21:44:31 [INFO]    >> [下载] Progress: 33800/142859
2026-03-12 21:44:31 [INFO]    >> [下载] Progress: 33900/142859
2026-03-12 21:44:31 [INFO]    >> [下载] Progress: 34000/142859
2026-03-12 21:44:31 [INFO]    >> [下载] Progress: 34100/142859
2026-03-12 21:44:31 [INFO]    >> [下载] Progress: 34200/142859
2026-03-12 21:44:31 [INFO]    >> [下载] Progress: 34300/142859
2026-03-12 21:44:31 [INFO]    >> [下载] Progress: 34400/142859
2026-03-12 21:44:31 [INFO]    >> [下载] Progress: 34500/142859
2026-03-12 21:44:31 [INFO]    >> [下载] Progress: 34600/142859
2026-03-12 21:44:31 [INFO]    >> [下载] Progress: 34700/142859
2026-03-12 21:44:31 [INFO]    >> [下载] Progress: 34800/142859
2026-03-12 21:44:31 [INFO]    >> [下载] Progress: 34900/142859
2026-03-12 21:44:31 [INFO]    >> [下载] Progress: 35000/142859
2026-03-12 21:44:31 [INFO]    >> [下载] Progress: 35100/142859
2026-03-12 21:44:31 [INFO]    >> [下载] Progress: 35200/142859
2026-03-12 21:44:31 [INFO]    >> [下载] Progress: 35300/142859
2026-03-12 21:44:31 [INFO]    >> [下载] Progress: 35400/142859
2026-03-12 21:44:31 [INFO]    >> [下载] Progress: 35500/142859
2026-03-12 21:44:31 [INFO]    >> [下载] Progress: 35600/142859
2026-03-12 21:44:31 [INFO]    >> [下载] Progress: 35700/142859
2026-03-12 21:44:31 [INFO]    >> [下载] Progress: 35800/142859
2026-03-12 21:44:31 [INFO]    >> [下载] Progress: 35900/142859
2026-03-12 21:44:31 [INFO]    >> [下载] Progress: 36000/142859
2026-03-12 21:44:31 [INFO]    >> [下载] Progress: 36100/142859
2026-03-12 21:44:31 [INFO]    >> [下载] Progress: 36200/142859
2026-03-12 21:44:31 [INFO]    >> [下载] Progress: 36300/142859
2026-03-12 21:44:31 [INFO]    >> [下载] Progress: 36400/142859
2026-03-12 21:44:31 [INFO]    >> [下载] Progress: 36500/142859
2026-03-12 21:44:31 [INFO]    >> [下载] Progress: 36600/142859
2026-03-12 21:44:31 [INFO]    >> [下载] Progress: 36700/142859
2026-03-12 21:44:31 [INFO]    >> [下载] Progress: 36800/142859
2026-03-12 21:44:31 [INFO]    >> [下载] Progress: 36900/142859
2026-03-12 21:44:31 [INFO]    >> [下载] Progress: 37000/142859
2026-03-12 21:44:31 [INFO]    >> [下载] Progress: 37100/142859
2026-03-12 21:44:31 [INFO]    >> [下载] Progress: 37200/142859
2026-03-12 21:44:31 [INFO]    >> [下载] Progress: 37300/142859
2026-03-12 21:44:31 [INFO]    >> [下载] Progress: 37400/142859
2026-03-12 21:44:31 [INFO]    >> [下载] Progress: 37500/142859
2026-03-12 21:44:31 [INFO]    >> [下载] Progress: 37600/142859
2026-03-12 21:44:31 [INFO]    >> [下载] Progress: 37700/142859
2026-03-12 21:44:31 [INFO]    >> [下载] Progress: 37800/142859
2026-03-12 21:44:31 [INFO]    >> [下载] Progress: 37900/142859
2026-03-12 21:44:31 [INFO]    >> [下载] Progress: 38000/142859
2026-03-12 21:44:31 [INFO]    >> [下载] Progress: 38100/142859
2026-03-12 21:44:31 [INFO]    >> [下载] Progress: 38200/142859
2026-03-12 21:44:31 [INFO]    >> [下载] Progress: 38300/142859
2026-03-12 21:44:31 [INFO]    >> [下载] Progress: 38400/142859
2026-03-12 21:44:31 [INFO]    >> [下载] Progress: 38500/142859
2026-03-12 21:44:31 [INFO]    >> [下载] Progress: 38600/142859
2026-03-12 21:44:31 [INFO]    >> [下载] Progress: 38700/142859
2026-03-12 21:44:31 [INFO]    >> [下载] Progress: 38800/142859
2026-03-12 21:44:31 [INFO]    >> [下载] Progress: 38900/142859
2026-03-12 21:44:31 [INFO]    >> [下载] Progress: 39000/142859
2026-03-12 21:44:31 [INFO]    >> [下载] Progress: 39100/142859
2026-03-12 21:44:31 [INFO]    >> [下载] Progress: 39200/142859
2026-03-12 21:44:31 [INFO]    >> [下载] Progress: 39300/142859
2026-03-12 21:44:31 [INFO]    >> [下载] Progress: 39400/142859
2026-03-12 21:44:31 [INFO]    >> [下载] Progress: 39500/142859
2026-03-12 21:44:31 [INFO]    >> [下载] Progress: 39600/142859
2026-03-12 21:44:31 [INFO]    >> [下载] Progress: 39700/142859
2026-03-12 21:44:31 [INFO]    >> [下载] Progress: 39800/142859
2026-03-12 21:44:31 [INFO]    >> [下载] Progress: 39900/142859
2026-03-12 21:44:31 [INFO]    >> [下载] Progress: 40000/142859
2026-03-12 21:44:31 [INFO]    >> [下载] Progress: 40100/142859
2026-03-12 21:44:31 [INFO]    >> [下载] Progress: 40200/142859
2026-03-12 21:44:31 [INFO]    >> [下载] Progress: 40300/142859
2026-03-12 21:44:31 [INFO]    >> [下载] Progress: 40400/142859
2026-03-12 21:44:31 [INFO]    >> [下载] Progress: 40500/142859
2026-03-12 21:44:31 [INFO]    >> [下载] Progress: 40600/142859
2026-03-12 21:44:31 [INFO]    >> [下载] Progress: 40700/142859
2026-03-12 21:44:31 [INFO]    >> [下载] Progress: 40800/142859
2026-03-12 21:44:31 [INFO]    >> [下载] Progress: 40900/142859
2026-03-12 21:44:31 [INFO]    >> [下载] Progress: 41000/142859
2026-03-12 21:44:31 [INFO]    >> [下载] Progress: 41100/142859
2026-03-12 21:44:31 [INFO]    >> [下载] Progress: 41200/142859
2026-03-12 21:44:31 [INFO]    >> [下载] Progress: 41300/142859
2026-03-12 21:44:31 [INFO]    >> [下载] Progress: 41400/142859
2026-03-12 21:44:31 [INFO]    >> [下载] Progress: 41500/142859
2026-03-12 21:44:31 [INFO]    >> [下载] Progress: 41600/142859
2026-03-12 21:44:31 [INFO]    >> [下载] Progress: 41700/142859
2026-03-12 21:44:31 [INFO]    >> [下载] Progress: 41800/142859
2026-03-12 21:44:31 [INFO]    >> [下载] Progress: 41900/142859
2026-03-12 21:44:31 [INFO]    >> [下载] Progress: 42000/142859
2026-03-12 21:44:31 [INFO]    >> [下载] Progress: 42100/142859
2026-03-12 21:44:31 [INFO]    >> [下载] Progress: 42200/142859
2026-03-12 21:44:31 [INFO]    >> [下载] Progress: 42300/142859
2026-03-12 21:44:31 [INFO]    >> [下载] Progress: 42400/142859
2026-03-12 21:44:31 [INFO]    >> [下载] Progress: 42500/142859
2026-03-12 21:44:31 [INFO]    >> [下载] Progress: 42600/142859
2026-03-12 21:44:31 [INFO]    >> [下载] Progress: 42700/142859
2026-03-12 21:44:31 [INFO]    >> [下载] Progress: 42800/142859
2026-03-12 21:44:31 [INFO]    >> [下载] Progress: 42900/142859
2026-03-12 21:44:31 [INFO]    >> [下载] Progress: 43000/142859
2026-03-12 21:44:31 [INFO]    >> [下载] Progress: 43100/142859
2026-03-12 21:44:31 [INFO]    >> [下载] Progress: 43200/142859
2026-03-12 21:44:31 [INFO]    >> [下载] Progress: 43300/142859
2026-03-12 21:44:31 [INFO]    >> [下载] Progress: 43400/142859
2026-03-12 21:44:31 [INFO]    >> [下载] Progress: 43500/142859
2026-03-12 21:44:31 [INFO]    >> [下载] Progress: 43600/142859
2026-03-12 21:44:31 [INFO]    >> [下载] Progress: 43700/142859
2026-03-12 21:44:31 [INFO]    >> [下载] Progress: 43800/142859
2026-03-12 21:44:31 [INFO]    >> [下载] Progress: 43900/142859
2026-03-12 21:44:31 [INFO]    >> [下载] Progress: 44000/142859
2026-03-12 21:44:31 [INFO]    >> [下载] Progress: 44100/142859
2026-03-12 21:44:31 [INFO]    >> [下载] Progress: 44200/142859
2026-03-12 21:44:31 [INFO]    >> [下载] Progress: 44300/142859
2026-03-12 21:44:31 [INFO]    >> [下载] Progress: 44400/142859
2026-03-12 21:44:31 [INFO]    >> [下载] Progress: 44500/142859
2026-03-12 21:44:31 [INFO]    >> [下载] Progress: 44600/142859
2026-03-12 21:44:31 [INFO]    >> [下载] Progress: 44700/142859
2026-03-12 21:44:31 [INFO]    >> [下载] Progress: 44800/142859
2026-03-12 21:44:31 [INFO]    >> [下载] Progress: 44900/142859
2026-03-12 21:44:31 [INFO]    >> [下载] Progress: 45000/142859
2026-03-12 21:44:31 [INFO]    >> [下载] Progress: 45100/142859
2026-03-12 21:44:31 [INFO]    >> [下载] Progress: 45200/142859
2026-03-12 21:44:31 [INFO]    >> [下载] Progress: 45300/142859
2026-03-12 21:44:31 [INFO]    >> [下载] Progress: 45400/142859
2026-03-12 21:44:31 [INFO]    >> [下载] Progress: 45500/142859
2026-03-12 21:44:32 [INFO]    >> [下载] Progress: 45600/142859
2026-03-12 21:44:32 [INFO]    >> [下载] Progress: 45700/142859
2026-03-12 21:44:32 [INFO]    >> [下载] Progress: 45800/142859
2026-03-12 21:44:32 [INFO]    >> [下载] Progress: 45900/142859
2026-03-12 21:44:32 [INFO]    >> [下载] Progress: 46000/142859
2026-03-12 21:44:32 [INFO]    >> [下载] Progress: 46100/142859
2026-03-12 21:44:32 [INFO]    >> [下载] Progress: 46200/142859
2026-03-12 21:44:32 [INFO]    >> [下载] Progress: 46300/142859
2026-03-12 21:44:32 [INFO]    >> [下载] Progress: 46400/142859
2026-03-12 21:44:32 [INFO]    >> [下载] Progress: 46500/142859
2026-03-12 21:44:32 [INFO]    >> [下载] Progress: 46600/142859
2026-03-12 21:44:32 [INFO]    >> [下载] Progress: 46700/142859
2026-03-12 21:44:32 [INFO]    >> [下载] Progress: 46800/142859
2026-03-12 21:44:32 [INFO]    >> [下载] Progress: 46900/142859
2026-03-12 21:44:32 [INFO]    >> [下载] Progress: 47000/142859
2026-03-12 21:44:32 [INFO]    >> [下载] Progress: 47100/142859
2026-03-12 21:44:32 [INFO]    >> [下载] Progress: 47200/142859
2026-03-12 21:44:32 [INFO]    >> [下载] Progress: 47300/142859
2026-03-12 21:44:32 [INFO]    >> [下载] Progress: 47400/142859
2026-03-12 21:44:32 [INFO]    >> [下载] Progress: 47500/142859
2026-03-12 21:44:32 [INFO]    >> [下载] Progress: 47600/142859
2026-03-12 21:44:32 [INFO]    >> [下载] Progress: 47700/142859
2026-03-12 21:44:32 [INFO]    >> [下载] Progress: 47800/142859
2026-03-12 21:44:32 [INFO]    >> [下载] Progress: 47900/142859
2026-03-12 21:44:32 [INFO]    >> [下载] Progress: 48000/142859
2026-03-12 21:44:32 [INFO]    >> [下载] Progress: 48100/142859
2026-03-12 21:44:32 [INFO]    >> [下载] Progress: 48200/142859
2026-03-12 21:44:32 [INFO]    >> [下载] Progress: 48300/142859
2026-03-12 21:44:32 [INFO]    >> [下载] Progress: 48400/142859
2026-03-12 21:44:32 [INFO]    >> [下载] Progress: 48500/142859
2026-03-12 21:44:32 [INFO]    >> [下载] Progress: 48600/142859
2026-03-12 21:44:32 [INFO]    >> [下载] Progress: 48700/142859
2026-03-12 21:44:32 [INFO]    >> [下载] Progress: 48800/142859
2026-03-12 21:44:32 [INFO]    >> [下载] Progress: 48900/142859
2026-03-12 21:44:32 [INFO]    >> [下载] Progress: 49000/142859
2026-03-12 21:44:32 [INFO]    >> [下载] Progress: 49100/142859
2026-03-12 21:44:32 [INFO]    >> [下载] Progress: 49200/142859
2026-03-12 21:44:32 [INFO]    >> [下载] Progress: 49300/142859
2026-03-12 21:44:32 [INFO]    >> [下载] Progress: 49400/142859
2026-03-12 21:44:32 [INFO]    >> [下载] Progress: 49500/142859
2026-03-12 21:44:32 [INFO]    >> [下载] Progress: 49600/142859
2026-03-12 21:44:32 [INFO]    >> [下载] Progress: 49700/142859
2026-03-12 21:44:32 [INFO]    >> [下载] Progress: 49800/142859
2026-03-12 21:44:32 [INFO]    >> [下载] Progress: 49900/142859
2026-03-12 21:44:32 [INFO]    >> [下载] Progress: 50000/142859
2026-03-12 21:44:32 [INFO]    >> [下载] Progress: 50100/142859
2026-03-12 21:44:32 [INFO]    >> [下载] Progress: 50200/142859
2026-03-12 21:44:32 [INFO]    >> [下载] Progress: 50300/142859
2026-03-12 21:44:32 [INFO]    >> [下载] Progress: 50400/142859
2026-03-12 21:44:32 [INFO]    >> [下载] Progress: 50500/142859
2026-03-12 21:44:32 [INFO]    >> [下载] Progress: 50600/142859
2026-03-12 21:44:32 [INFO]    >> [下载] Progress: 50700/142859
2026-03-12 21:44:32 [INFO]    >> [下载] Progress: 50800/142859
2026-03-12 21:44:32 [INFO]    >> [下载] Progress: 50900/142859
2026-03-12 21:44:32 [INFO]    >> [下载] Progress: 51000/142859
2026-03-12 21:44:32 [INFO]    >> [下载] Progress: 51100/142859
2026-03-12 21:44:32 [INFO]    >> [下载] Progress: 51200/142859
2026-03-12 21:44:32 [INFO]    >> [下载] Progress: 51300/142859
2026-03-12 21:44:32 [INFO]    >> [下载] Progress: 51400/142859
2026-03-12 21:44:32 [INFO]    >> [下载] Progress: 51500/142859
2026-03-12 21:44:32 [INFO]    >> [下载] Progress: 51600/142859
2026-03-12 21:44:32 [INFO]    >> [下载] Progress: 51700/142859
2026-03-12 21:44:32 [INFO]    >> [下载] Progress: 51800/142859
2026-03-12 21:44:32 [INFO]    >> [下载] Progress: 51900/142859
2026-03-12 21:44:32 [INFO]    >> [下载] Progress: 52000/142859
2026-03-12 21:44:32 [INFO]    >> [下载] Progress: 52100/142859
2026-03-12 21:44:32 [INFO]    >> [下载] Progress: 52200/142859
2026-03-12 21:44:32 [INFO]    >> [下载] Progress: 52300/142859
2026-03-12 21:44:32 [INFO]    >> [下载] Progress: 52400/142859
2026-03-12 21:44:32 [INFO]    >> [下载] Progress: 52500/142859
2026-03-12 21:44:32 [INFO]    >> [下载] Progress: 52600/142859
2026-03-12 21:44:32 [INFO]    >> [下载] Progress: 52700/142859
2026-03-12 21:44:32 [INFO]    >> [下载] Progress: 52800/142859
2026-03-12 21:44:32 [INFO]    >> [下载] Progress: 52900/142859
2026-03-12 21:44:32 [INFO]    >> [下载] Progress: 53000/142859
2026-03-12 21:44:32 [INFO]    >> [下载] Progress: 53100/142859
2026-03-12 21:44:32 [INFO]    >> [下载] Progress: 53200/142859
2026-03-12 21:44:32 [INFO]    >> [下载] Progress: 53300/142859
2026-03-12 21:44:32 [INFO]    >> [下载] Progress: 53400/142859
2026-03-12 21:44:32 [INFO]    >> [下载] Progress: 53500/142859
2026-03-12 21:44:32 [INFO]    >> [下载] Progress: 53600/142859
2026-03-12 21:44:32 [INFO]    >> [下载] Progress: 53700/142859
2026-03-12 21:44:32 [INFO]    >> [下载] Progress: 53800/142859
2026-03-12 21:44:32 [INFO]    >> [下载] Progress: 53900/142859
2026-03-12 21:44:32 [INFO]    >> [下载] Progress: 54000/142859
2026-03-12 21:44:32 [INFO]    >> [下载] Progress: 54100/142859
2026-03-12 21:44:32 [INFO]    >> [下载] Progress: 54200/142859
2026-03-12 21:44:32 [INFO]    >> [下载] Progress: 54300/142859
2026-03-12 21:44:32 [INFO]    >> [下载] Progress: 54400/142859
2026-03-12 21:44:32 [INFO]    >> [下载] Progress: 54500/142859
2026-03-12 21:44:32 [INFO]    >> [下载] Progress: 54600/142859
2026-03-12 21:44:32 [INFO]    >> [下载] Progress: 54700/142859
2026-03-12 21:44:32 [INFO]    >> [下载] Progress: 54800/142859
2026-03-12 21:44:32 [INFO]    >> [下载] Progress: 54900/142859
2026-03-12 21:44:32 [INFO]    >> [下载] Progress: 55000/142859
2026-03-12 21:44:32 [INFO]    >> [下载] Progress: 55100/142859
2026-03-12 21:44:32 [INFO]    >> [下载] Progress: 55200/142859
2026-03-12 21:44:32 [INFO]    >> [下载] Progress: 55300/142859
2026-03-12 21:44:32 [INFO]    >> [下载] Progress: 55400/142859
2026-03-12 21:44:32 [INFO]    >> [下载] Progress: 55500/142859
2026-03-12 21:44:32 [INFO]    >> [下载] Progress: 55600/142859
2026-03-12 21:44:32 [INFO]    >> [下载] Progress: 55700/142859
2026-03-12 21:44:32 [INFO]    >> [下载] Progress: 55800/142859
2026-03-12 21:44:32 [INFO]    >> [下载] Progress: 55900/142859
2026-03-12 21:44:32 [INFO]    >> [下载] Progress: 56000/142859
2026-03-12 21:44:32 [INFO]    >> [下载] Progress: 56100/142859
2026-03-12 21:44:32 [INFO]    >> [下载] Progress: 56200/142859
2026-03-12 21:44:32 [INFO]    >> [下载] Progress: 56300/142859
2026-03-12 21:44:32 [INFO]    >> [下载] Progress: 56400/142859
2026-03-12 21:44:32 [INFO]    >> [下载] Progress: 56500/142859
2026-03-12 21:44:32 [INFO]    >> [下载] Progress: 56600/142859
2026-03-12 21:44:32 [INFO]    >> [下载] Progress: 56700/142859
2026-03-12 21:44:32 [INFO]    >> [下载] Progress: 56800/142859
2026-03-12 21:44:32 [INFO]    >> [下载] Progress: 56900/142859
2026-03-12 21:44:32 [INFO]    >> [下载] Progress: 57000/142859
2026-03-12 21:44:32 [INFO]    >> [下载] Progress: 57100/142859
2026-03-12 21:44:32 [INFO]    >> [下载] Progress: 57200/142859
2026-03-12 21:44:32 [INFO]    >> [下载] Progress: 57300/142859
2026-03-12 21:44:32 [INFO]    >> [下载] Progress: 57400/142859
2026-03-12 21:44:32 [INFO]    >> [下载] Progress: 57500/142859
2026-03-12 21:44:32 [INFO]    >> [下载] Progress: 57600/142859
2026-03-12 21:44:32 [INFO]    >> [下载] Progress: 57700/142859
2026-03-12 21:44:32 [INFO]    >> [下载] Progress: 57800/142859
2026-03-12 21:44:32 [INFO]    >> [下载] Progress: 57900/142859
2026-03-12 21:44:32 [INFO]    >> [下载] Progress: 58000/142859
2026-03-12 21:44:32 [INFO]    >> [下载] Progress: 58100/142859
2026-03-12 21:44:32 [INFO]    >> [下载] Progress: 58200/142859
2026-03-12 21:44:32 [INFO]    >> [下载] Progress: 58300/142859
2026-03-12 21:44:32 [INFO]    >> [下载] Progress: 58400/142859
2026-03-12 21:44:32 [INFO]    >> [下载] Progress: 58500/142859
2026-03-12 21:44:32 [INFO]    >> [下载] Progress: 58600/142859
2026-03-12 21:44:32 [INFO]    >> [下载] Progress: 58700/142859
2026-03-12 21:44:32 [INFO]    >> [下载] Progress: 58800/142859
2026-03-12 21:44:32 [INFO]    >> [下载] Progress: 58900/142859
2026-03-12 21:44:32 [INFO]    >> [下载] Progress: 59000/142859
2026-03-12 21:44:32 [INFO]    >> [下载] Progress: 59100/142859
2026-03-12 21:44:32 [INFO]    >> [下载] Progress: 59200/142859
2026-03-12 21:44:32 [INFO]    >> [下载] Progress: 59300/142859
2026-03-12 21:44:32 [INFO]    >> [下载] Progress: 59400/142859
2026-03-12 21:44:32 [INFO]    >> [下载] Progress: 59500/142859
2026-03-12 21:44:32 [INFO]    >> [下载] Progress: 59600/142859
2026-03-12 21:44:32 [INFO]    >> [下载] Progress: 59700/142859
2026-03-12 21:44:32 [INFO]    >> [下载] Progress: 59800/142859
2026-03-12 21:44:32 [INFO]    >> [下载] Progress: 59900/142859
2026-03-12 21:44:32 [INFO]    >> [下载] Progress: 60000/142859
2026-03-12 21:44:33 [INFO]    >> [下载] Progress: 60100/142859
2026-03-12 21:44:33 [INFO]    >> [下载] Progress: 60200/142859
2026-03-12 21:44:33 [INFO]    >> [下载] Progress: 60300/142859
2026-03-12 21:44:33 [INFO]    >> [下载] Progress: 60400/142859
2026-03-12 21:44:33 [INFO]    >> [下载] Progress: 60500/142859
2026-03-12 21:44:33 [INFO]    >> [下载] Progress: 60600/142859
2026-03-12 21:44:33 [INFO]    >> [下载] Progress: 60700/142859
2026-03-12 21:44:33 [INFO]    >> [下载] Progress: 60800/142859
2026-03-12 21:44:33 [INFO]    >> [下载] Progress: 60900/142859
2026-03-12 21:44:33 [INFO]    >> [下载] Progress: 61000/142859
2026-03-12 21:44:33 [INFO]    >> [下载] Progress: 61100/142859
2026-03-12 21:44:33 [INFO]    >> [下载] Progress: 61200/142859
2026-03-12 21:44:33 [INFO]    >> [下载] Progress: 61300/142859
2026-03-12 21:44:33 [INFO]    >> [下载] Progress: 61400/142859
2026-03-12 21:44:33 [INFO]    >> [下载] Progress: 61500/142859
2026-03-12 21:44:33 [INFO]    >> [下载] Progress: 61600/142859
2026-03-12 21:44:33 [INFO]    >> [下载] Progress: 61700/142859
2026-03-12 21:44:33 [INFO]    >> [下载] Progress: 61800/142859
2026-03-12 21:44:33 [INFO]    >> [下载] Progress: 61900/142859
2026-03-12 21:44:33 [INFO]    >> [下载] Progress: 62000/142859
2026-03-12 21:44:33 [INFO]    >> [下载] Progress: 62100/142859
2026-03-12 21:44:33 [INFO]    >> [下载] Progress: 62200/142859
2026-03-12 21:44:33 [INFO]    >> [下载] Progress: 62300/142859
2026-03-12 21:44:33 [INFO]    >> [下载] Progress: 62400/142859
2026-03-12 21:44:33 [INFO]    >> [下载] Progress: 62500/142859
2026-03-12 21:44:33 [INFO]    >> [下载] Progress: 62600/142859
2026-03-12 21:44:33 [INFO]    >> [下载] Progress: 62700/142859
2026-03-12 21:44:33 [INFO]    >> [下载] Progress: 62800/142859
2026-03-12 21:44:33 [INFO]    >> [下载] Progress: 62900/142859
2026-03-12 21:44:33 [INFO]    >> [下载] Progress: 63000/142859
2026-03-12 21:44:33 [INFO]    >> [下载] Progress: 63100/142859
2026-03-12 21:44:33 [INFO]    >> [下载] Progress: 63200/142859
2026-03-12 21:44:33 [INFO]    >> [下载] Progress: 63300/142859
2026-03-12 21:44:33 [INFO]    >> [下载] Progress: 63400/142859
2026-03-12 21:44:33 [INFO]    >> [下载] Progress: 63500/142859
2026-03-12 21:44:33 [INFO]    >> [下载] Progress: 63600/142859
2026-03-12 21:44:33 [INFO]    >> [下载] Progress: 63700/142859
2026-03-12 21:44:33 [INFO]    >> [下载] Progress: 63800/142859
2026-03-12 21:44:33 [INFO]    >> [下载] Progress: 63900/142859
2026-03-12 21:44:33 [INFO]    >> [下载] Progress: 64000/142859
2026-03-12 21:44:33 [INFO]    >> [下载] Progress: 64100/142859
2026-03-12 21:44:33 [INFO]    >> [下载] Progress: 64200/142859
2026-03-12 21:44:33 [INFO]    >> [下载] Progress: 64300/142859
2026-03-12 21:44:33 [INFO]    >> [下载] Progress: 64400/142859
2026-03-12 21:44:33 [INFO]    >> [下载] Progress: 64500/142859
2026-03-12 21:44:33 [INFO]    >> [下载] Progress: 64600/142859
2026-03-12 21:44:33 [INFO]    >> [下载] Progress: 64700/142859
2026-03-12 21:44:33 [INFO]    >> [下载] Progress: 64800/142859
2026-03-12 21:44:33 [INFO]    >> [下载] Progress: 64900/142859
2026-03-12 21:44:33 [INFO]    >> [下载] Progress: 65000/142859
2026-03-12 21:44:33 [INFO]    >> [下载] Progress: 65100/142859
2026-03-12 21:44:33 [INFO]    >> [下载] Progress: 65200/142859
2026-03-12 21:44:33 [INFO]    >> [下载] Progress: 65300/142859
2026-03-12 21:44:33 [INFO]    >> [下载] Progress: 65400/142859
2026-03-12 21:44:33 [INFO]    >> [下载] Progress: 65500/142859
2026-03-12 21:44:33 [INFO]    >> [下载] Progress: 65600/142859
2026-03-12 21:44:33 [INFO]    >> [下载] Progress: 65700/142859
2026-03-12 21:44:33 [INFO]    >> [下载] Progress: 65800/142859
2026-03-12 21:44:33 [INFO]    >> [下载] Progress: 65900/142859
2026-03-12 21:44:33 [INFO]    >> [下载] Progress: 66000/142859
2026-03-12 21:44:33 [INFO]    >> [下载] Progress: 66100/142859
2026-03-12 21:44:33 [INFO]    >> [下载] Progress: 66200/142859
2026-03-12 21:44:33 [INFO]    >> [下载] Progress: 66300/142859
2026-03-12 21:44:33 [INFO]    >> [下载] Progress: 66400/142859
2026-03-12 21:44:33 [INFO]    >> [下载] Progress: 66500/142859
2026-03-12 21:44:33 [INFO]    >> [下载] Progress: 66600/142859
2026-03-12 21:44:33 [INFO]    >> [下载] Progress: 66700/142859
2026-03-12 21:44:33 [INFO]    >> [下载] Progress: 66800/142859
2026-03-12 21:44:33 [INFO]    >> [下载] Progress: 66900/142859
2026-03-12 21:44:33 [INFO]    >> [下载] Progress: 67000/142859
2026-03-12 21:44:33 [INFO]    >> [下载] Progress: 67100/142859
2026-03-12 21:44:33 [INFO]    >> [下载] Progress: 67200/142859
2026-03-12 21:44:33 [INFO]    >> [下载] Progress: 67300/142859
2026-03-12 21:44:33 [INFO]    >> [下载] Progress: 67400/142859
2026-03-12 21:44:33 [INFO]    >> [下载] Progress: 67500/142859
2026-03-12 21:44:33 [INFO]    >> [下载] Progress: 67600/142859
2026-03-12 21:44:33 [INFO]    >> [下载] Progress: 67700/142859
2026-03-12 21:44:33 [INFO]    >> [下载] Progress: 67800/142859
2026-03-12 21:44:33 [INFO]    >> [下载] Progress: 67900/142859
2026-03-12 21:44:33 [INFO]    >> [下载] Progress: 68000/142859
2026-03-12 21:44:33 [INFO]    >> [下载] Progress: 68100/142859
2026-03-12 21:44:33 [INFO]    >> [下载] Progress: 68200/142859
2026-03-12 21:44:33 [INFO]    >> [下载] Progress: 68300/142859
2026-03-12 21:44:33 [INFO]    >> [下载] Progress: 68400/142859
2026-03-12 21:44:33 [INFO]    >> [下载] Progress: 68500/142859
2026-03-12 21:44:33 [INFO]    >> [下载] Progress: 68600/142859
2026-03-12 21:44:33 [INFO]    >> [下载] Progress: 68700/142859
2026-03-12 21:44:33 [INFO]    >> [下载] Progress: 68800/142859
2026-03-12 21:44:33 [INFO]    >> [下载] Progress: 68900/142859
2026-03-12 21:44:33 [INFO]    >> [下载] Progress: 69000/142859
2026-03-12 21:44:33 [INFO]    >> [下载] Progress: 69100/142859
2026-03-12 21:44:33 [INFO]    >> [下载] Progress: 69200/142859
2026-03-12 21:44:33 [INFO]    >> [下载] Progress: 69300/142859
2026-03-12 21:44:33 [INFO]    >> [下载] Progress: 69400/142859
2026-03-12 21:44:33 [INFO]    >> [下载] Progress: 69500/142859
2026-03-12 21:44:33 [INFO]    >> [下载] Progress: 69600/142859
2026-03-12 21:44:33 [INFO]    >> [下载] Progress: 69700/142859
2026-03-12 21:44:33 [INFO]    >> [下载] Progress: 69800/142859
2026-03-12 21:44:33 [INFO]    >> [下载] Progress: 69900/142859
2026-03-12 21:44:33 [INFO]    >> [下载] Progress: 70000/142859
2026-03-12 21:44:33 [INFO]    >> [下载] Progress: 70100/142859
2026-03-12 21:44:33 [INFO]    >> [下载] Progress: 70200/142859
2026-03-12 21:44:33 [INFO]    >> [下载] Progress: 70300/142859
2026-03-12 21:44:33 [INFO]    >> [下载] Progress: 70400/142859
2026-03-12 21:44:33 [INFO]    >> [下载] Progress: 70500/142859
2026-03-12 21:44:33 [INFO]    >> [下载] Progress: 70600/142859
2026-03-12 21:44:33 [INFO]    >> [下载] Progress: 70700/142859
2026-03-12 21:44:33 [INFO]    >> [下载] Progress: 70800/142859
2026-03-12 21:44:33 [INFO]    >> [下载] Progress: 70900/142859
2026-03-12 21:44:33 [INFO]    >> [下载] Progress: 71000/142859
2026-03-12 21:44:33 [INFO]    >> [下载] Progress: 71100/142859
2026-03-12 21:44:33 [INFO]    >> [下载] Progress: 71200/142859
2026-03-12 21:44:33 [INFO]    >> [下载] Progress: 71300/142859
2026-03-12 21:44:33 [INFO]    >> [下载] Progress: 71400/142859
2026-03-12 21:44:33 [INFO]    >> [下载] Progress: 71500/142859
2026-03-12 21:44:33 [INFO]    >> [下载] Progress: 71600/142859
2026-03-12 21:44:33 [INFO]    >> [下载] Progress: 71700/142859
2026-03-12 21:44:33 [INFO]    >> [下载] Progress: 71800/142859
2026-03-12 21:44:33 [INFO]    >> [下载] Progress: 71900/142859
2026-03-12 21:44:33 [INFO]    >> [下载] Progress: 72000/142859
2026-03-12 21:44:33 [INFO]    >> [下载] Progress: 72100/142859
2026-03-12 21:44:33 [INFO]    >> [下载] Progress: 72200/142859
2026-03-12 21:44:33 [INFO]    >> [下载] Progress: 72300/142859
2026-03-12 21:44:33 [INFO]    >> [下载] Progress: 72400/142859
2026-03-12 21:44:33 [INFO]    >> [下载] Progress: 72500/142859
2026-03-12 21:44:33 [INFO]    >> [下载] Progress: 72600/142859
2026-03-12 21:44:33 [INFO]    >> [下载] Progress: 72700/142859
2026-03-12 21:44:33 [INFO]    >> [下载] Progress: 72800/142859
2026-03-12 21:44:33 [INFO]    >> [下载] Progress: 72900/142859
2026-03-12 21:44:33 [INFO]    >> [下载] Progress: 73000/142859
2026-03-12 21:44:33 [INFO]    >> [下载] Progress: 73100/142859
2026-03-12 21:44:33 [INFO]    >> [下载] Progress: 73200/142859
2026-03-12 21:44:33 [INFO]    >> [下载] Progress: 73300/142859
2026-03-12 21:44:33 [INFO]    >> [下载] Progress: 73400/142859
2026-03-12 21:44:33 [INFO]    >> [下载] Progress: 73500/142859
2026-03-12 21:44:33 [INFO]    >> [下载] Progress: 73600/142859
2026-03-12 21:44:33 [INFO]    >> [下载] Progress: 73700/142859
2026-03-12 21:44:33 [INFO]    >> [下载] Progress: 73800/142859
2026-03-12 21:44:33 [INFO]    >> [下载] Progress: 73900/142859
2026-03-12 21:44:33 [INFO]    >> [下载] Progress: 74000/142859
2026-03-12 21:44:33 [INFO]    >> [下载] Progress: 74100/142859
2026-03-12 21:44:34 [INFO]    >> [下载] Progress: 74200/142859
2026-03-12 21:44:34 [INFO]    >> [下载] Progress: 74300/142859
2026-03-12 21:44:34 [INFO]    >> [下载] Progress: 74400/142859
2026-03-12 21:44:34 [INFO]    >> [下载] Progress: 74500/142859
2026-03-12 21:44:34 [INFO]    >> [下载] Progress: 74600/142859
2026-03-12 21:44:34 [INFO]    >> [下载] Progress: 74700/142859
2026-03-12 21:44:34 [INFO]    >> [下载] Progress: 74800/142859
2026-03-12 21:44:34 [INFO]    >> [下载] Progress: 74900/142859
2026-03-12 21:44:34 [INFO]    >> [下载] Progress: 75000/142859
2026-03-12 21:44:34 [INFO]    >> [下载] Progress: 75100/142859
2026-03-12 21:44:34 [INFO]    >> [下载] Progress: 75200/142859
2026-03-12 21:44:34 [INFO]    >> [下载] Progress: 75300/142859
2026-03-12 21:44:34 [INFO]    >> [下载] Progress: 75400/142859
2026-03-12 21:44:34 [INFO]    >> [下载] Progress: 75500/142859
2026-03-12 21:44:34 [INFO]    >> [下载] Progress: 75600/142859
2026-03-12 21:44:34 [INFO]    >> [下载] Progress: 75700/142859
2026-03-12 21:44:34 [INFO]    >> [下载] Progress: 75800/142859
2026-03-12 21:44:34 [INFO]    >> [下载] Progress: 75900/142859
2026-03-12 21:44:34 [INFO]    >> [下载] Progress: 76000/142859
2026-03-12 21:44:34 [INFO]    >> [下载] Progress: 76100/142859
2026-03-12 21:44:34 [INFO]    >> [下载] Progress: 76200/142859
2026-03-12 21:44:34 [INFO]    >> [下载] Progress: 76300/142859
2026-03-12 21:44:34 [INFO]    >> [下载] Progress: 76400/142859
2026-03-12 21:44:34 [INFO]    >> [下载] Progress: 76500/142859
2026-03-12 21:44:34 [INFO]    >> [下载] Progress: 76600/142859
2026-03-12 21:44:34 [INFO]    >> [下载] Progress: 76700/142859
2026-03-12 21:44:34 [INFO]    >> [下载] Progress: 76800/142859
2026-03-12 21:44:34 [INFO]    >> [下载] Progress: 76900/142859
2026-03-12 21:44:34 [INFO]    >> [下载] Progress: 77000/142859
2026-03-12 21:44:34 [INFO]    >> [下载] Progress: 77100/142859
2026-03-12 21:44:34 [INFO]    >> [下载] Progress: 77200/142859
2026-03-12 21:44:34 [INFO]    >> [下载] Progress: 77300/142859
2026-03-12 21:44:34 [INFO]    >> [下载] Progress: 77400/142859
2026-03-12 21:44:34 [INFO]    >> [下载] Progress: 77500/142859
2026-03-12 21:44:34 [INFO]    >> [下载] Progress: 77600/142859
2026-03-12 21:44:34 [INFO]    >> [下载] Progress: 77700/142859
2026-03-12 21:44:34 [INFO]    >> [下载] Progress: 77800/142859
2026-03-12 21:44:34 [INFO]    >> [下载] Progress: 77900/142859
2026-03-12 21:44:34 [INFO]    >> [下载] Progress: 78000/142859
2026-03-12 21:44:34 [INFO]    >> [下载] Progress: 78100/142859
2026-03-12 21:44:34 [INFO]    >> [下载] Progress: 78200/142859
2026-03-12 21:44:34 [INFO]    >> [下载] Progress: 78300/142859
2026-03-12 21:44:34 [INFO]    >> [下载] Progress: 78400/142859
2026-03-12 21:44:34 [INFO]    >> [下载] Progress: 78500/142859
2026-03-12 21:44:34 [INFO]    >> [下载] Progress: 78600/142859
2026-03-12 21:44:34 [INFO]    >> [下载] Progress: 78700/142859
2026-03-12 21:44:34 [INFO]    >> [下载] Progress: 78800/142859
2026-03-12 21:44:34 [INFO]    >> [下载] Progress: 78900/142859
2026-03-12 21:44:34 [INFO]    >> [下载] Progress: 79000/142859
2026-03-12 21:44:34 [INFO]    >> [下载] Progress: 79100/142859
2026-03-12 21:44:34 [INFO]    >> [下载] Progress: 79200/142859
2026-03-12 21:44:34 [INFO]    >> [下载] Progress: 79300/142859
2026-03-12 21:44:34 [INFO]    >> [下载] Progress: 79400/142859
2026-03-12 21:44:34 [INFO]    >> [下载] Progress: 79500/142859
2026-03-12 21:44:34 [INFO]    >> [下载] Progress: 79600/142859
2026-03-12 21:44:34 [INFO]    >> [下载] Progress: 79700/142859
2026-03-12 21:44:34 [INFO]    >> [下载] Progress: 79800/142859
2026-03-12 21:44:34 [INFO]    >> [下载] Progress: 79900/142859
2026-03-12 21:44:34 [INFO]    >> [下载] Progress: 80000/142859
2026-03-12 21:44:34 [INFO]    >> [下载] Progress: 80100/142859
2026-03-12 21:44:34 [INFO]    >> [下载] Progress: 80200/142859
2026-03-12 21:44:34 [INFO]    >> [下载] Progress: 80300/142859
2026-03-12 21:44:34 [INFO]    >> [下载] Progress: 80400/142859
2026-03-12 21:44:34 [INFO]    >> [下载] Progress: 80500/142859
2026-03-12 21:44:34 [INFO]    >> [下载] Progress: 80600/142859
2026-03-12 21:44:34 [INFO]    >> [下载] Progress: 80700/142859
2026-03-12 21:44:34 [INFO]    >> [下载] Progress: 80800/142859
2026-03-12 21:44:34 [INFO]    >> [下载] Progress: 80900/142859
2026-03-12 21:44:34 [INFO]    >> [下载] Progress: 81000/142859
2026-03-12 21:44:34 [INFO]    >> [下载] Progress: 81100/142859
2026-03-12 21:44:34 [INFO]    >> [下载] Progress: 81200/142859
2026-03-12 21:44:34 [INFO]    >> [下载] Progress: 81300/142859
2026-03-12 21:44:34 [INFO]    >> [下载] Progress: 81400/142859
2026-03-12 21:44:34 [INFO]    >> [下载] Progress: 81500/142859
2026-03-12 21:44:34 [INFO]    >> [下载] Progress: 81600/142859
2026-03-12 21:44:34 [INFO]    >> [下载] Progress: 81700/142859
2026-03-12 21:44:34 [INFO]    >> [下载] Progress: 81800/142859
2026-03-12 21:44:34 [INFO]    >> [下载] Progress: 81900/142859
2026-03-12 21:44:34 [INFO]    >> [下载] Progress: 82000/142859
2026-03-12 21:44:34 [INFO]    >> [下载] Progress: 82100/142859
2026-03-12 21:44:34 [INFO]    >> [下载] Progress: 82200/142859
2026-03-12 21:44:34 [INFO]    >> [下载] Progress: 82300/142859
2026-03-12 21:44:34 [INFO]    >> [下载] Progress: 82400/142859
2026-03-12 21:44:34 [INFO]    >> [下载] Progress: 82500/142859
2026-03-12 21:44:34 [INFO]    >> [下载] Progress: 82600/142859
2026-03-12 21:44:34 [INFO]    >> [下载] Progress: 82700/142859
2026-03-12 21:44:34 [INFO]    >> [下载] Progress: 82800/142859
2026-03-12 21:44:34 [INFO]    >> [下载] Progress: 82900/142859
2026-03-12 21:44:34 [INFO]    >> [下载] Progress: 83000/142859
2026-03-12 21:44:34 [INFO]    >> [下载] Progress: 83100/142859
2026-03-12 21:44:34 [INFO]    >> [下载] Progress: 83200/142859
2026-03-12 21:44:34 [INFO]    >> [下载] Progress: 83300/142859
2026-03-12 21:44:34 [INFO]    >> [下载] Progress: 83400/142859
2026-03-12 21:44:34 [INFO]    >> [下载] Progress: 83500/142859
2026-03-12 21:44:34 [INFO]    >> [下载] Progress: 83600/142859
2026-03-12 21:44:34 [INFO]    >> [下载] Progress: 83700/142859
2026-03-12 21:44:34 [INFO]    >> [下载] Progress: 83800/142859
2026-03-12 21:44:34 [INFO]    >> [下载] Progress: 83900/142859
2026-03-12 21:44:34 [INFO]    >> [下载] Progress: 84000/142859
2026-03-12 21:44:34 [INFO]    >> [下载] Progress: 84100/142859
2026-03-12 21:44:34 [INFO]    >> [下载] Progress: 84200/142859
2026-03-12 21:44:34 [INFO]    >> [下载] Progress: 84300/142859
2026-03-12 21:44:34 [INFO]    >> [下载] Progress: 84400/142859
2026-03-12 21:44:34 [INFO]    >> [下载] Progress: 84500/142859
2026-03-12 21:44:34 [INFO]    >> [下载] Progress: 84600/142859
2026-03-12 21:44:34 [INFO]    >> [下载] Progress: 84700/142859
2026-03-12 21:44:34 [INFO]    >> [下载] Progress: 84800/142859
2026-03-12 21:44:34 [INFO]    >> [下载] Progress: 84900/142859
2026-03-12 21:44:34 [INFO]    >> [下载] Progress: 85000/142859
2026-03-12 21:44:34 [INFO]    >> [下载] Progress: 85100/142859
2026-03-12 21:44:34 [INFO]    >> [下载] Progress: 85200/142859
2026-03-12 21:44:34 [INFO]    >> [下载] Progress: 85300/142859
2026-03-12 21:44:34 [INFO]    >> [下载] Progress: 85400/142859
2026-03-12 21:44:34 [INFO]    >> [下载] Progress: 85500/142859
2026-03-12 21:44:34 [INFO]    >> [下载] Progress: 85600/142859
2026-03-12 21:44:34 [INFO]    >> [下载] Progress: 85700/142859
2026-03-12 21:44:34 [INFO]    >> [下载] Progress: 85800/142859
2026-03-12 21:44:34 [INFO]    >> [下载] Progress: 85900/142859
2026-03-12 21:44:34 [INFO]    >> [下载] Progress: 86000/142859
2026-03-12 21:44:34 [INFO]    >> [下载] Progress: 86100/142859
2026-03-12 21:44:34 [INFO]    >> [下载] Progress: 86200/142859
2026-03-12 21:44:34 [INFO]    >> [下载] Progress: 86300/142859
2026-03-12 21:44:34 [INFO]    >> [下载] Progress: 86400/142859
2026-03-12 21:44:34 [INFO]    >> [下载] Progress: 86500/142859
2026-03-12 21:44:34 [INFO]    >> [下载] Progress: 86600/142859
2026-03-12 21:44:34 [INFO]    >> [下载] Progress: 86700/142859
2026-03-12 21:44:34 [INFO]    >> [下载] Progress: 86800/142859
2026-03-12 21:44:34 [INFO]    >> [下载] Progress: 86900/142859
2026-03-12 21:44:34 [INFO]    >> [下载] Progress: 87000/142859
2026-03-12 21:44:34 [INFO]    >> [下载] Progress: 87100/142859
2026-03-12 21:44:34 [INFO]    >> [下载] Progress: 87200/142859
2026-03-12 21:44:34 [INFO]    >> [下载] Progress: 87300/142859
2026-03-12 21:44:34 [INFO]    >> [下载] Progress: 87400/142859
2026-03-12 21:44:34 [INFO]    >> [下载] Progress: 87500/142859
2026-03-12 21:44:34 [INFO]    >> [下载] Progress: 87600/142859
2026-03-12 21:44:34 [INFO]    >> [下载] Progress: 87700/142859
2026-03-12 21:44:34 [INFO]    >> [下载] Progress: 87800/142859
2026-03-12 21:44:34 [INFO]    >> [下载] Progress: 87900/142859
2026-03-12 21:44:34 [INFO]    >> [下载] Progress: 88000/142859
2026-03-12 21:44:34 [INFO]    >> [下载] Progress: 88100/142859
2026-03-12 21:44:34 [INFO]    >> [下载] Progress: 88200/142859
2026-03-12 21:44:34 [INFO]    >> [下载] Progress: 88300/142859
2026-03-12 21:44:34 [INFO]    >> [下载] Progress: 88400/142859
2026-03-12 21:44:34 [INFO]    >> [下载] Progress: 88500/142859
2026-03-12 21:44:34 [INFO]    >> [下载] Progress: 88600/142859
2026-03-12 21:44:34 [INFO]    >> [下载] Progress: 88700/142859
2026-03-12 21:44:34 [INFO]    >> [下载] Progress: 88800/142859
2026-03-12 21:44:34 [INFO]    >> [下载] Progress: 88900/142859
2026-03-12 21:44:34 [INFO]    >> [下载] Progress: 89000/142859
2026-03-12 21:44:34 [INFO]    >> [下载] Progress: 89100/142859
2026-03-12 21:44:35 [INFO]    >> [下载] Progress: 89200/142859
2026-03-12 21:44:35 [INFO]    >> [下载] Progress: 89300/142859
2026-03-12 21:44:35 [INFO]    >> [下载] Progress: 89400/142859
2026-03-12 21:44:35 [INFO]    >> [下载] Progress: 89500/142859
2026-03-12 21:44:35 [INFO]    >> [下载] Progress: 89600/142859
2026-03-12 21:44:35 [INFO]    >> [下载] Progress: 89700/142859
2026-03-12 21:44:35 [INFO]    >> [下载] Progress: 89800/142859
2026-03-12 21:44:35 [INFO]    >> [下载] Progress: 89900/142859
2026-03-12 21:44:35 [INFO]    >> [下载] Progress: 90000/142859
2026-03-12 21:44:35 [INFO]    >> [下载] Progress: 90100/142859
2026-03-12 21:44:35 [INFO]    >> [下载] Progress: 90200/142859
2026-03-12 21:44:35 [INFO]    >> [下载] Progress: 90300/142859
2026-03-12 21:44:35 [INFO]    >> [下载] Progress: 90400/142859
2026-03-12 21:44:35 [INFO]    >> [下载] Progress: 90500/142859
2026-03-12 21:44:35 [INFO]    >> [下载] Progress: 90600/142859
2026-03-12 21:44:35 [INFO]    >> [下载] Progress: 90700/142859
2026-03-12 21:44:35 [INFO]    >> [下载] Progress: 90800/142859
2026-03-12 21:44:35 [INFO]    >> [下载] Progress: 90900/142859
2026-03-12 21:44:35 [INFO]    >> [下载] Progress: 91000/142859
2026-03-12 21:44:35 [INFO]    >> [下载] Progress: 91100/142859
2026-03-12 21:44:35 [INFO]    >> [下载] Progress: 91200/142859
2026-03-12 21:44:35 [INFO]    >> [下载] Progress: 91300/142859
2026-03-12 21:44:35 [INFO]    >> [下载] Progress: 91400/142859
2026-03-12 21:44:35 [INFO]    >> [下载] Progress: 91500/142859
2026-03-12 21:44:35 [INFO]    >> [下载] Progress: 91600/142859
2026-03-12 21:44:35 [INFO]    >> [下载] Progress: 91700/142859
2026-03-12 21:44:35 [INFO]    >> [下载] Progress: 91800/142859
2026-03-12 21:44:35 [INFO]    >> [下载] Progress: 91900/142859
2026-03-12 21:44:35 [INFO]    >> [下载] Progress: 92000/142859
2026-03-12 21:44:35 [INFO]    >> [下载] Progress: 92100/142859
2026-03-12 21:44:35 [INFO]    >> [下载] Progress: 92200/142859
2026-03-12 21:44:35 [INFO]    >> [下载] Progress: 92300/142859
2026-03-12 21:44:35 [INFO]    >> [下载] Progress: 92400/142859
2026-03-12 21:44:35 [INFO]    >> [下载] Progress: 92500/142859
2026-03-12 21:44:35 [INFO]    >> [下载] Progress: 92600/142859
2026-03-12 21:44:35 [INFO]    >> [下载] Progress: 92700/142859
2026-03-12 21:44:35 [INFO]    >> [下载] Progress: 92800/142859
2026-03-12 21:44:35 [INFO]    >> [下载] Progress: 92900/142859
2026-03-12 21:44:35 [INFO]    >> [下载] Progress: 93000/142859
2026-03-12 21:44:35 [INFO]    >> [下载] Progress: 93100/142859
2026-03-12 21:44:35 [INFO]    >> [下载] Progress: 93200/142859
2026-03-12 21:44:35 [INFO]    >> [下载] Progress: 93300/142859
2026-03-12 21:44:35 [INFO]    >> [下载] Progress: 93400/142859
2026-03-12 21:44:35 [INFO]    >> [下载] Progress: 93500/142859
2026-03-12 21:44:35 [INFO]    >> [下载] Progress: 93600/142859
2026-03-12 21:44:35 [INFO]    >> [下载] Progress: 93700/142859
2026-03-12 21:44:35 [INFO]    >> [下载] Progress: 93800/142859
2026-03-12 21:44:35 [INFO]    >> [下载] Progress: 93900/142859
2026-03-12 21:44:35 [INFO]    >> [下载] Progress: 94000/142859
2026-03-12 21:44:35 [INFO]    >> [下载] Progress: 94100/142859
2026-03-12 21:44:35 [INFO]    >> [下载] Progress: 94200/142859
2026-03-12 21:44:35 [INFO]    >> [下载] Progress: 94300/142859
2026-03-12 21:44:35 [INFO]    >> [下载] Progress: 94400/142859
2026-03-12 21:44:35 [INFO]    >> [下载] Progress: 94500/142859
2026-03-12 21:44:35 [INFO]    >> [下载] Progress: 94600/142859
2026-03-12 21:44:35 [INFO]    >> [下载] Progress: 94700/142859
2026-03-12 21:44:35 [INFO]    >> [下载] Progress: 94800/142859
2026-03-12 21:44:35 [INFO]    >> [下载] Progress: 94900/142859
2026-03-12 21:44:35 [INFO]    >> [下载] Progress: 95000/142859
2026-03-12 21:44:35 [INFO]    >> [下载] Progress: 95100/142859
2026-03-12 21:44:35 [INFO]    >> [下载] Progress: 95200/142859
2026-03-12 21:44:35 [INFO]    >> [下载] Progress: 95300/142859
2026-03-12 21:44:35 [INFO]    >> [下载] Progress: 95400/142859
2026-03-12 21:44:35 [INFO]    >> [下载] Progress: 95500/142859
2026-03-12 21:44:35 [INFO]    >> [下载] Progress: 95600/142859
2026-03-12 21:44:35 [INFO]    >> [下载] Progress: 95700/142859
2026-03-12 21:44:35 [INFO]    >> [下载] Progress: 95800/142859
2026-03-12 21:44:35 [INFO]    >> [下载] Progress: 95900/142859
2026-03-12 21:44:35 [INFO]    >> [下载] Progress: 96000/142859
2026-03-12 21:44:35 [INFO]    >> [下载] Progress: 96100/142859
2026-03-12 21:44:35 [INFO]    >> [下载] Progress: 96200/142859
2026-03-12 21:44:35 [INFO]    >> [下载] Progress: 96300/142859
2026-03-12 21:44:35 [INFO]    >> [下载] Progress: 96400/142859
2026-03-12 21:44:35 [INFO]    >> [下载] Progress: 96500/142859
2026-03-12 21:44:35 [INFO]    >> [下载] Progress: 96600/142859
2026-03-12 21:44:35 [INFO]    >> [下载] Progress: 96700/142859
2026-03-12 21:44:35 [INFO]    >> [下载] Progress: 96800/142859
2026-03-12 21:44:35 [INFO]    >> [下载] Progress: 96900/142859
2026-03-12 21:44:35 [INFO]    >> [下载] Progress: 97000/142859
2026-03-12 21:44:35 [INFO]    >> [下载] Progress: 97100/142859
2026-03-12 21:44:35 [INFO]    >> [下载] Progress: 97200/142859
2026-03-12 21:44:35 [INFO]    >> [下载] Progress: 97300/142859
2026-03-12 21:44:35 [INFO]    >> [下载] Progress: 97400/142859
2026-03-12 21:44:35 [INFO]    >> [下载] Progress: 97500/142859
2026-03-12 21:44:35 [INFO]    >> [下载] Progress: 97600/142859
2026-03-12 21:44:35 [INFO]    >> [下载] Progress: 97700/142859
2026-03-12 21:44:35 [INFO]    >> [下载] Progress: 97800/142859
2026-03-12 21:44:35 [INFO]    >> [下载] Progress: 97900/142859
2026-03-12 21:44:35 [INFO]    >> [下载] Progress: 98000/142859
2026-03-12 21:44:35 [INFO]    >> [下载] Progress: 98100/142859
2026-03-12 21:44:35 [INFO]    >> [下载] Progress: 98200/142859
2026-03-12 21:44:35 [INFO]    >> [下载] Progress: 98300/142859
2026-03-12 21:44:35 [INFO]    >> [下载] Progress: 98400/142859
2026-03-12 21:44:35 [INFO]    >> [下载] Progress: 98500/142859
2026-03-12 21:44:35 [INFO]    >> [下载] Progress: 98600/142859
2026-03-12 21:44:35 [INFO]    >> [下载] Progress: 98700/142859
2026-03-12 21:44:35 [INFO]    >> [下载] Progress: 98800/142859
2026-03-12 21:44:35 [INFO]    >> [下载] Progress: 98900/142859
2026-03-12 21:44:35 [INFO]    >> [下载] Progress: 99000/142859
2026-03-12 21:44:35 [INFO]    >> [下载] Progress: 99100/142859
2026-03-12 21:44:35 [INFO]    >> [下载] Progress: 99200/142859
2026-03-12 21:44:35 [INFO]    >> [下载] Progress: 99300/142859
2026-03-12 21:44:35 [INFO]    >> [下载] Progress: 99400/142859
2026-03-12 21:44:35 [INFO]    >> [下载] Progress: 99500/142859
2026-03-12 21:44:35 [INFO]    >> [下载] Progress: 99600/142859
2026-03-12 21:44:35 [INFO]    >> [下载] Progress: 99700/142859
2026-03-12 21:44:35 [INFO]    >> [下载] Progress: 99800/142859
2026-03-12 21:44:35 [INFO]    >> [下载] Progress: 99900/142859
2026-03-12 21:44:35 [INFO]    >> [下载] Progress: 100000/142859
2026-03-12 21:44:35 [INFO]    >> [下载] Progress: 100100/142859
2026-03-12 21:44:35 [INFO]    >> [下载] Progress: 100200/142859
2026-03-12 21:44:35 [INFO]    >> [下载] Progress: 100300/142859
2026-03-12 21:44:35 [INFO]    >> [下载] Progress: 100400/142859
2026-03-12 21:44:35 [INFO]    >> [下载] Progress: 100500/142859
2026-03-12 21:44:35 [INFO]    >> [下载] Progress: 100600/142859
2026-03-12 21:44:35 [INFO]    >> [下载] Progress: 100700/142859
2026-03-12 21:44:35 [INFO]    >> [下载] Progress: 100800/142859
2026-03-12 21:44:35 [INFO]    >> [下载] Progress: 100900/142859
2026-03-12 21:44:35 [INFO]    >> [下载] Progress: 101000/142859
2026-03-12 21:44:35 [INFO]    >> [下载] Progress: 101100/142859
2026-03-12 21:44:35 [INFO]    >> [下载] Progress: 101200/142859
2026-03-12 21:44:35 [INFO]    >> [下载] Progress: 101300/142859
2026-03-12 21:44:35 [INFO]    >> [下载] Progress: 101400/142859
2026-03-12 21:44:35 [INFO]    >> [下载] Progress: 101500/142859
2026-03-12 21:44:35 [INFO]    >> [下载] Progress: 101600/142859
2026-03-12 21:44:35 [INFO]    >> [下载] Progress: 101700/142859
2026-03-12 21:44:35 [INFO]    >> [下载] Progress: 101800/142859
2026-03-12 21:44:35 [INFO]    >> [下载] Progress: 101900/142859
2026-03-12 21:44:35 [INFO]    >> [下载] Progress: 102000/142859
2026-03-12 21:44:35 [INFO]    >> [下载] Progress: 102100/142859
2026-03-12 21:44:35 [INFO]    >> [下载] Progress: 102200/142859
2026-03-12 21:44:35 [INFO]    >> [下载] Progress: 102300/142859
2026-03-12 21:44:35 [INFO]    >> [下载] Progress: 102400/142859
2026-03-12 21:44:35 [INFO]    >> [下载] Progress: 102500/142859
2026-03-12 21:44:35 [INFO]    >> [下载] Progress: 102600/142859
2026-03-12 21:44:35 [INFO]    >> [下载] Progress: 102700/142859
2026-03-12 21:44:35 [INFO]    >> [下载] Progress: 102800/142859
2026-03-12 21:44:35 [INFO]    >> [下载] Progress: 102900/142859
2026-03-12 21:44:35 [INFO]    >> [下载] Progress: 103000/142859
2026-03-12 21:44:35 [INFO]    >> [下载] Progress: 103100/142859
2026-03-12 21:44:35 [INFO]    >> [下载] Progress: 103200/142859
2026-03-12 21:44:35 [INFO]    >> [下载] Progress: 103300/142859
2026-03-12 21:44:35 [INFO]    >> [下载] Progress: 103400/142859
2026-03-12 21:44:35 [INFO]    >> [下载] Progress: 103500/142859
2026-03-12 21:44:35 [INFO]    >> [下载] Progress: 103600/142859
2026-03-12 21:44:35 [INFO]    >> [下载] Progress: 103700/142859
2026-03-12 21:44:35 [INFO]    >> [下载] Progress: 103800/142859
2026-03-12 21:44:35 [INFO]    >> [下载] Progress: 103900/142859
2026-03-12 21:44:35 [INFO]    >> [下载] Progress: 104000/142859
2026-03-12 21:44:35 [INFO]    >> [下载] Progress: 104100/142859
2026-03-12 21:44:35 [INFO]    >> [下载] Progress: 104200/142859
2026-03-12 21:44:35 [INFO]    >> [下载] Progress: 104300/142859
2026-03-12 21:44:35 [INFO]    >> [下载] Progress: 104400/142859
2026-03-12 21:44:35 [INFO]    >> [下载] Progress: 104500/142859
2026-03-12 21:44:35 [INFO]    >> [下载] Progress: 104600/142859
2026-03-12 21:44:36 [INFO]    >> [下载] Progress: 104700/142859
2026-03-12 21:44:36 [INFO]    >> [下载] Progress: 104800/142859
2026-03-12 21:44:36 [INFO]    >> [下载] Progress: 104900/142859
2026-03-12 21:44:36 [INFO]    >> [下载] Progress: 105000/142859
2026-03-12 21:44:36 [INFO]    >> [下载] Progress: 105100/142859
2026-03-12 21:44:36 [INFO]    >> [下载] Progress: 105200/142859
2026-03-12 21:44:36 [INFO]    >> [下载] Progress: 105300/142859
2026-03-12 21:44:36 [INFO]    >> [下载] Progress: 105400/142859
2026-03-12 21:44:36 [INFO]    >> [下载] Progress: 105500/142859
2026-03-12 21:44:36 [INFO]    >> [下载] Progress: 105600/142859
2026-03-12 21:44:36 [INFO]    >> [下载] Progress: 105700/142859
2026-03-12 21:44:36 [INFO]    >> [下载] Progress: 105800/142859
2026-03-12 21:44:36 [INFO]    >> [下载] Progress: 105900/142859
2026-03-12 21:44:36 [INFO]    >> [下载] Progress: 106000/142859
2026-03-12 21:44:36 [INFO]    >> [下载] Progress: 106100/142859
2026-03-12 21:44:36 [INFO]    >> [下载] Progress: 106200/142859
2026-03-12 21:44:36 [INFO]    >> [下载] Progress: 106300/142859
2026-03-12 21:44:36 [INFO]    >> [下载] Progress: 106400/142859
2026-03-12 21:44:36 [INFO]    >> [下载] Progress: 106500/142859
2026-03-12 21:44:36 [INFO]    >> [下载] Progress: 106600/142859
2026-03-12 21:44:36 [INFO]    >> [下载] Progress: 106700/142859
2026-03-12 21:44:36 [INFO]    >> [下载] Progress: 106800/142859
2026-03-12 21:44:36 [INFO]    >> [下载] Progress: 106900/142859
2026-03-12 21:44:36 [INFO]    >> [下载] Progress: 107000/142859
2026-03-12 21:44:36 [INFO]    >> [下载] Progress: 107100/142859
2026-03-12 21:44:36 [INFO]    >> [下载] Progress: 107200/142859
2026-03-12 21:44:36 [INFO]    >> [下载] Progress: 107300/142859
2026-03-12 21:44:36 [INFO]    >> [下载] Progress: 107400/142859
2026-03-12 21:44:36 [INFO]    >> [下载] Progress: 107500/142859
2026-03-12 21:44:36 [INFO]    >> [下载] Progress: 107600/142859
2026-03-12 21:44:36 [INFO]    >> [下载] Progress: 107700/142859
2026-03-12 21:44:36 [INFO]    >> [下载] Progress: 107800/142859
2026-03-12 21:44:36 [INFO]    >> [下载] Progress: 107900/142859
2026-03-12 21:44:36 [INFO]    >> [下载] Progress: 108000/142859
2026-03-12 21:44:36 [INFO]    >> [下载] Progress: 108100/142859
2026-03-12 21:44:36 [INFO]    >> [下载] Progress: 108200/142859
2026-03-12 21:44:36 [INFO]    >> [下载] Progress: 108300/142859
2026-03-12 21:44:36 [INFO]    >> [下载] Progress: 108400/142859
2026-03-12 21:44:36 [INFO]    >> [下载] Progress: 108500/142859
2026-03-12 21:44:36 [INFO]    >> [下载] Progress: 108600/142859
2026-03-12 21:44:36 [INFO]    >> [下载] Progress: 108700/142859
2026-03-12 21:44:36 [INFO]    >> [下载] Progress: 108800/142859
2026-03-12 21:44:36 [INFO]    >> [下载] Progress: 108900/142859
2026-03-12 21:44:36 [INFO]    >> [下载] Progress: 109000/142859
2026-03-12 21:44:36 [INFO]    >> [下载] Progress: 109100/142859
2026-03-12 21:44:36 [INFO]    >> [下载] Progress: 109200/142859
2026-03-12 21:44:36 [INFO]    >> [下载] Progress: 109300/142859
2026-03-12 21:44:36 [INFO]    >> [下载] Progress: 109400/142859
2026-03-12 21:44:36 [INFO]    >> [下载] Progress: 109500/142859
2026-03-12 21:44:36 [INFO]    >> [下载] Progress: 109600/142859
2026-03-12 21:44:36 [INFO]    >> [下载] Progress: 109700/142859
2026-03-12 21:44:36 [INFO]    >> [下载] Progress: 109800/142859
2026-03-12 21:44:36 [INFO]    >> [下载] Progress: 109900/142859
2026-03-12 21:44:36 [INFO]    >> [下载] Progress: 110000/142859
2026-03-12 21:44:36 [INFO]    >> [下载] Progress: 110100/142859
2026-03-12 21:44:36 [INFO]    >> [下载] Progress: 110200/142859
2026-03-12 21:44:36 [INFO]    >> [下载] Progress: 110300/142859
2026-03-12 21:44:36 [INFO]    >> [下载] Progress: 110400/142859
2026-03-12 21:44:36 [INFO]    >> [下载] Progress: 110500/142859
2026-03-12 21:44:36 [INFO]    >> [下载] Progress: 110600/142859
2026-03-12 21:44:36 [INFO]    >> [下载] Progress: 110700/142859
2026-03-12 21:44:36 [INFO]    >> [下载] Progress: 110800/142859
2026-03-12 21:44:36 [INFO]    >> [下载] Progress: 110900/142859
2026-03-12 21:44:36 [INFO]    >> [下载] Progress: 111000/142859
2026-03-12 21:44:36 [INFO]    >> [下载] Progress: 111100/142859
2026-03-12 21:44:36 [INFO]    >> [下载] Progress: 111200/142859
2026-03-12 21:44:36 [INFO]    >> [下载] Progress: 111300/142859
2026-03-12 21:44:36 [INFO]    >> [下载] Progress: 111400/142859
2026-03-12 21:44:36 [INFO]    >> [下载] Progress: 111500/142859
2026-03-12 21:44:36 [INFO]    >> [下载] Progress: 111600/142859
2026-03-12 21:44:36 [INFO]    >> [下载] Progress: 111700/142859
2026-03-12 21:44:36 [INFO]    >> [下载] Progress: 111800/142859
2026-03-12 21:44:36 [INFO]    >> [下载] Progress: 111900/142859
2026-03-12 21:44:36 [INFO]    >> [下载] Progress: 112000/142859
2026-03-12 21:44:36 [INFO]    >> [下载] Progress: 112100/142859
2026-03-12 21:44:36 [INFO]    >> [下载] Progress: 112200/142859
2026-03-12 21:44:36 [INFO]    >> [下载] Progress: 112300/142859
2026-03-12 21:44:36 [INFO]    >> [下载] Progress: 112400/142859
2026-03-12 21:44:36 [INFO]    >> [下载] Progress: 112500/142859
2026-03-12 21:44:36 [INFO]    >> [下载] Progress: 112600/142859
2026-03-12 21:44:36 [INFO]    >> [下载] Progress: 112700/142859
2026-03-12 21:44:36 [INFO]    >> [下载] Progress: 112800/142859
2026-03-12 21:44:36 [INFO]    >> [下载] Progress: 112900/142859
2026-03-12 21:44:36 [INFO]    >> [下载] Progress: 113000/142859
2026-03-12 21:44:36 [INFO]    >> [下载] Progress: 113100/142859
2026-03-12 21:44:36 [INFO]    >> [下载] Progress: 113200/142859
2026-03-12 21:44:36 [INFO]    >> [下载] Progress: 113300/142859
2026-03-12 21:44:36 [INFO]    >> [下载] Progress: 113400/142859
2026-03-12 21:44:36 [INFO]    >> [下载] Progress: 113500/142859
2026-03-12 21:44:36 [INFO]    >> [下载] Progress: 113600/142859
2026-03-12 21:44:36 [INFO]    >> [下载] Progress: 113700/142859
2026-03-12 21:44:36 [INFO]    >> [下载] Progress: 113800/142859
2026-03-12 21:44:36 [INFO]    >> [下载] Progress: 113900/142859
2026-03-12 21:44:36 [INFO]    >> [下载] Progress: 114000/142859
2026-03-12 21:44:36 [INFO]    >> [下载] Progress: 114100/142859
2026-03-12 21:44:36 [INFO]    >> [下载] Progress: 114200/142859
2026-03-12 21:44:36 [INFO]    >> [下载] Progress: 114300/142859
2026-03-12 21:44:36 [INFO]    >> [下载] Progress: 114400/142859
2026-03-12 21:44:36 [INFO]    >> [下载] Progress: 114500/142859
2026-03-12 21:44:36 [INFO]    >> [下载] Progress: 114600/142859
2026-03-12 21:44:36 [INFO]    >> [下载] Progress: 114700/142859
2026-03-12 21:44:36 [INFO]    >> [下载] Progress: 114800/142859
2026-03-12 21:44:36 [INFO]    >> [下载] Progress: 114900/142859
2026-03-12 21:44:36 [INFO]    >> [下载] Progress: 115000/142859
2026-03-12 21:44:36 [INFO]    >> [下载] Progress: 115100/142859
2026-03-12 21:44:36 [INFO]    >> [下载] Progress: 115200/142859
2026-03-12 21:44:36 [INFO]    >> [下载] Progress: 115300/142859
2026-03-12 21:44:36 [INFO]    >> [下载] Progress: 115400/142859
2026-03-12 21:44:36 [INFO]    >> [下载] Progress: 115500/142859
2026-03-12 21:44:36 [INFO]    >> [下载] Progress: 115600/142859
2026-03-12 21:44:36 [INFO]    >> [下载] Progress: 115700/142859
2026-03-12 21:44:36 [INFO]    >> [下载] Progress: 115800/142859
2026-03-12 21:44:36 [INFO]    >> [下载] Progress: 115900/142859
2026-03-12 21:44:36 [INFO]    >> [下载] Progress: 116000/142859
2026-03-12 21:44:36 [INFO]    >> [下载] Progress: 116100/142859
2026-03-12 21:44:36 [INFO]    >> [下载] Progress: 116200/142859
2026-03-12 21:44:36 [INFO]    >> [下载] Progress: 116300/142859
2026-03-12 21:44:36 [INFO]    >> [下载] Progress: 116400/142859
2026-03-12 21:44:37 [INFO]    >> [下载] Progress: 116500/142859
2026-03-12 21:44:37 [INFO]    >> [下载] Progress: 116600/142859
2026-03-12 21:44:37 [INFO]    >> [下载] Progress: 116700/142859
2026-03-12 21:44:37 [INFO]    >> [下载] Progress: 116800/142859
2026-03-12 21:44:37 [INFO]    >> [下载] Progress: 116900/142859
2026-03-12 21:44:37 [INFO]    >> [下载] Progress: 117000/142859
2026-03-12 21:44:37 [INFO]    >> [下载] Progress: 117100/142859
2026-03-12 21:44:37 [INFO]    >> [下载] Progress: 117200/142859
2026-03-12 21:44:37 [INFO]    >> [下载] Progress: 117300/142859
2026-03-12 21:44:37 [INFO]    >> [下载] Progress: 117400/142859
2026-03-12 21:44:37 [INFO]    >> [下载] Progress: 117500/142859
2026-03-12 21:44:37 [INFO]    >> [下载] Progress: 117600/142859
2026-03-12 21:44:37 [INFO]    >> [下载] Progress: 117700/142859
2026-03-12 21:44:37 [INFO]    >> [下载] Progress: 117800/142859
2026-03-12 21:44:37 [INFO]    >> [下载] Progress: 117900/142859
2026-03-12 21:44:37 [INFO]    >> [下载] Progress: 118000/142859
2026-03-12 21:44:37 [INFO]    >> [下载] Progress: 118100/142859
2026-03-12 21:44:37 [INFO]    >> [下载] Progress: 118200/142859
2026-03-12 21:44:37 [INFO]    >> [下载] Progress: 118300/142859
2026-03-12 21:44:37 [INFO]    >> [下载] Progress: 118400/142859
2026-03-12 21:44:37 [INFO]    >> [下载] Progress: 118500/142859
2026-03-12 21:44:37 [INFO]    >> [下载] Progress: 118600/142859
2026-03-12 21:44:37 [INFO]    >> [下载] Progress: 118700/142859
2026-03-12 21:44:37 [INFO]    >> [下载] Progress: 118800/142859
2026-03-12 21:44:37 [INFO]    >> [下载] Progress: 118900/142859
2026-03-12 21:44:37 [INFO]    >> [下载] Progress: 119000/142859
2026-03-12 21:44:37 [INFO]    >> [下载] Progress: 119100/142859
2026-03-12 21:44:37 [INFO]    >> [下载] Progress: 119200/142859
2026-03-12 21:44:37 [INFO]    >> [下载] Progress: 119300/142859
2026-03-12 21:44:37 [INFO]    >> [下载] Progress: 119400/142859
2026-03-12 21:44:37 [INFO]    >> [下载] Progress: 119500/142859
2026-03-12 21:44:37 [INFO]    >> [下载] Progress: 119600/142859
2026-03-12 21:44:37 [INFO]    >> [下载] Progress: 119700/142859
2026-03-12 21:44:37 [INFO]    >> [下载] Progress: 119800/142859
2026-03-12 21:44:37 [INFO]    >> [下载] Progress: 119900/142859
2026-03-12 21:44:37 [INFO]    >> [下载] Progress: 120000/142859
2026-03-12 21:44:37 [INFO]    >> [下载] Progress: 120100/142859
2026-03-12 21:44:37 [INFO]    >> [下载] Progress: 120200/142859
2026-03-12 21:44:37 [INFO]    >> [下载] Progress: 120300/142859
2026-03-12 21:44:37 [INFO]    >> [下载] Progress: 120400/142859
2026-03-12 21:44:37 [INFO]    >> [下载] Progress: 120500/142859
2026-03-12 21:44:37 [INFO]    >> [下载] Progress: 120600/142859
2026-03-12 21:44:37 [INFO]    >> [下载] Progress: 120700/142859
2026-03-12 21:44:37 [INFO]    >> [下载] Progress: 120800/142859
2026-03-12 21:44:37 [INFO]    >> [下载] Progress: 120900/142859
2026-03-12 21:44:37 [INFO]    >> [下载] Progress: 121000/142859
2026-03-12 21:44:37 [INFO]    >> [下载] Progress: 121100/142859
2026-03-12 21:44:37 [INFO]    >> [下载] Progress: 121200/142859
2026-03-12 21:44:37 [INFO]    >> [下载] Progress: 121300/142859
2026-03-12 21:44:37 [INFO]    >> [下载] Progress: 121400/142859
2026-03-12 21:44:37 [INFO]    >> [下载] Progress: 121500/142859
2026-03-12 21:44:37 [INFO]    >> [下载] Progress: 121600/142859
2026-03-12 21:44:37 [INFO]    >> [下载] Progress: 121700/142859
2026-03-12 21:44:37 [INFO]    >> [下载] Progress: 121800/142859
2026-03-12 21:44:37 [INFO]    >> [下载] Progress: 121900/142859
2026-03-12 21:44:37 [INFO]    >> [下载] Progress: 122000/142859
2026-03-12 21:44:37 [INFO]    >> [下载] Progress: 122100/142859
2026-03-12 21:44:37 [INFO]    >> [下载] Progress: 122200/142859
2026-03-12 21:44:37 [INFO]    >> [下载] Progress: 122300/142859
2026-03-12 21:44:37 [INFO]    >> [下载] Progress: 122400/142859
2026-03-12 21:44:37 [INFO]    >> [下载] Progress: 122500/142859
2026-03-12 21:44:37 [INFO]    >> [下载] Progress: 122600/142859
2026-03-12 21:44:37 [INFO]    >> [下载] Progress: 122700/142859
2026-03-12 21:44:37 [INFO]    >> [下载] Progress: 122800/142859
2026-03-12 21:44:37 [INFO]    >> [下载] Progress: 122900/142859
2026-03-12 21:44:37 [INFO]    >> [下载] Progress: 123000/142859
2026-03-12 21:44:37 [INFO]    >> [下载] Progress: 123100/142859
2026-03-12 21:44:37 [INFO]    >> [下载] Progress: 123200/142859
2026-03-12 21:44:37 [INFO]    >> [下载] Progress: 123300/142859
2026-03-12 21:44:37 [INFO]    >> [下载] Progress: 123400/142859
2026-03-12 21:44:37 [INFO]    >> [下载] Progress: 123500/142859
2026-03-12 21:44:37 [INFO]    >> [下载] Progress: 123600/142859
2026-03-12 21:44:37 [INFO]    >> [下载] Progress: 123700/142859
2026-03-12 21:44:37 [INFO]    >> [下载] Progress: 123800/142859
2026-03-12 21:44:37 [INFO]    >> [下载] Progress: 123900/142859
2026-03-12 21:44:37 [INFO]    >> [下载] Progress: 124000/142859
2026-03-12 21:44:37 [INFO]    >> [下载] Progress: 124100/142859
2026-03-12 21:44:37 [INFO]    >> [下载] Progress: 124200/142859
2026-03-12 21:44:37 [INFO]    >> [下载] Progress: 124300/142859
2026-03-12 21:44:37 [INFO]    >> [下载] Progress: 124400/142859
2026-03-12 21:44:37 [INFO]    >> [下载] Progress: 124500/142859
2026-03-12 21:44:37 [INFO]    >> [下载] Progress: 124600/142859
2026-03-12 21:44:37 [INFO]    >> [下载] Progress: 124700/142859
2026-03-12 21:44:37 [INFO]    >> [下载] Progress: 124800/142859
2026-03-12 21:44:37 [INFO]    >> [下载] Progress: 124900/142859
2026-03-12 21:44:37 [INFO]    >> [下载] Progress: 125000/142859
2026-03-12 21:44:37 [INFO]    >> [下载] Progress: 125100/142859
2026-03-12 21:44:37 [INFO]    >> [下载] Progress: 125200/142859
2026-03-12 21:44:37 [INFO]    >> [下载] Progress: 125300/142859
2026-03-12 21:44:37 [INFO]    >> [下载] Progress: 125400/142859
2026-03-12 21:44:37 [INFO]    >> [下载] Progress: 125500/142859
2026-03-12 21:44:37 [INFO]    >> [下载] Progress: 125600/142859
2026-03-12 21:44:37 [INFO]    >> [下载] Progress: 125700/142859
2026-03-12 21:44:37 [INFO]    >> [下载] Progress: 125800/142859
2026-03-12 21:44:37 [INFO]    >> [下载] Progress: 125900/142859
2026-03-12 21:44:37 [INFO]    >> [下载] Progress: 126000/142859
2026-03-12 21:44:37 [INFO]    >> [下载] Progress: 126100/142859
2026-03-12 21:44:37 [INFO]    >> [下载] Progress: 126200/142859
2026-03-12 21:44:37 [INFO]    >> [下载] Progress: 126300/142859
2026-03-12 21:44:37 [INFO]    >> [下载] Progress: 126400/142859
2026-03-12 21:44:37 [INFO]    >> [下载] Progress: 126500/142859
2026-03-12 21:44:37 [INFO]    >> [下载] Progress: 126600/142859
2026-03-12 21:44:37 [INFO]    >> [下载] Progress: 126700/142859
2026-03-12 21:44:37 [INFO]    >> [下载] Progress: 126800/142859
2026-03-12 21:44:37 [INFO]    >> [下载] Progress: 126900/142859
2026-03-12 21:44:38 [INFO]    >> [下载] Progress: 127000/142859
2026-03-12 21:44:38 [INFO]    >> [下载] Progress: 127100/142859
2026-03-12 21:44:38 [INFO]    >> [下载] Progress: 127200/142859
2026-03-12 21:44:38 [INFO]    >> [下载] Progress: 127300/142859
2026-03-12 21:44:38 [INFO]    >> [下载] Progress: 127400/142859
2026-03-12 21:44:38 [INFO]    >> [下载] Progress: 127500/142859
2026-03-12 21:44:38 [INFO]    >> [下载] Progress: 127600/142859
2026-03-12 21:44:38 [INFO]    >> [下载] Progress: 127700/142859
2026-03-12 21:44:38 [INFO]    >> [下载] Progress: 127800/142859
2026-03-12 21:44:38 [INFO]    >> [下载] Progress: 127900/142859
2026-03-12 21:44:38 [INFO]    >> [下载] Progress: 128000/142859
2026-03-12 21:44:38 [INFO]    >> [下载] Progress: 128100/142859
2026-03-12 21:44:38 [INFO]    >> [下载] Progress: 128200/142859
2026-03-12 21:44:38 [INFO]    >> [下载] Progress: 128300/142859
2026-03-12 21:44:38 [INFO]    >> [下载] Progress: 128400/142859
2026-03-12 21:44:38 [INFO]    >> [下载] Progress: 128500/142859
2026-03-12 21:44:38 [INFO]    >> [下载] Progress: 128600/142859
2026-03-12 21:44:38 [INFO]    >> [下载] Progress: 128700/142859
2026-03-12 21:44:38 [INFO]    >> [下载] Progress: 128800/142859
2026-03-12 21:44:38 [INFO]    >> [下载] Progress: 128900/142859
2026-03-12 21:44:38 [INFO]    >> [下载] Progress: 129000/142859
2026-03-12 21:44:38 [INFO]    >> [下载] Progress: 129100/142859
2026-03-12 21:44:38 [INFO]    >> [下载] Progress: 129200/142859
2026-03-12 21:44:38 [INFO]    >> [下载] Progress: 129300/142859
2026-03-12 21:44:38 [INFO]    >> [下载] Progress: 129400/142859
2026-03-12 21:44:38 [INFO]    >> [下载] Progress: 129500/142859
2026-03-12 21:44:38 [INFO]    >> [下载] Progress: 129600/142859
2026-03-12 21:44:38 [INFO]    >> [下载] Progress: 129700/142859
2026-03-12 21:44:38 [INFO]    >> [下载] Progress: 129800/142859
2026-03-12 21:44:38 [INFO]    >> [下载] Progress: 129900/142859
2026-03-12 21:44:38 [INFO]    >> [下载] Progress: 130000/142859
2026-03-12 21:44:38 [INFO]    >> [下载] Progress: 130100/142859
2026-03-12 21:44:38 [INFO]    >> [下载] Progress: 130200/142859
2026-03-12 21:44:38 [INFO]    >> [下载] Progress: 130300/142859
2026-03-12 21:44:38 [INFO]    >> [下载] Progress: 130400/142859
2026-03-12 21:44:38 [INFO]    >> [下载] Progress: 130500/142859
2026-03-12 21:44:38 [INFO]    >> [下载] Progress: 130600/142859
2026-03-12 21:44:38 [INFO]    >> [下载] Progress: 130700/142859
2026-03-12 21:44:38 [INFO]    >> [下载] Progress: 130800/142859
2026-03-12 21:44:38 [INFO]    >> [下载] Progress: 130900/142859
2026-03-12 21:44:38 [INFO]    >> [下载] Progress: 131000/142859
2026-03-12 21:44:38 [INFO]    >> [下载] Progress: 131100/142859
2026-03-12 21:44:38 [INFO]    >> [下载] Progress: 131200/142859
2026-03-12 21:44:38 [INFO]    >> [下载] Progress: 131300/142859
2026-03-12 21:44:38 [INFO]    >> [下载] Progress: 131400/142859
2026-03-12 21:44:38 [INFO]    >> [下载] Progress: 131500/142859
2026-03-12 21:44:38 [INFO]    >> [下载] Progress: 131600/142859
2026-03-12 21:44:38 [INFO]    >> [下载] Progress: 131700/142859
2026-03-12 21:44:38 [INFO]    >> [下载] Progress: 131800/142859
2026-03-12 21:44:38 [INFO]    >> [下载] Progress: 131900/142859
2026-03-12 21:44:38 [INFO]    >> [下载] Progress: 132000/142859
2026-03-12 21:44:38 [INFO]    >> [下载] Progress: 132100/142859
2026-03-12 21:44:38 [INFO]    >> [下载] Progress: 132200/142859
2026-03-12 21:44:38 [INFO]    >> [下载] Progress: 132300/142859
2026-03-12 21:44:38 [INFO]    >> [下载] Progress: 132400/142859
2026-03-12 21:44:38 [INFO]    >> [下载] Progress: 132500/142859
2026-03-12 21:44:38 [INFO]    >> [下载] Progress: 132600/142859
2026-03-12 21:44:38 [INFO]    >> [下载] Progress: 132700/142859
2026-03-12 21:44:38 [INFO]    >> [下载] Progress: 132800/142859
2026-03-12 21:44:38 [INFO]    >> [下载] Progress: 132900/142859
2026-03-12 21:44:38 [INFO]    >> [下载] Progress: 133000/142859
2026-03-12 21:44:38 [INFO]    >> [下载] Progress: 133100/142859
2026-03-12 21:44:38 [INFO]    >> [下载] Progress: 133200/142859
2026-03-12 21:44:38 [INFO]    >> [下载] Progress: 133300/142859
2026-03-12 21:44:38 [INFO]    >> [下载] Progress: 133400/142859
2026-03-12 21:44:38 [INFO]    >> [下载] Progress: 133500/142859
2026-03-12 21:44:38 [INFO]    >> [下载] Progress: 133600/142859
2026-03-12 21:44:38 [INFO]    >> [下载] Progress: 133700/142859
2026-03-12 21:44:38 [INFO]    >> [下载] Progress: 133800/142859
2026-03-12 21:44:38 [INFO]    >> [下载] Progress: 133900/142859
2026-03-12 21:44:38 [INFO]    >> [下载] Progress: 134000/142859
2026-03-12 21:44:38 [INFO]    >> [下载] Progress: 134100/142859
2026-03-12 21:44:38 [INFO]    >> [下载] Progress: 134200/142859
2026-03-12 21:44:38 [INFO]    >> [下载] Progress: 134300/142859
2026-03-12 21:44:38 [INFO]    >> [下载] Progress: 134400/142859
2026-03-12 21:44:38 [INFO]    >> [下载] Progress: 134500/142859
2026-03-12 21:44:38 [INFO]    >> [下载] Progress: 134600/142859
2026-03-12 21:44:38 [INFO]    >> [下载] Progress: 134700/142859
2026-03-12 21:44:38 [INFO]    >> [下载] Progress: 134800/142859
2026-03-12 21:44:38 [INFO]    >> [下载] Progress: 134900/142859
2026-03-12 21:44:38 [INFO]    >> [下载] Progress: 135000/142859
2026-03-12 21:44:38 [INFO]    >> [下载] Progress: 135100/142859
2026-03-12 21:44:38 [INFO]    >> [下载] Progress: 135200/142859
2026-03-12 21:44:38 [INFO]    >> [下载] Progress: 135300/142859
2026-03-12 21:44:38 [INFO]    >> [下载] Progress: 135400/142859
2026-03-12 21:44:38 [INFO]    >> [下载] Progress: 135500/142859
2026-03-12 21:44:38 [INFO]    >> [下载] Progress: 135600/142859
2026-03-12 21:44:38 [INFO]    >> [下载] Progress: 135700/142859
2026-03-12 21:44:38 [INFO]    >> [下载] Progress: 135800/142859
2026-03-12 21:44:38 [INFO]    >> [下载] Progress: 135900/142859
2026-03-12 21:44:38 [INFO]    >> [下载] Progress: 136000/142859
2026-03-12 21:44:38 [INFO]    >> [下载] Progress: 136100/142859
2026-03-12 21:44:38 [INFO]    >> [下载] Progress: 136200/142859
2026-03-12 21:44:38 [INFO]    >> [下载] Progress: 136300/142859
2026-03-12 21:44:38 [INFO]    >> [下载] Progress: 136400/142859
2026-03-12 21:44:38 [INFO]    >> [下载] Progress: 136500/142859
2026-03-12 21:44:38 [INFO]    >> [下载] Progress: 136600/142859
2026-03-12 21:44:38 [INFO]    >> [下载] Progress: 136700/142859
2026-03-12 21:44:38 [INFO]    >> [下载] Progress: 136800/142859
2026-03-12 21:44:38 [INFO]    >> [下载] Progress: 136900/142859
2026-03-12 21:44:38 [INFO]    >> [下载] Progress: 137000/142859
2026-03-12 21:44:38 [INFO]    >> [下载] Progress: 137100/142859
2026-03-12 21:44:38 [INFO]    >> [下载] Progress: 137200/142859
2026-03-12 21:44:38 [INFO]    >> [下载] Progress: 137300/142859
2026-03-12 21:44:38 [INFO]    >> [下载] Progress: 137400/142859
2026-03-12 21:44:38 [INFO]    >> [下载] Progress: 137500/142859
2026-03-12 21:44:38 [INFO]    >> [下载] Progress: 137600/142859
2026-03-12 21:44:38 [INFO]    >> [下载] Progress: 137700/142859
2026-03-12 21:44:38 [INFO]    >> [下载] Progress: 137800/142859
2026-03-12 21:44:38 [INFO]    >> [下载] Progress: 137900/142859
2026-03-12 21:44:38 [INFO]    >> [下载] Progress: 138000/142859
2026-03-12 21:44:38 [INFO]    >> [下载] Progress: 138100/142859
2026-03-12 21:44:38 [INFO]    >> [下载] Progress: 138200/142859
2026-03-12 21:44:38 [INFO]    >> [下载] Progress: 138300/142859
2026-03-12 21:44:38 [INFO]    >> [下载] Progress: 138400/142859
2026-03-12 21:44:38 [INFO]    >> [下载] Progress: 138500/142859
2026-03-12 21:44:38 [INFO]    >> [下载] Progress: 138600/142859
2026-03-12 21:44:38 [INFO]    >> [下载] Progress: 138700/142859
2026-03-12 21:44:38 [INFO]    >> [下载] Progress: 138800/142859
2026-03-12 21:44:38 [INFO]    >> [下载] Progress: 138900/142859
2026-03-12 21:44:38 [INFO]    >> [下载] Progress: 139000/142859
2026-03-12 21:44:38 [INFO]    >> [下载] Progress: 139100/142859
2026-03-12 21:44:38 [INFO]    >> [下载] Progress: 139200/142859
2026-03-12 21:44:38 [INFO]    >> [下载] Progress: 139300/142859
2026-03-12 21:44:38 [INFO]    >> [下载] Progress: 139400/142859
2026-03-12 21:44:38 [INFO]    >> [下载] Progress: 139500/142859
2026-03-12 21:44:38 [INFO]    >> [下载] Progress: 139600/142859
2026-03-12 21:44:38 [INFO]    >> [下载] Progress: 139700/142859
2026-03-12 21:44:38 [INFO]    >> [下载] Progress: 139800/142859
2026-03-12 21:44:38 [INFO]    >> [下载] Progress: 139900/142859
2026-03-12 21:44:38 [INFO]    >> [下载] Progress: 140000/142859
2026-03-12 21:44:38 [INFO]    >> [下载] Progress: 140100/142859
2026-03-12 21:44:38 [INFO]    >> [下载] Progress: 140200/142859
2026-03-12 21:44:38 [INFO]    >> [下载] Progress: 140300/142859
2026-03-12 21:44:38 [INFO]    >> [下载] Progress: 140400/142859
2026-03-12 21:44:38 [INFO]    >> [下载] Progress: 140500/142859
2026-03-12 21:44:38 [INFO]    >> [下载] Progress: 140600/142859
2026-03-12 21:44:38 [INFO]    >> [下载] Progress: 140700/142859
2026-03-12 21:44:38 [INFO]    >> [下载] Progress: 140800/142859
2026-03-12 21:44:38 [INFO]    >> [下载] Progress: 140900/142859
2026-03-12 21:44:38 [INFO]    >> [下载] Progress: 141000/142859
2026-03-12 21:44:38 [INFO]    >> [下载] Progress: 141100/142859
2026-03-12 21:44:38 [INFO]    >> [下载] Progress: 141200/142859
2026-03-12 21:44:38 [INFO]    >> [下载] Progress: 141300/142859
2026-03-12 21:44:38 [INFO]    >> [下载] Progress: 141400/142859
2026-03-12 21:44:38 [INFO]    >> [下载] Progress: 141500/142859
2026-03-12 21:44:38 [INFO]    >> [下载] Progress: 141600/142859
2026-03-12 21:44:38 [INFO]    >> [下载] Progress: 141700/142859
2026-03-12 21:44:38 [INFO]    >> [下载] Progress: 141800/142859
2026-03-12 21:44:38 [INFO]    >> [下载] Progress: 141900/142859
2026-03-12 21:44:38 [INFO]    >> [下载] Progress: 142000/142859
2026-03-12 21:44:38 [INFO]    >> [下载] Progress: 142100/142859
2026-03-12 21:44:39 [INFO]    >> [下载] Progress: 142200/142859
2026-03-12 21:44:39 [INFO]    >> [下载] Progress: 142300/142859
2026-03-12 21:44:39 [INFO]    >> [下载] Progress: 142400/142859
2026-03-12 21:44:39 [INFO]    >> [下载] Progress: 142500/142859
2026-03-12 21:44:39 [INFO]    >> [下载] Progress: 142600/142859
2026-03-12 21:44:39 [INFO]    >> [下载] Progress: 142700/142859
2026-03-12 21:44:39 [INFO]    >> [下载] Progress: 142800/142859
2026-03-12 21:44:39 [INFO]    >>> Download Finished. Total Usable: 142859/142859
2026-03-12 21:44:39 [INFO] ========== [Step 2] Complete Structures (Parallel) ==========
2026-03-12 21:44:47 [INFO]    >> [补全] Progress: 100/39830
2026-03-12 21:44:47 [INFO]    >> [补全] Progress: 200/39830
2026-03-12 21:44:47 [INFO]    >> [补全] Progress: 300/39830
2026-03-12 21:44:47 [INFO]    >> [补全] Progress: 400/39830
2026-03-12 21:44:47 [INFO]    >> [补全] Progress: 500/39830
2026-03-12 21:44:47 [INFO]    >> [补全] Progress: 600/39830
2026-03-12 21:44:47 [INFO]    >> [补全] Progress: 700/39830
2026-03-12 21:44:47 [INFO]    >> [补全] Progress: 800/39830
2026-03-12 21:44:47 [INFO]    >> [补全] Progress: 900/39830
2026-03-12 21:44:47 [INFO]    >> [补全] Progress: 1000/39830
2026-03-12 21:44:47 [INFO]    >> [补全] Progress: 1100/39830
2026-03-12 21:44:47 [INFO]    >> [补全] Progress: 1200/39830
2026-03-12 21:44:47 [INFO]    >> [补全] Progress: 1300/39830
2026-03-12 21:44:47 [INFO]    >> [补全] Progress: 1400/39830
2026-03-12 21:44:47 [INFO]    >> [补全] Progress: 1500/39830
2026-03-12 21:44:47 [INFO]    >> [补全] Progress: 1600/39830
2026-03-12 21:44:47 [INFO]    >> [补全] Progress: 1700/39830
2026-03-12 21:44:48 [INFO]    >> [补全] Progress: 1800/39830
2026-03-12 21:44:48 [INFO]    >> [补全] Progress: 1900/39830
2026-03-12 21:44:48 [INFO]    >> [补全] Progress: 2000/39830
2026-03-12 21:44:48 [INFO]    >> [补全] Progress: 2100/39830
2026-03-12 21:44:48 [INFO]    >> [补全] Progress: 2200/39830
2026-03-12 21:44:48 [INFO]    >> [补全] Progress: 2300/39830
2026-03-12 21:44:48 [INFO]    >> [补全] Progress: 2400/39830
2026-03-12 21:44:48 [INFO]    >> [补全] Progress: 2500/39830
2026-03-12 21:44:48 [INFO]    >> [补全] Progress: 2600/39830
2026-03-12 21:44:48 [INFO]    >> [补全] Progress: 2700/39830
2026-03-12 21:44:48 [INFO]    >> [补全] Progress: 2800/39830
2026-03-12 21:44:48 [INFO]    >> [补全] Progress: 2900/39830
2026-03-12 21:44:48 [INFO]    >> [补全] Progress: 3000/39830
2026-03-12 21:44:48 [INFO]    >> [补全] Progress: 3100/39830
2026-03-12 21:44:48 [INFO]    >> [补全] Progress: 3200/39830
2026-03-12 21:44:48 [INFO]    >> [补全] Progress: 3300/39830
2026-03-12 21:44:48 [INFO]    >> [补全] Progress: 3400/39830
2026-03-12 21:44:48 [INFO]    >> [补全] Progress: 3500/39830
2026-03-12 21:44:48 [INFO]    >> [补全] Progress: 3600/39830
2026-03-12 21:44:48 [INFO]    >> [补全] Progress: 3700/39830
2026-03-12 21:44:48 [INFO]    >> [补全] Progress: 3800/39830
2026-03-12 21:44:48 [INFO]    >> [补全] Progress: 3900/39830
2026-03-12 21:44:48 [INFO]    >> [补全] Progress: 4000/39830
2026-03-12 21:44:48 [INFO]    >> [补全] Progress: 4100/39830
2026-03-12 21:44:48 [INFO]    >> [补全] Progress: 4200/39830
2026-03-12 21:44:48 [INFO]    >> [补全] Progress: 4300/39830
2026-03-12 21:44:48 [INFO]    >> [补全] Progress: 4400/39830
2026-03-12 21:44:48 [INFO]    >> [补全] Progress: 4500/39830
2026-03-12 21:44:48 [INFO]    >> [补全] Progress: 4600/39830
2026-03-12 21:44:48 [INFO]    >> [补全] Progress: 4700/39830
2026-03-12 21:44:48 [INFO]    >> [补全] Progress: 4800/39830
2026-03-12 21:44:48 [INFO]    >> [补全] Progress: 4900/39830
2026-03-12 21:44:48 [INFO]    >> [补全] Progress: 5000/39830
2026-03-12 21:44:48 [INFO]    >> [补全] Progress: 5100/39830
2026-03-12 21:44:48 [INFO]    >> [补全] Progress: 5200/39830
2026-03-12 21:44:48 [INFO]    >> [补全] Progress: 5300/39830
2026-03-12 21:44:48 [INFO]    >> [补全] Progress: 5400/39830
2026-03-12 21:44:48 [INFO]    >> [补全] Progress: 5500/39830
2026-03-12 21:44:48 [INFO]    >> [补全] Progress: 5600/39830
2026-03-12 21:44:48 [INFO]    >> [补全] Progress: 5700/39830
2026-03-12 21:44:48 [INFO]    >> [补全] Progress: 5800/39830
2026-03-12 21:44:48 [INFO]    >> [补全] Progress: 5900/39830
2026-03-12 21:44:48 [INFO]    >> [补全] Progress: 6000/39830
2026-03-12 21:44:48 [INFO]    >> [补全] Progress: 6100/39830
2026-03-12 21:44:48 [INFO]    >> [补全] Progress: 6200/39830
2026-03-12 21:44:48 [INFO]    >> [补全] Progress: 6300/39830
2026-03-12 21:44:48 [INFO]    >> [补全] Progress: 6400/39830
2026-03-12 21:44:48 [INFO]    >> [补全] Progress: 6500/39830
2026-03-12 21:44:48 [INFO]    >> [补全] Progress: 6600/39830
2026-03-12 21:44:48 [INFO]    >> [补全] Progress: 6700/39830
2026-03-12 21:44:48 [INFO]    >> [补全] Progress: 6800/39830
2026-03-12 21:44:48 [INFO]    >> [补全] Progress: 6900/39830
2026-03-12 21:44:48 [INFO]    >> [补全] Progress: 7000/39830
2026-03-12 21:44:48 [INFO]    >> [补全] Progress: 7100/39830
2026-03-12 21:44:48 [INFO]    >> [补全] Progress: 7200/39830
2026-03-12 21:44:48 [INFO]    >> [补全] Progress: 7300/39830
2026-03-12 21:44:48 [INFO]    >> [补全] Progress: 7400/39830
2026-03-12 21:44:48 [INFO]    >> [补全] Progress: 7500/39830
2026-03-12 21:44:48 [INFO]    >> [补全] Progress: 7600/39830
2026-03-12 21:44:48 [INFO]    >> [补全] Progress: 7700/39830
2026-03-12 21:44:48 [INFO]    >> [补全] Progress: 7800/39830
2026-03-12 21:44:48 [INFO]    >> [补全] Progress: 7900/39830
2026-03-12 21:44:48 [INFO]    >> [补全] Progress: 8000/39830
2026-03-12 21:44:48 [INFO]    >> [补全] Progress: 8100/39830
2026-03-12 21:44:48 [INFO]    >> [补全] Progress: 8200/39830
2026-03-12 21:44:48 [INFO]    >> [补全] Progress: 8300/39830
2026-03-12 21:44:48 [INFO]    >> [补全] Progress: 8400/39830
2026-03-12 21:44:48 [INFO]    >> [补全] Progress: 8500/39830
2026-03-12 21:44:48 [INFO]    >> [补全] Progress: 8600/39830
2026-03-12 21:44:48 [INFO]    >> [补全] Progress: 8700/39830
2026-03-12 21:44:48 [INFO]    >> [补全] Progress: 8800/39830
2026-03-12 21:44:48 [INFO]    >> [补全] Progress: 8900/39830
2026-03-12 21:44:48 [INFO]    >> [补全] Progress: 9000/39830
2026-03-12 21:44:48 [INFO]    >> [补全] Progress: 9100/39830
2026-03-12 21:44:48 [INFO]    >> [补全] Progress: 9200/39830
2026-03-12 21:44:48 [INFO]    >> [补全] Progress: 9300/39830
2026-03-12 21:44:48 [INFO]    >> [补全] Progress: 9400/39830
2026-03-12 21:44:48 [INFO]    >> [补全] Progress: 9500/39830
2026-03-12 21:44:48 [INFO]    >> [补全] Progress: 9600/39830
2026-03-12 21:44:48 [INFO]    >> [补全] Progress: 9700/39830
2026-03-12 21:44:48 [INFO]    >> [补全] Progress: 9800/39830
2026-03-12 21:44:48 [INFO]    >> [补全] Progress: 9900/39830
2026-03-12 21:44:48 [INFO]    >> [补全] Progress: 10000/39830
2026-03-12 21:44:48 [INFO]    >> [补全] Progress: 10100/39830
2026-03-12 21:44:48 [INFO]    >> [补全] Progress: 10200/39830
2026-03-12 21:44:48 [INFO]    >> [补全] Progress: 10300/39830
2026-03-12 21:44:48 [INFO]    >> [补全] Progress: 10400/39830
2026-03-12 21:44:48 [INFO]    >> [补全] Progress: 10500/39830
2026-03-12 21:44:48 [INFO]    >> [补全] Progress: 10600/39830
2026-03-12 21:44:48 [INFO]    >> [补全] Progress: 10700/39830
2026-03-12 21:44:48 [INFO]    >> [补全] Progress: 10800/39830
2026-03-12 21:44:48 [INFO]    >> [补全] Progress: 10900/39830
2026-03-12 21:44:48 [INFO]    >> [补全] Progress: 11000/39830
2026-03-12 21:44:48 [INFO]    >> [补全] Progress: 11100/39830
2026-03-12 21:44:48 [INFO]    >> [补全] Progress: 11200/39830
2026-03-12 21:44:48 [INFO]    >> [补全] Progress: 11300/39830
2026-03-12 21:44:48 [INFO]    >> [补全] Progress: 11400/39830
2026-03-12 21:44:48 [INFO]    >> [补全] Progress: 11500/39830
2026-03-12 21:44:48 [INFO]    >> [补全] Progress: 11600/39830
2026-03-12 21:44:48 [INFO]    >> [补全] Progress: 11700/39830
2026-03-12 21:44:48 [INFO]    >> [补全] Progress: 11800/39830
2026-03-12 21:44:48 [INFO]    >> [补全] Progress: 11900/39830
2026-03-12 21:44:48 [INFO]    >> [补全] Progress: 12000/39830
2026-03-12 21:44:48 [INFO]    >> [补全] Progress: 12100/39830
2026-03-12 21:44:48 [INFO]    >> [补全] Progress: 12200/39830
2026-03-12 21:44:48 [INFO]    >> [补全] Progress: 12300/39830
2026-03-12 21:44:48 [INFO]    >> [补全] Progress: 12400/39830
2026-03-12 21:44:48 [INFO]    >> [补全] Progress: 12500/39830
2026-03-12 21:44:48 [INFO]    >> [补全] Progress: 12600/39830
2026-03-12 21:44:48 [INFO]    >> [补全] Progress: 12700/39830
2026-03-12 21:44:48 [INFO]    >> [补全] Progress: 12800/39830
2026-03-12 21:44:48 [INFO]    >> [补全] Progress: 12900/39830
2026-03-12 21:44:48 [INFO]    >> [补全] Progress: 13000/39830
2026-03-12 21:44:48 [INFO]    >> [补全] Progress: 13100/39830
2026-03-12 21:44:48 [INFO]    >> [补全] Progress: 13200/39830
2026-03-12 21:44:48 [INFO]    >> [补全] Progress: 13300/39830
2026-03-12 21:44:48 [INFO]    >> [补全] Progress: 13400/39830
2026-03-12 21:44:48 [INFO]    >> [补全] Progress: 13500/39830
2026-03-12 21:44:48 [INFO]    >> [补全] Progress: 13600/39830
2026-03-12 21:44:48 [INFO]    >> [补全] Progress: 13700/39830
2026-03-12 21:44:48 [INFO]    >> [补全] Progress: 13800/39830
2026-03-12 21:44:48 [INFO]    >> [补全] Progress: 13900/39830
2026-03-12 21:44:48 [INFO]    >> [补全] Progress: 14000/39830
2026-03-12 21:44:48 [INFO]    >> [补全] Progress: 14100/39830
2026-03-12 21:44:48 [INFO]    >> [补全] Progress: 14200/39830
2026-03-12 21:44:48 [INFO]    >> [补全] Progress: 14300/39830
2026-03-12 21:44:48 [INFO]    >> [补全] Progress: 14400/39830
2026-03-12 21:44:48 [INFO]    >> [补全] Progress: 14500/39830
2026-03-12 21:44:48 [INFO]    >> [补全] Progress: 14600/39830
2026-03-12 21:44:48 [INFO]    >> [补全] Progress: 14700/39830
2026-03-12 21:44:48 [INFO]    >> [补全] Progress: 14800/39830
2026-03-12 21:44:48 [INFO]    >> [补全] Progress: 14900/39830
2026-03-12 21:44:48 [INFO]    >> [补全] Progress: 15000/39830
2026-03-12 21:44:48 [INFO]    >> [补全] Progress: 15100/39830
2026-03-12 21:44:48 [INFO]    >> [补全] Progress: 15200/39830
2026-03-12 21:44:48 [INFO]    >> [补全] Progress: 15300/39830
2026-03-12 21:44:48 [INFO]    >> [补全] Progress: 15400/39830
2026-03-12 21:44:48 [INFO]    >> [补全] Progress: 15500/39830
2026-03-12 21:44:48 [INFO]    >> [补全] Progress: 15600/39830
2026-03-12 21:44:48 [INFO]    >> [补全] Progress: 15700/39830
2026-03-12 21:44:48 [INFO]    >> [补全] Progress: 15800/39830
2026-03-12 21:44:48 [INFO]    >> [补全] Progress: 15900/39830
2026-03-12 21:44:48 [INFO]    >> [补全] Progress: 16000/39830
2026-03-12 21:44:48 [INFO]    >> [补全] Progress: 16100/39830
2026-03-12 21:44:48 [INFO]    >> [补全] Progress: 16200/39830
2026-03-12 21:44:48 [INFO]    >> [补全] Progress: 16300/39830
2026-03-12 21:44:48 [INFO]    >> [补全] Progress: 16400/39830
2026-03-12 21:44:48 [INFO]    >> [补全] Progress: 16500/39830
2026-03-12 21:44:48 [INFO]    >> [补全] Progress: 16600/39830
2026-03-12 21:44:48 [INFO]    >> [补全] Progress: 16700/39830
2026-03-12 21:44:48 [INFO]    >> [补全] Progress: 16800/39830
2026-03-12 21:44:48 [INFO]    >> [补全] Progress: 16900/39830
2026-03-12 21:44:48 [INFO]    >> [补全] Progress: 17000/39830
2026-03-12 21:44:48 [INFO]    >> [补全] Progress: 17100/39830
2026-03-12 21:44:48 [INFO]    >> [补全] Progress: 17200/39830
2026-03-12 21:44:48 [INFO]    >> [补全] Progress: 17300/39830
2026-03-12 21:44:48 [INFO]    >> [补全] Progress: 17400/39830
2026-03-12 21:44:48 [INFO]    >> [补全] Progress: 17500/39830
2026-03-12 21:44:48 [INFO]    >> [补全] Progress: 17600/39830
2026-03-12 21:44:48 [INFO]    >> [补全] Progress: 17700/39830
2026-03-12 21:44:48 [INFO]    >> [补全] Progress: 17800/39830
2026-03-12 21:44:48 [INFO]    >> [补全] Progress: 17900/39830
2026-03-12 21:44:48 [INFO]    >> [补全] Progress: 18000/39830
2026-03-12 21:44:49 [INFO]    >> [补全] Progress: 18100/39830
2026-03-12 21:44:49 [INFO]    >> [补全] Progress: 18200/39830
2026-03-12 21:44:49 [INFO]    >> [补全] Progress: 18300/39830
2026-03-12 21:44:49 [INFO]    >> [补全] Progress: 18400/39830
2026-03-12 21:44:49 [INFO]    >> [补全] Progress: 18500/39830
2026-03-12 21:44:49 [INFO]    >> [补全] Progress: 18600/39830
2026-03-12 21:44:49 [INFO]    >> [补全] Progress: 18700/39830
2026-03-12 21:44:49 [INFO]    >> [补全] Progress: 18800/39830
2026-03-12 21:44:49 [INFO]    >> [补全] Progress: 18900/39830
2026-03-12 21:44:49 [INFO]    >> [补全] Progress: 19000/39830
2026-03-12 21:44:49 [INFO]    >> [补全] Progress: 19100/39830
2026-03-12 21:44:49 [INFO]    >> [补全] Progress: 19200/39830
2026-03-12 21:44:49 [INFO]    >> [补全] Progress: 19300/39830
2026-03-12 21:44:49 [INFO]    >> [补全] Progress: 19400/39830
2026-03-12 21:44:49 [INFO]    >> [补全] Progress: 19500/39830
2026-03-12 21:44:49 [INFO]    >> [补全] Progress: 19600/39830
2026-03-12 21:44:49 [INFO]    >> [补全] Progress: 19700/39830
2026-03-12 21:44:49 [INFO]    >> [补全] Progress: 19800/39830
2026-03-12 21:44:49 [INFO]    >> [补全] Progress: 19900/39830
2026-03-12 21:44:49 [INFO]    >> [补全] Progress: 20000/39830
2026-03-12 21:44:49 [INFO]    >> [补全] Progress: 20100/39830
2026-03-12 21:44:49 [INFO]    >> [补全] Progress: 20200/39830
2026-03-12 21:44:49 [INFO]    >> [补全] Progress: 20300/39830
2026-03-12 21:44:49 [INFO]    >> [补全] Progress: 20400/39830
2026-03-12 21:44:49 [INFO]    >> [补全] Progress: 20500/39830
2026-03-12 21:44:49 [INFO]    >> [补全] Progress: 20600/39830
2026-03-12 21:44:49 [INFO]    >> [补全] Progress: 20700/39830
2026-03-12 21:44:49 [INFO]    >> [补全] Progress: 20800/39830
2026-03-12 21:44:49 [INFO]    >> [补全] Progress: 20900/39830
2026-03-12 21:44:49 [INFO]    >> [补全] Progress: 21000/39830
2026-03-12 21:44:49 [INFO]    >> [补全] Progress: 21100/39830
2026-03-12 21:44:49 [INFO]    >> [补全] Progress: 21200/39830
2026-03-12 21:44:49 [INFO]    >> [补全] Progress: 21300/39830
2026-03-12 21:44:49 [INFO]    >> [补全] Progress: 21400/39830
2026-03-12 21:44:49 [INFO]    >> [补全] Progress: 21500/39830
2026-03-12 21:44:49 [INFO]    >> [补全] Progress: 21600/39830
2026-03-12 21:44:49 [INFO]    >> [补全] Progress: 21700/39830
2026-03-12 21:44:49 [INFO]    >> [补全] Progress: 21800/39830
2026-03-12 21:44:49 [INFO]    >> [补全] Progress: 21900/39830
2026-03-12 21:44:49 [INFO]    >> [补全] Progress: 22000/39830
2026-03-12 21:44:49 [INFO]    >> [补全] Progress: 22100/39830
2026-03-12 21:44:49 [INFO]    >> [补全] Progress: 22200/39830
2026-03-12 21:44:49 [INFO]    >> [补全] Progress: 22300/39830
2026-03-12 21:44:49 [INFO]    >> [补全] Progress: 22400/39830
2026-03-12 21:44:49 [INFO]    >> [补全] Progress: 22500/39830
2026-03-12 21:44:49 [INFO]    >> [补全] Progress: 22600/39830
2026-03-12 21:44:49 [INFO]    >> [补全] Progress: 22700/39830
2026-03-12 21:44:49 [INFO]    >> [补全] Progress: 22800/39830
2026-03-12 21:44:49 [INFO]    >> [补全] Progress: 22900/39830
2026-03-12 21:44:49 [INFO]    >> [补全] Progress: 23000/39830
2026-03-12 21:44:49 [INFO]    >> [补全] Progress: 23100/39830
2026-03-12 21:44:49 [INFO]    >> [补全] Progress: 23200/39830
2026-03-12 21:44:49 [INFO]    >> [补全] Progress: 23300/39830
2026-03-12 21:44:49 [INFO]    >> [补全] Progress: 23400/39830
2026-03-12 21:44:49 [INFO]    >> [补全] Progress: 23500/39830
2026-03-12 21:44:49 [INFO]    >> [补全] Progress: 23600/39830
2026-03-12 21:44:49 [INFO]    >> [补全] Progress: 23700/39830
2026-03-12 21:44:49 [INFO]    >> [补全] Progress: 23800/39830
2026-03-12 21:44:49 [INFO]    >> [补全] Progress: 23900/39830
2026-03-12 21:44:49 [INFO]    >> [补全] Progress: 24000/39830
2026-03-12 21:44:49 [INFO]    >> [补全] Progress: 24100/39830
2026-03-12 21:44:49 [INFO]    >> [补全] Progress: 24200/39830
2026-03-12 21:44:49 [INFO]    >> [补全] Progress: 24300/39830
2026-03-12 21:44:49 [INFO]    >> [补全] Progress: 24400/39830
2026-03-12 21:44:49 [INFO]    >> [补全] Progress: 24500/39830
2026-03-12 21:44:49 [INFO]    >> [补全] Progress: 24600/39830
2026-03-12 21:44:49 [INFO]    >> [补全] Progress: 24700/39830
2026-03-12 21:44:49 [INFO]    >> [补全] Progress: 24800/39830
2026-03-12 21:44:49 [INFO]    >> [补全] Progress: 24900/39830
2026-03-12 21:44:49 [INFO]    >> [补全] Progress: 25000/39830
2026-03-12 21:44:49 [INFO]    >> [补全] Progress: 25100/39830
2026-03-12 21:44:49 [INFO]    >> [补全] Progress: 25200/39830
2026-03-12 21:44:49 [INFO]    >> [补全] Progress: 25300/39830
2026-03-12 21:44:49 [INFO]    >> [补全] Progress: 25400/39830
2026-03-12 21:44:49 [INFO]    >> [补全] Progress: 25500/39830
2026-03-12 21:44:49 [INFO]    >> [补全] Progress: 25600/39830
2026-03-12 21:44:49 [INFO]    >> [补全] Progress: 25700/39830
2026-03-12 21:44:49 [INFO]    >> [补全] Progress: 25800/39830
2026-03-12 21:44:49 [INFO]    >> [补全] Progress: 25900/39830
2026-03-12 21:44:49 [INFO]    >> [补全] Progress: 26000/39830
2026-03-12 21:44:49 [INFO]    >> [补全] Progress: 26100/39830
2026-03-12 21:44:49 [INFO]    >> [补全] Progress: 26200/39830
2026-03-12 21:44:49 [INFO]    >> [补全] Progress: 26300/39830
2026-03-12 21:44:49 [INFO]    >> [补全] Progress: 26400/39830
2026-03-12 21:44:49 [INFO]    >> [补全] Progress: 26500/39830
2026-03-12 21:44:49 [INFO]    >> [补全] Progress: 26600/39830
2026-03-12 21:44:49 [INFO]    >> [补全] Progress: 26700/39830
2026-03-12 21:44:49 [INFO]    >> [补全] Progress: 26800/39830
2026-03-12 21:44:49 [INFO]    >> [补全] Progress: 26900/39830
2026-03-12 21:44:49 [INFO]    >> [补全] Progress: 27000/39830
2026-03-12 21:44:49 [INFO]    >> [补全] Progress: 27100/39830
2026-03-12 21:44:49 [INFO]    >> [补全] Progress: 27200/39830
2026-03-12 21:44:49 [INFO]    >> [补全] Progress: 27300/39830
2026-03-12 21:44:49 [INFO]    >> [补全] Progress: 27400/39830
2026-03-12 21:44:49 [INFO]    >> [补全] Progress: 27500/39830
2026-03-12 21:44:49 [INFO]    >> [补全] Progress: 27600/39830
2026-03-12 21:44:49 [INFO]    >> [补全] Progress: 27700/39830
2026-03-12 21:44:49 [INFO]    >> [补全] Progress: 27800/39830
2026-03-12 21:44:49 [INFO]    >> [补全] Progress: 27900/39830
2026-03-12 21:44:49 [INFO]    >> [补全] Progress: 28000/39830
2026-03-12 21:44:49 [INFO]    >> [补全] Progress: 28100/39830
2026-03-12 21:44:49 [INFO]    >> [补全] Progress: 28200/39830
2026-03-12 21:44:49 [INFO]    >> [补全] Progress: 28300/39830
2026-03-12 21:44:49 [INFO]    >> [补全] Progress: 28400/39830
2026-03-12 21:44:49 [INFO]    >> [补全] Progress: 28500/39830
2026-03-12 21:44:49 [INFO]    >> [补全] Progress: 28600/39830
2026-03-12 21:44:49 [INFO]    >> [补全] Progress: 28700/39830
2026-03-12 21:44:49 [INFO]    >> [补全] Progress: 28800/39830
2026-03-12 21:44:49 [INFO]    >> [补全] Progress: 28900/39830
2026-03-12 21:44:49 [INFO]    >> [补全] Progress: 29000/39830
2026-03-12 21:44:49 [INFO]    >> [补全] Progress: 29100/39830
2026-03-12 21:44:49 [INFO]    >> [补全] Progress: 29200/39830
2026-03-12 21:44:49 [INFO]    >> [补全] Progress: 29300/39830
2026-03-12 21:44:49 [INFO]    >> [补全] Progress: 29400/39830
2026-03-12 21:44:49 [INFO]    >> [补全] Progress: 29500/39830
2026-03-12 21:44:49 [INFO]    >> [补全] Progress: 29600/39830
2026-03-12 21:44:49 [INFO]    >> [补全] Progress: 29700/39830
2026-03-12 21:44:49 [INFO]    >> [补全] Progress: 29800/39830
2026-03-12 21:44:49 [INFO]    >> [补全] Progress: 29900/39830
2026-03-12 21:44:49 [INFO]    >> [补全] Progress: 30000/39830
2026-03-12 21:44:49 [INFO]    >> [补全] Progress: 30100/39830
2026-03-12 21:44:49 [INFO]    >> [补全] Progress: 30200/39830
2026-03-12 21:44:49 [INFO]    >> [补全] Progress: 30300/39830
2026-03-12 21:44:49 [INFO]    >> [补全] Progress: 30400/39830
2026-03-12 21:44:49 [INFO]    >> [补全] Progress: 30500/39830
2026-03-12 21:44:49 [INFO]    >> [补全] Progress: 30600/39830
2026-03-12 21:44:49 [INFO]    >> [补全] Progress: 30700/39830
2026-03-12 21:44:49 [INFO]    >> [补全] Progress: 30800/39830
2026-03-12 21:44:49 [INFO]    >> [补全] Progress: 30900/39830
2026-03-12 21:44:49 [INFO]    >> [补全] Progress: 31000/39830
2026-03-12 21:44:49 [INFO]    >> [补全] Progress: 31100/39830
2026-03-12 21:44:49 [INFO]    >> [补全] Progress: 31200/39830
2026-03-12 21:44:49 [INFO]    >> [补全] Progress: 31300/39830
2026-03-12 21:44:49 [INFO]    >> [补全] Progress: 31400/39830
2026-03-12 21:44:49 [INFO]    >> [补全] Progress: 31500/39830
2026-03-12 21:44:49 [INFO]    >> [补全] Progress: 31600/39830
2026-03-12 21:44:50 [INFO]    >> [补全] Progress: 31700/39830
2026-03-12 21:44:50 [INFO]    >> [补全] Progress: 31800/39830
2026-03-12 21:44:50 [INFO]    >> [补全] Progress: 31900/39830
2026-03-12 21:44:50 [INFO]    >> [补全] Progress: 32000/39830
2026-03-12 21:44:50 [INFO]    >> [补全] Progress: 32100/39830
2026-03-12 21:44:50 [INFO]    >> [补全] Progress: 32200/39830
2026-03-12 21:44:50 [INFO]    >> [补全] Progress: 32300/39830
2026-03-12 21:44:50 [INFO]    >> [补全] Progress: 32400/39830
2026-03-12 21:44:50 [INFO]    >> [补全] Progress: 32500/39830
2026-03-12 21:44:50 [INFO]    >> [补全] Progress: 32600/39830
2026-03-12 21:44:50 [INFO]    >> [补全] Progress: 32700/39830
2026-03-12 21:44:50 [INFO]    >> [补全] Progress: 32800/39830
2026-03-12 21:44:50 [INFO]    >> [补全] Progress: 32900/39830
2026-03-12 21:44:50 [INFO]    >> [补全] Progress: 33000/39830
2026-03-12 21:44:50 [INFO]    >> [补全] Progress: 33100/39830
2026-03-12 21:44:50 [INFO]    >> [补全] Progress: 33200/39830
2026-03-12 21:44:50 [INFO]    >> [补全] Progress: 33300/39830
2026-03-12 21:44:50 [INFO]    >> [补全] Progress: 33400/39830
2026-03-12 21:44:50 [INFO]    >> [补全] Progress: 33500/39830
2026-03-12 21:44:50 [INFO]    >> [补全] Progress: 33600/39830
2026-03-12 21:44:50 [INFO]    >> [补全] Progress: 33700/39830
2026-03-12 21:44:50 [INFO]    >> [补全] Progress: 33800/39830
2026-03-12 21:44:50 [INFO]    >> [补全] Progress: 33900/39830
2026-03-12 21:44:50 [INFO]    >> [补全] Progress: 34000/39830
2026-03-12 21:44:50 [INFO]    >> [补全] Progress: 34100/39830
2026-03-12 21:44:50 [INFO]    >> [补全] Progress: 34200/39830
2026-03-12 21:44:50 [INFO]    >> [补全] Progress: 34300/39830
2026-03-12 21:44:50 [INFO]    >> [补全] Progress: 34400/39830
2026-03-12 21:44:50 [INFO]    >> [补全] Progress: 34500/39830
2026-03-12 21:44:50 [INFO]    >> [补全] Progress: 34600/39830
2026-03-12 21:44:50 [INFO]    >> [补全] Progress: 34700/39830
2026-03-12 21:44:50 [INFO]    >> [补全] Progress: 34800/39830
2026-03-12 21:44:50 [INFO]    >> [补全] Progress: 34900/39830
2026-03-12 21:44:50 [INFO]    >> [补全] Progress: 35000/39830
2026-03-12 21:44:50 [INFO]    >> [补全] Progress: 35100/39830
2026-03-12 21:44:50 [INFO]    >> [补全] Progress: 35200/39830
2026-03-12 21:44:50 [INFO]    >> [补全] Progress: 35300/39830
2026-03-12 21:44:50 [INFO]    >> [补全] Progress: 35400/39830
2026-03-12 21:44:50 [INFO]    >> [补全] Progress: 35500/39830
2026-03-12 21:44:50 [INFO]    >> [补全] Progress: 35600/39830
2026-03-12 21:44:50 [INFO]    >> [补全] Progress: 35700/39830
2026-03-12 21:44:50 [INFO]    >> [补全] Progress: 35800/39830
2026-03-12 21:44:50 [INFO]    >> [补全] Progress: 35900/39830
2026-03-12 21:44:50 [INFO]    >> [补全] Progress: 36000/39830
2026-03-12 21:44:50 [INFO]    >> [补全] Progress: 36100/39830
2026-03-12 21:44:50 [INFO]    >> [补全] Progress: 36200/39830
2026-03-12 21:44:50 [INFO]    >> [补全] Progress: 36300/39830
2026-03-12 21:44:50 [INFO]    >> [补全] Progress: 36400/39830
2026-03-12 21:44:50 [INFO]    >> [补全] Progress: 36500/39830
2026-03-12 21:44:50 [INFO]    >> [补全] Progress: 36600/39830
2026-03-12 21:44:50 [INFO]    >> [补全] Progress: 36700/39830
2026-03-12 21:44:50 [INFO]    >> [补全] Progress: 36800/39830
2026-03-12 21:44:50 [INFO]    >> [补全] Progress: 36900/39830
2026-03-12 21:44:50 [INFO]    >> [补全] Progress: 37000/39830
2026-03-12 21:44:50 [INFO]    >> [补全] Progress: 37100/39830
2026-03-12 21:44:50 [INFO]    >> [补全] Progress: 37200/39830
2026-03-12 21:44:50 [INFO]    >> [补全] Progress: 37300/39830
2026-03-12 21:44:50 [INFO]    >> [补全] Progress: 37400/39830
2026-03-12 21:44:50 [INFO]    >> [补全] Progress: 37500/39830
2026-03-12 21:44:50 [INFO]    >> [补全] Progress: 37600/39830
2026-03-12 21:44:50 [INFO]    >> [补全] Progress: 37700/39830
2026-03-12 21:44:50 [INFO]    >> [补全] Progress: 37800/39830
2026-03-12 21:44:50 [INFO]    >> [补全] Progress: 37900/39830
2026-03-12 21:44:50 [INFO]    >> [补全] Progress: 38000/39830
2026-03-12 21:44:50 [INFO]    >> [补全] Progress: 38100/39830
2026-03-12 21:44:50 [INFO]    >> [补全] Progress: 38200/39830
2026-03-12 21:44:50 [INFO]    >> [补全] Progress: 38300/39830
2026-03-12 21:44:50 [INFO]    >> [补全] Progress: 38400/39830
2026-03-12 21:44:50 [INFO]    >> [补全] Progress: 38500/39830
2026-03-12 21:44:50 [INFO]    >> [补全] Progress: 38600/39830
2026-03-12 21:44:50 [INFO]    >> [补全] Progress: 38700/39830
2026-03-12 21:44:50 [INFO]    >> [补全] Progress: 38800/39830
2026-03-12 21:44:50 [INFO]    >> [补全] Progress: 38900/39830
2026-03-12 21:44:50 [INFO]    >> [补全] Progress: 39000/39830
2026-03-12 21:44:50 [INFO]    >> [补全] Progress: 39100/39830
2026-03-12 21:44:50 [INFO]    >> [补全] Progress: 39200/39830
2026-03-12 21:44:50 [INFO]    >> [补全] Progress: 39300/39830
2026-03-12 21:44:50 [INFO]    >> [补全] Progress: 39400/39830
2026-03-12 21:44:50 [INFO]    >> [补全] Progress: 39500/39830
2026-03-12 21:44:50 [INFO]    >> [补全] Progress: 39600/39830
2026-03-12 21:44:50 [INFO]    >> [补全] Progress: 39700/39830
2026-03-12 21:44:50 [INFO]    >> [补全] Progress: 39800/39830
2026-03-12 21:44:51 [INFO]    >>> Completion Finished. New Processed: 0
2026-03-12 21:44:51 [INFO] ========== [Step 3] Extract Embeddings ==========
2026-03-12 21:44:51 [INFO]    >> Initializing ESM3 architecture (esm3_sm_open_v1)...
2026-03-12 21:44:54 [INFO]    >> Overriding with local weights from: /data/lihb/enzyme_functional_annotation/optimal_radius/esm3_sm_open_v1.pth
2026-03-12 21:44:56 [INFO]    Model loaded successfully.
2026-03-12 21:45:03 [INFO]    >> Progress: 100/142859 (Skipping existing)
2026-03-12 21:45:10 [INFO]    >> Progress: 200/142859 (Skipping existing)
2026-03-12 21:45:17 [INFO]    >> Progress: 300/142859 (Skipping existing)
2026-03-12 21:45:24 [INFO]    >> Progress: 400/142859 (Skipping existing)
2026-03-12 21:45:31 [INFO]    >> Progress: 500/142859 (Skipping existing)
2026-03-12 21:45:38 [INFO]    >> Progress: 600/142859 (Skipping existing)
2026-03-12 21:45:45 [INFO]    >> Progress: 700/142859 (Skipping existing)
2026-03-12 21:45:52 [INFO]    >> Progress: 800/142859 (Skipping existing)
2026-03-12 21:45:59 [INFO]    >> Progress: 900/142859 (Skipping existing)
2026-03-12 21:46:06 [INFO]    >> Progress: 1000/142859 (Skipping existing)
2026-03-12 21:46:13 [INFO]    >> Progress: 1100/142859 (Skipping existing)
2026-03-12 21:46:20 [INFO]    >> Progress: 1200/142859 (Skipping existing)
2026-03-12 21:46:27 [INFO]    >> Progress: 1300/142859 (Skipping existing)
2026-03-12 21:46:34 [INFO]    >> Progress: 1400/142859 (Skipping existing)
2026-03-12 21:46:41 [INFO]    >> Progress: 1500/142859 (Skipping existing)
2026-03-12 21:46:48 [INFO]    >> Progress: 1600/142859 (Skipping existing)
2026-03-12 21:46:55 [INFO]    >> Progress: 1700/142859 (Skipping existing)
2026-03-12 21:47:02 [INFO]    >> Progress: 1800/142859 (Skipping existing)
2026-03-12 21:47:09 [INFO]    >> Progress: 1900/142859 (Skipping existing)
2026-03-12 21:47:16 [INFO]    >> Progress: 2000/142859 (Skipping existing)
2026-03-12 21:47:23 [INFO]    >> Progress: 2100/142859 (Skipping existing)
2026-03-12 21:47:30 [INFO]    >> Progress: 2200/142859 (Skipping existing)
2026-03-12 21:47:37 [INFO]    >> Progress: 2300/142859 (Skipping existing)
2026-03-12 21:47:44 [INFO]    >> Progress: 2400/142859 (Skipping existing)
2026-03-12 21:47:51 [INFO]    >> Progress: 2500/142859 (Skipping existing)
2026-03-12 21:47:58 [INFO]    >> Progress: 2600/142859 (Skipping existing)
2026-03-12 21:48:05 [INFO]    >> Progress: 2700/142859 (Skipping existing)
2026-03-12 21:48:12 [INFO]    >> Progress: 2800/142859 (Skipping existing)
2026-03-12 21:48:19 [INFO]    >> Progress: 2900/142859 (Skipping existing)
2026-03-12 21:48:26 [INFO]    >> Progress: 3000/142859 (Skipping existing)
2026-03-12 21:48:33 [INFO]    >> Progress: 3100/142859 (Skipping existing)
2026-03-12 21:48:40 [INFO]    >> Progress: 3200/142859 (Skipping existing)
2026-03-12 21:48:47 [INFO]    >> Progress: 3300/142859 (Skipping existing)
2026-03-12 21:48:54 [INFO]    >> Progress: 3400/142859 (Skipping existing)
2026-03-12 21:49:01 [INFO]    >> Progress: 3500/142859 (Skipping existing)
2026-03-12 21:49:08 [INFO]    >> Progress: 3600/142859 (Skipping existing)
2026-03-12 21:49:15 [INFO]    >> Progress: 3700/142859 (Skipping existing)
2026-03-12 21:49:22 [INFO]    >> Progress: 3800/142859 (Skipping existing)
2026-03-12 21:49:29 [INFO]    >> Progress: 3900/142859 (Skipping existing)
2026-03-12 21:49:36 [INFO]    >> Progress: 4000/142859 (Skipping existing)
2026-03-12 21:49:42 [INFO]    >> Progress: 4100/142859 (Skipping existing)
2026-03-12 21:49:49 [INFO]    >> Progress: 4200/142859 (Skipping existing)
2026-03-12 21:49:56 [INFO]    >> Progress: 4300/142859 (Skipping existing)
2026-03-12 21:50:03 [INFO]    >> Progress: 4400/142859 (Skipping existing)
2026-03-12 21:50:10 [INFO]    >> Progress: 4500/142859 (Skipping existing)
2026-03-12 21:50:17 [INFO]    >> Progress: 4600/142859 (Skipping existing)
2026-03-12 21:50:24 [INFO]    >> Progress: 4700/142859 (Skipping existing)
2026-03-12 21:50:31 [INFO]    >> Progress: 4800/142859 (Skipping existing)
2026-03-12 21:50:38 [INFO]    >> Progress: 4900/142859 (Skipping existing)
2026-03-12 21:50:45 [INFO]    >> Progress: 5000/142859 (Skipping existing)
2026-03-12 21:50:52 [INFO]    >> Progress: 5100/142859 (Skipping existing)
2026-03-12 21:50:59 [INFO]    >> Progress: 5200/142859 (Skipping existing)
2026-03-12 21:51:06 [INFO]    >> Progress: 5300/142859 (Skipping existing)
2026-03-12 21:51:13 [INFO]    >> Progress: 5400/142859 (Skipping existing)
2026-03-12 21:51:20 [INFO]    >> Progress: 5500/142859 (Skipping existing)
2026-03-12 21:51:26 [INFO]    >> Progress: 5600/142859 (Skipping existing)
2026-03-12 21:51:33 [INFO]    >> Progress: 5700/142859 (Skipping existing)
2026-03-12 21:51:40 [INFO]    >> Progress: 5800/142859 (Skipping existing)
2026-03-12 21:51:47 [INFO]    >> Progress: 5900/142859 (Skipping existing)
2026-03-12 21:51:54 [INFO]    >> Progress: 6000/142859 (Skipping existing)
2026-03-12 21:52:01 [INFO]    >> Progress: 6100/142859 (Skipping existing)
2026-03-12 21:52:08 [INFO]    >> Progress: 6200/142859 (Skipping existing)
2026-03-12 21:52:15 [INFO]    >> Progress: 6300/142859 (Skipping existing)
2026-03-12 21:52:22 [INFO]    >> Progress: 6400/142859 (Skipping existing)
2026-03-12 21:52:29 [INFO]    >> Progress: 6500/142859 (Skipping existing)
2026-03-12 21:52:36 [INFO]    >> Progress: 6600/142859 (Skipping existing)
2026-03-12 21:52:43 [INFO]    >> Progress: 6700/142859 (Skipping existing)
2026-03-12 21:52:50 [INFO]    >> Progress: 6800/142859 (Skipping existing)
2026-03-12 21:52:57 [INFO]    >> Progress: 6900/142859 (Skipping existing)
2026-03-12 21:53:04 [INFO]    >> Progress: 7000/142859 (Skipping existing)
2026-03-12 21:53:11 [INFO]    >> Progress: 7100/142859 (Skipping existing)
2026-03-12 21:53:18 [INFO]    >> Progress: 7200/142859 (Skipping existing)
2026-03-12 21:53:24 [INFO]    >> Progress: 7300/142859 (Skipping existing)
2026-03-12 21:53:31 [INFO]    >> Progress: 7400/142859 (Skipping existing)
2026-03-12 21:53:38 [INFO]    >> Progress: 7500/142859 (Skipping existing)
2026-03-12 21:53:45 [INFO]    >> Progress: 7600/142859 (Skipping existing)
2026-03-12 21:53:52 [INFO]    >> Progress: 7700/142859 (Skipping existing)
2026-03-12 21:53:59 [INFO]    >> Progress: 7800/142859 (Skipping existing)
2026-03-12 21:54:05 [INFO]    >> Progress: 7900/142859 (Skipping existing)
2026-03-12 21:54:12 [INFO]    >> Progress: 8000/142859 (Skipping existing)
2026-03-12 21:54:19 [INFO]    >> Progress: 8100/142859 (Skipping existing)
2026-03-12 21:54:26 [INFO]    >> Progress: 8200/142859 (Skipping existing)
2026-03-12 21:54:33 [INFO]    >> Progress: 8300/142859 (Skipping existing)
2026-03-12 21:54:40 [INFO]    >> Progress: 8400/142859 (Skipping existing)
2026-03-12 21:54:47 [INFO]    >> Progress: 8500/142859 (Skipping existing)
2026-03-12 21:54:54 [INFO]    >> Progress: 8600/142859 (Skipping existing)
2026-03-12 21:55:01 [INFO]    >> Progress: 8700/142859 (Skipping existing)
2026-03-12 21:55:08 [INFO]    >> Progress: 8800/142859 (Skipping existing)
2026-03-12 21:55:15 [INFO]    >> Progress: 8900/142859 (Skipping existing)
2026-03-12 21:55:22 [INFO]    >> Progress: 9000/142859 (Skipping existing)
2026-03-12 21:55:29 [INFO]    >> Progress: 9100/142859 (Skipping existing)
2026-03-12 21:55:36 [INFO]    >> Progress: 9200/142859 (Skipping existing)
2026-03-12 21:55:42 [INFO]    >> Progress: 9300/142859 (Skipping existing)
2026-03-12 21:55:49 [INFO]    >> Progress: 9400/142859 (Skipping existing)
2026-03-12 21:55:56 [INFO]    >> Progress: 9500/142859 (Skipping existing)
2026-03-12 21:56:03 [INFO]    >> Progress: 9600/142859 (Skipping existing)
2026-03-12 21:56:10 [INFO]    >> Progress: 9700/142859 (Skipping existing)
2026-03-12 21:56:17 [INFO]    >> Progress: 9800/142859 (Skipping existing)
2026-03-12 21:56:23 [INFO]    >> Progress: 9900/142859 (Skipping existing)
2026-03-12 21:56:30 [INFO]    >> Progress: 10000/142859 (Skipping existing)
2026-03-12 21:56:37 [INFO]    >> Progress: 10100/142859 (Skipping existing)
2026-03-12 21:56:44 [INFO]    >> Progress: 10200/142859 (Skipping existing)
2026-03-12 21:56:51 [INFO]    >> Progress: 10300/142859 (Skipping existing)
2026-03-12 21:56:58 [INFO]    >> Progress: 10400/142859 (Skipping existing)
2026-03-12 21:57:05 [INFO]    >> Progress: 10500/142859 (Skipping existing)
2026-03-12 21:57:12 [INFO]    >> Progress: 10600/142859 (Skipping existing)
2026-03-12 21:57:19 [INFO]    >> Progress: 10700/142859 (Skipping existing)
2026-03-12 21:57:26 [INFO]    >> Progress: 10800/142859 (Skipping existing)
2026-03-12 21:57:33 [INFO]    >> Progress: 10900/142859 (Skipping existing)
2026-03-12 21:57:39 [INFO]    >> Progress: 11000/142859 (Skipping existing)
2026-03-12 21:57:46 [INFO]    >> Progress: 11100/142859 (Skipping existing)
2026-03-12 21:57:53 [INFO]    >> Progress: 11200/142859 (Skipping existing)
2026-03-12 21:58:00 [INFO]    >> Progress: 11300/142859 (Skipping existing)
2026-03-12 21:58:07 [INFO]    >> Progress: 11400/142859 (Skipping existing)
2026-03-12 21:58:14 [INFO]    >> Progress: 11500/142859 (Skipping existing)
2026-03-12 21:58:21 [INFO]    >> Progress: 11600/142859 (Skipping existing)
2026-03-12 21:58:28 [INFO]    >> Progress: 11700/142859 (Skipping existing)
2026-03-12 21:58:34 [INFO]    >> Progress: 11800/142859 (Skipping existing)
2026-03-12 21:58:41 [INFO]    >> Progress: 11900/142859 (Skipping existing)
2026-03-12 21:58:48 [INFO]    >> Progress: 12000/142859 (Skipping existing)
2026-03-12 21:58:55 [INFO]    >> Progress: 12100/142859 (Skipping existing)
2026-03-12 21:59:02 [INFO]    >> Progress: 12200/142859 (Skipping existing)
2026-03-12 21:59:09 [INFO]    >> Progress: 12300/142859 (Skipping existing)
2026-03-12 21:59:16 [INFO]    >> Progress: 12400/142859 (Skipping existing)
2026-03-12 21:59:22 [INFO]    >> Progress: 12500/142859 (Skipping existing)
2026-03-12 21:59:29 [INFO]    >> Progress: 12600/142859 (Skipping existing)
2026-03-12 21:59:34 [INFO]    >> Progress: 12700/142859 (Skipping existing)
2026-03-12 21:59:41 [INFO]    >> Progress: 12800/142859 (Skipping existing)
2026-03-12 21:59:48 [INFO]    >> Progress: 12900/142859 (Skipping existing)
2026-03-12 21:59:55 [INFO]    >> Progress: 13000/142859 (Skipping existing)
2026-03-12 22:00:02 [INFO]    >> Progress: 13100/142859 (Skipping existing)
2026-03-12 22:00:09 [INFO]    >> Progress: 13200/142859 (Skipping existing)
2026-03-12 22:00:16 [INFO]    >> Progress: 13300/142859 (Skipping existing)
2026-03-12 22:00:23 [INFO]    >> Progress: 13400/142859 (Skipping existing)
2026-03-12 22:00:30 [INFO]    >> Progress: 13500/142859 (Skipping existing)
2026-03-12 22:00:37 [INFO]    >> Progress: 13600/142859 (Skipping existing)
2026-03-12 22:00:44 [INFO]    >> Progress: 13700/142859 (Skipping existing)
2026-03-12 22:00:51 [INFO]    >> Progress: 13800/142859 (Skipping existing)
2026-03-12 22:00:58 [INFO]    >> Progress: 13900/142859 (Skipping existing)
2026-03-12 22:01:05 [INFO]    >> Progress: 14000/142859 (Skipping existing)
2026-03-12 22:01:12 [INFO]    >> Progress: 14100/142859 (Skipping existing)
2026-03-12 22:01:19 [INFO]    >> Progress: 14200/142859 (Skipping existing)
2026-03-12 22:01:26 [INFO]    >> Progress: 14300/142859 (Skipping existing)
2026-03-12 22:01:33 [INFO]    >> Progress: 14400/142859 (Skipping existing)
2026-03-12 22:01:40 [INFO]    >> Progress: 14500/142859 (Skipping existing)
2026-03-12 22:01:47 [INFO]    >> Progress: 14600/142859 (Skipping existing)
2026-03-12 22:01:54 [INFO]    >> Progress: 14700/142859 (Skipping existing)
2026-03-12 22:02:01 [INFO]    >> Progress: 14800/142859 (Skipping existing)
2026-03-12 22:02:08 [INFO]    >> Progress: 14900/142859 (Skipping existing)
2026-03-12 22:02:15 [INFO]    >> Progress: 15000/142859 (Skipping existing)
2026-03-12 22:02:22 [INFO]    >> Progress: 15100/142859 (Skipping existing)
2026-03-12 22:02:29 [INFO]    >> Progress: 15200/142859 (Skipping existing)
2026-03-12 22:02:36 [INFO]    >> Progress: 15300/142859 (Skipping existing)
2026-03-12 22:02:43 [INFO]    >> Progress: 15400/142859 (Skipping existing)
2026-03-12 22:02:50 [INFO]    >> Progress: 15500/142859 (Skipping existing)
2026-03-12 22:02:57 [INFO]    >> Progress: 15600/142859 (Skipping existing)
2026-03-12 22:03:04 [INFO]    >> Progress: 15700/142859 (Skipping existing)
2026-03-12 22:03:11 [INFO]    >> Progress: 15800/142859 (Skipping existing)
2026-03-12 22:03:18 [INFO]    >> Progress: 15900/142859 (Skipping existing)
2026-03-12 22:03:25 [INFO]    >> Progress: 16000/142859 (Skipping existing)
2026-03-12 22:03:32 [INFO]    >> Progress: 16100/142859 (Skipping existing)
2026-03-12 22:03:39 [INFO]    >> Progress: 16200/142859 (Skipping existing)
2026-03-12 22:03:45 [INFO]    >> Progress: 16300/142859 (Skipping existing)
2026-03-12 22:03:52 [INFO]    >> Progress: 16400/142859 (Skipping existing)
2026-03-12 22:03:59 [INFO]    >> Progress: 16500/142859 (Skipping existing)
2026-03-12 22:04:06 [INFO]    >> Progress: 16600/142859 (Skipping existing)
2026-03-12 22:04:13 [INFO]    >> Progress: 16700/142859 (Skipping existing)
2026-03-12 22:04:20 [INFO]    >> Progress: 16800/142859 (Skipping existing)
2026-03-12 22:04:27 [INFO]    >> Progress: 16900/142859 (Skipping existing)
2026-03-12 22:04:33 [INFO]    >> Progress: 17000/142859 (Skipping existing)
2026-03-12 22:04:40 [INFO]    >> Progress: 17100/142859 (Skipping existing)
2026-03-12 22:04:47 [INFO]    >> Progress: 17200/142859 (Skipping existing)
2026-03-12 22:04:54 [INFO]    >> Progress: 17300/142859 (Skipping existing)
2026-03-12 22:05:01 [INFO]    >> Progress: 17400/142859 (Skipping existing)
2026-03-12 22:05:08 [INFO]    >> Progress: 17500/142859 (Skipping existing)
2026-03-12 22:05:15 [INFO]    >> Progress: 17600/142859 (Skipping existing)
2026-03-12 22:05:22 [INFO]    >> Progress: 17700/142859 (Skipping existing)
2026-03-12 22:05:28 [INFO]    >> Progress: 17800/142859 (Skipping existing)
2026-03-12 22:05:35 [INFO]    >> Progress: 17900/142859 (Skipping existing)
2026-03-12 22:05:42 [INFO]    >> Progress: 18000/142859 (Skipping existing)
2026-03-12 22:05:49 [INFO]    >> Progress: 18100/142859 (Skipping existing)
2026-03-12 22:05:56 [INFO]    >> Progress: 18200/142859 (Skipping existing)
2026-03-12 22:06:03 [INFO]    >> Progress: 18300/142859 (Skipping existing)
2026-03-12 22:06:10 [INFO]    >> Progress: 18400/142859 (Skipping existing)
2026-03-12 22:06:17 [INFO]    >> Progress: 18500/142859 (Skipping existing)
2026-03-12 22:06:24 [INFO]    >> Progress: 18600/142859 (Skipping existing)
2026-03-12 22:06:30 [INFO]    >> Progress: 18700/142859 (Skipping existing)
2026-03-12 22:06:37 [INFO]    >> Progress: 18800/142859 (Skipping existing)
2026-03-12 22:06:44 [INFO]    >> Progress: 18900/142859 (Skipping existing)
2026-03-12 22:06:51 [INFO]    >> Progress: 19000/142859 (Skipping existing)
2026-03-12 22:06:58 [INFO]    >> Progress: 19100/142859 (Skipping existing)
2026-03-12 22:07:05 [INFO]    >> Progress: 19200/142859 (Skipping existing)
2026-03-12 22:07:12 [INFO]    >> Progress: 19300/142859 (Skipping existing)
2026-03-12 22:07:18 [INFO]    >> Progress: 19400/142859 (Skipping existing)
2026-03-12 22:07:25 [INFO]    >> Progress: 19500/142859 (Skipping existing)
2026-03-12 22:07:32 [INFO]    >> Progress: 19600/142859 (Skipping existing)
2026-03-12 22:07:39 [INFO]    >> Progress: 19700/142859 (Skipping existing)
2026-03-12 22:07:46 [INFO]    >> Progress: 19800/142859 (Skipping existing)
2026-03-12 22:07:53 [INFO]    >> Progress: 19900/142859 (Skipping existing)
2026-03-12 22:08:00 [INFO]    >> Progress: 20000/142859 (Skipping existing)
2026-03-12 22:08:07 [INFO]    >> Progress: 20100/142859 (Skipping existing)
2026-03-12 22:08:14 [INFO]    >> Progress: 20200/142859 (Skipping existing)
2026-03-12 22:08:21 [INFO]    >> Progress: 20300/142859 (Skipping existing)
2026-03-12 22:08:28 [INFO]    >> Progress: 20400/142859 (Skipping existing)
2026-03-12 22:08:35 [INFO]    >> Progress: 20500/142859 (Skipping existing)
2026-03-12 22:08:41 [INFO]    >> Progress: 20600/142859 (Skipping existing)
2026-03-12 22:08:48 [INFO]    >> Progress: 20700/142859 (Skipping existing)
2026-03-12 22:08:55 [INFO]    >> Progress: 20800/142859 (Skipping existing)
2026-03-12 22:09:02 [INFO]    >> Progress: 20900/142859 (Skipping existing)
2026-03-12 22:09:09 [INFO]    >> Progress: 21000/142859 (Skipping existing)
2026-03-12 22:09:16 [INFO]    >> Progress: 21100/142859 (Skipping existing)
2026-03-12 22:09:23 [INFO]    >> Progress: 21200/142859 (Skipping existing)
2026-03-12 22:09:30 [INFO]    >> Progress: 21300/142859 (Skipping existing)
2026-03-12 22:09:37 [INFO]    >> Progress: 21400/142859 (Skipping existing)
2026-03-12 22:09:44 [INFO]    >> Progress: 21500/142859 (Skipping existing)
2026-03-12 22:09:51 [INFO]    >> Progress: 21600/142859 (Skipping existing)
2026-03-12 22:09:58 [INFO]    >> Progress: 21700/142859 (Skipping existing)
2026-03-12 22:10:05 [INFO]    >> Progress: 21800/142859 (Skipping existing)
2026-03-12 22:10:12 [INFO]    >> Progress: 21900/142859 (Skipping existing)
2026-03-12 22:10:18 [INFO]    >> Progress: 22000/142859 (Skipping existing)
2026-03-12 22:10:25 [INFO]    >> Progress: 22100/142859 (Skipping existing)
2026-03-12 22:10:32 [INFO]    >> Progress: 22200/142859 (Skipping existing)
2026-03-12 22:10:39 [INFO]    >> Progress: 22300/142859 (Skipping existing)
2026-03-12 22:10:46 [INFO]    >> Progress: 22400/142859 (Skipping existing)
2026-03-12 22:10:53 [INFO]    >> Progress: 22500/142859 (Skipping existing)
2026-03-12 22:11:00 [INFO]    >> Progress: 22600/142859 (Skipping existing)
2026-03-12 22:11:06 [INFO]    >> Progress: 22700/142859 (Skipping existing)
2026-03-12 22:11:13 [INFO]    >> Progress: 22800/142859 (Skipping existing)
2026-03-12 22:11:20 [INFO]    >> Progress: 22900/142859 (Skipping existing)
2026-03-12 22:11:27 [INFO]    >> Progress: 23000/142859 (Skipping existing)
2026-03-12 22:11:34 [INFO]    >> Progress: 23100/142859 (Skipping existing)
2026-03-12 22:11:41 [INFO]    >> Progress: 23200/142859 (Skipping existing)
2026-03-12 22:11:48 [INFO]    >> Progress: 23300/142859 (Skipping existing)
2026-03-12 22:11:55 [INFO]    >> Progress: 23400/142859 (Skipping existing)
2026-03-12 22:12:02 [INFO]    >> Progress: 23500/142859 (Skipping existing)
2026-03-12 22:12:09 [INFO]    >> Progress: 23600/142859 (Skipping existing)
2026-03-12 22:12:15 [INFO]    >> Progress: 23700/142859 (Skipping existing)
2026-03-12 22:12:22 [INFO]    >> Progress: 23800/142859 (Skipping existing)
2026-03-12 22:12:29 [INFO]    >> Progress: 23900/142859 (Skipping existing)
2026-03-12 22:12:36 [INFO]    >> Progress: 24000/142859 (Skipping existing)
2026-03-12 22:12:41 [INFO]    >> Progress: 24100/142859 (Skipping existing)
2026-03-12 22:12:45 [INFO]    >> Progress: 24200/142859 (Skipping existing)
2026-03-12 22:12:52 [INFO]    >> Progress: 24300/142859 (Skipping existing)
2026-03-12 22:12:59 [INFO]    >> Progress: 24400/142859 (Skipping existing)
2026-03-12 22:13:06 [INFO]    >> Progress: 24500/142859 (Skipping existing)
2026-03-12 22:13:13 [INFO]    >> Progress: 24600/142859 (Skipping existing)
2026-03-12 22:13:20 [INFO]    >> Progress: 24700/142859 (Skipping existing)
2026-03-12 22:13:27 [INFO]    >> Progress: 24800/142859 (Skipping existing)
2026-03-12 22:13:34 [INFO]    >> Progress: 24900/142859 (Skipping existing)
2026-03-12 22:13:41 [INFO]    >> Progress: 25000/142859 (Skipping existing)
2026-03-12 22:13:47 [INFO]    >> Progress: 25100/142859 (Skipping existing)
2026-03-12 22:13:54 [INFO]    >> Progress: 25200/142859 (Skipping existing)
2026-03-12 22:14:01 [INFO]    >> Progress: 25300/142859 (Skipping existing)
2026-03-12 22:14:08 [INFO]    >> Progress: 25400/142859 (Skipping existing)
2026-03-12 22:14:15 [INFO]    >> Progress: 25500/142859 (Skipping existing)
2026-03-12 22:14:22 [INFO]    >> Progress: 25600/142859 (Skipping existing)
2026-03-12 22:14:29 [INFO]    >> Progress: 25700/142859 (Skipping existing)
2026-03-12 22:14:36 [INFO]    >> Progress: 25800/142859 (Skipping existing)
2026-03-12 22:14:43 [INFO]    >> Progress: 25900/142859 (Skipping existing)
2026-03-12 22:14:50 [INFO]    >> Progress: 26000/142859 (Skipping existing)
2026-03-12 22:14:57 [INFO]    >> Progress: 26100/142859 (Skipping existing)
2026-03-12 22:15:04 [INFO]    >> Progress: 26200/142859 (Skipping existing)
2026-03-12 22:15:10 [INFO]    >> Progress: 26300/142859 (Skipping existing)
2026-03-12 22:15:17 [INFO]    >> Progress: 26400/142859 (Skipping existing)
2026-03-12 22:15:24 [INFO]    >> Progress: 26500/142859 (Skipping existing)
2026-03-12 22:15:31 [INFO]    >> Progress: 26600/142859 (Skipping existing)
2026-03-12 22:15:38 [INFO]    >> Progress: 26700/142859 (Skipping existing)
2026-03-12 22:15:45 [INFO]    >> Progress: 26800/142859 (Skipping existing)
2026-03-12 22:15:52 [INFO]    >> Progress: 26900/142859 (Skipping existing)
2026-03-12 22:15:59 [INFO]    >> Progress: 27000/142859 (Skipping existing)
2026-03-12 22:16:06 [INFO]    >> Progress: 27100/142859 (Skipping existing)
2026-03-12 22:16:13 [INFO]    >> Progress: 27200/142859 (Skipping existing)
2026-03-12 22:16:20 [INFO]    >> Progress: 27300/142859 (Skipping existing)
2026-03-12 22:16:27 [INFO]    >> Progress: 27400/142859 (Skipping existing)
2026-03-12 22:16:34 [INFO]    >> Progress: 27500/142859 (Skipping existing)
2026-03-12 22:16:41 [INFO]    >> Progress: 27600/142859 (Skipping existing)
2026-03-12 22:16:48 [INFO]    >> Progress: 27700/142859 (Skipping existing)
2026-03-12 22:16:55 [INFO]    >> Progress: 27800/142859 (Skipping existing)
2026-03-12 22:17:02 [INFO]    >> Progress: 27900/142859 (Skipping existing)
2026-03-12 22:17:09 [INFO]    >> Progress: 28000/142859 (Skipping existing)
2026-03-12 22:17:16 [INFO]    >> Progress: 28100/142859 (Skipping existing)
2026-03-12 22:17:22 [INFO]    >> Progress: 28200/142859 (Skipping existing)
2026-03-12 22:17:29 [INFO]    >> Progress: 28300/142859 (Skipping existing)
2026-03-12 22:17:36 [INFO]    >> Progress: 28400/142859 (Skipping existing)
2026-03-12 22:17:43 [INFO]    >> Progress: 28500/142859 (Skipping existing)
2026-03-12 22:17:50 [INFO]    >> Progress: 28600/142859 (Skipping existing)
2026-03-12 22:17:57 [INFO]    >> Progress: 28700/142859 (Skipping existing)
2026-03-12 22:18:04 [INFO]    >> Progress: 28800/142859 (Skipping existing)
2026-03-12 22:18:10 [INFO]    >> Progress: 28900/142859 (Skipping existing)
2026-03-12 22:18:17 [INFO]    >> Progress: 29000/142859 (Skipping existing)
2026-03-12 22:18:24 [INFO]    >> Progress: 29100/142859 (Skipping existing)
2026-03-12 22:18:31 [INFO]    >> Progress: 29200/142859 (Skipping existing)
2026-03-12 22:18:38 [INFO]    >> Progress: 29300/142859 (Skipping existing)
2026-03-12 22:18:45 [INFO]    >> Progress: 29400/142859 (Skipping existing)
2026-03-12 22:18:52 [INFO]    >> Progress: 29500/142859 (Skipping existing)
2026-03-12 22:18:59 [INFO]    >> Progress: 29600/142859 (Skipping existing)
2026-03-12 22:19:06 [INFO]    >> Progress: 29700/142859 (Skipping existing)
2026-03-12 22:19:12 [INFO]    >> Progress: 29800/142859 (Skipping existing)
2026-03-12 22:19:19 [INFO]    >> Progress: 29900/142859 (Skipping existing)
2026-03-12 22:19:26 [INFO]    >> Progress: 30000/142859 (Skipping existing)
2026-03-12 22:19:33 [INFO]    >> Progress: 30100/142859 (Skipping existing)
2026-03-12 22:19:40 [INFO]    >> Progress: 30200/142859 (Skipping existing)
2026-03-12 22:19:47 [INFO]    >> Progress: 30300/142859 (Skipping existing)
2026-03-12 22:19:54 [INFO]    >> Progress: 30400/142859 (Skipping existing)
2026-03-12 22:20:01 [INFO]    >> Progress: 30500/142859 (Skipping existing)
2026-03-12 22:20:07 [INFO]    >> Progress: 30600/142859 (Skipping existing)
2026-03-12 22:20:14 [INFO]    >> Progress: 30700/142859 (Skipping existing)
2026-03-12 22:20:21 [INFO]    >> Progress: 30800/142859 (Skipping existing)
2026-03-12 22:20:28 [INFO]    >> Progress: 30900/142859 (Skipping existing)
2026-03-12 22:20:35 [INFO]    >> Progress: 31000/142859 (Skipping existing)
2026-03-12 22:20:42 [INFO]    >> Progress: 31100/142859 (Skipping existing)
2026-03-12 22:20:49 [INFO]    >> Progress: 31200/142859 (Skipping existing)
2026-03-12 22:20:56 [INFO]    >> Progress: 31300/142859 (Skipping existing)
2026-03-12 22:21:02 [INFO]    >> Progress: 31400/142859 (Skipping existing)
2026-03-12 22:21:09 [INFO]    >> Progress: 31500/142859 (Skipping existing)
2026-03-12 22:21:16 [INFO]    >> Progress: 31600/142859 (Skipping existing)
2026-03-12 22:21:23 [INFO]    >> Progress: 31700/142859 (Skipping existing)
2026-03-12 22:21:30 [INFO]    >> Progress: 31800/142859 (Skipping existing)
2026-03-12 22:21:37 [INFO]    >> Progress: 31900/142859 (Skipping existing)
2026-03-12 22:21:44 [INFO]    >> Progress: 32000/142859 (Skipping existing)
2026-03-12 22:21:51 [INFO]    >> Progress: 32100/142859 (Skipping existing)
2026-03-12 22:21:58 [INFO]    >> Progress: 32200/142859 (Skipping existing)
2026-03-12 22:22:05 [INFO]    >> Progress: 32300/142859 (Skipping existing)
2026-03-12 22:22:12 [INFO]    >> Progress: 32400/142859 (Skipping existing)
2026-03-12 22:22:19 [INFO]    >> Progress: 32500/142859 (Skipping existing)
2026-03-12 22:22:26 [INFO]    >> Progress: 32600/142859 (Skipping existing)
2026-03-12 22:22:33 [INFO]    >> Progress: 32700/142859 (Skipping existing)
2026-03-12 22:22:40 [INFO]    >> Progress: 32800/142859 (Skipping existing)
2026-03-12 22:22:47 [INFO]    >> Progress: 32900/142859 (Skipping existing)
2026-03-12 22:22:54 [INFO]    >> Progress: 33000/142859 (Skipping existing)
2026-03-12 22:23:01 [INFO]    >> Progress: 33100/142859 (Skipping existing)
2026-03-12 22:23:07 [INFO]    >> Progress: 33200/142859 (Skipping existing)
2026-03-12 22:23:14 [INFO]    >> Progress: 33300/142859 (Skipping existing)
2026-03-12 22:23:21 [INFO]    >> Progress: 33400/142859 (Skipping existing)
2026-03-12 22:23:28 [INFO]    >> Progress: 33500/142859 (Skipping existing)
2026-03-12 22:23:35 [INFO]    >> Progress: 33600/142859 (Skipping existing)
2026-03-12 22:23:42 [INFO]    >> Progress: 33700/142859 (Skipping existing)
2026-03-12 22:23:49 [INFO]    >> Progress: 33800/142859 (Skipping existing)
2026-03-12 22:23:56 [INFO]    >> Progress: 33900/142859 (Skipping existing)
2026-03-12 22:24:03 [INFO]    >> Progress: 34000/142859 (Skipping existing)
2026-03-12 22:24:10 [INFO]    >> Progress: 34100/142859 (Skipping existing)
2026-03-12 22:24:17 [INFO]    >> Progress: 34200/142859 (Skipping existing)
2026-03-12 22:24:24 [INFO]    >> Progress: 34300/142859 (Skipping existing)
2026-03-12 22:24:31 [INFO]    >> Progress: 34400/142859 (Skipping existing)
2026-03-12 22:24:38 [INFO]    >> Progress: 34500/142859 (Skipping existing)
2026-03-12 22:24:45 [INFO]    >> Progress: 34600/142859 (Skipping existing)
2026-03-12 22:24:53 [INFO]    >> Progress: 34700/142859 (Skipping existing)
2026-03-12 22:25:00 [INFO]    >> Progress: 34800/142859 (Skipping existing)
2026-03-12 22:25:06 [INFO]    >> Progress: 34900/142859 (Skipping existing)
2026-03-12 22:25:13 [INFO]    >> Progress: 35000/142859 (Skipping existing)
2026-03-12 22:25:20 [INFO]    >> Progress: 35100/142859 (Skipping existing)
2026-03-12 22:25:27 [INFO]    >> Progress: 35200/142859 (Skipping existing)
2026-03-12 22:25:34 [INFO]    >> Progress: 35300/142859 (Skipping existing)
2026-03-12 22:25:41 [INFO]    >> Progress: 35400/142859 (Skipping existing)
2026-03-12 22:25:48 [INFO]    >> Progress: 35500/142859 (Skipping existing)
2026-03-12 22:25:55 [INFO]    >> Progress: 35600/142859 (Skipping existing)
2026-03-12 22:26:02 [INFO]    >> Progress: 35700/142859 (Skipping existing)
2026-03-12 22:26:09 [INFO]    >> Progress: 35800/142859 (Skipping existing)
2026-03-12 22:26:15 [INFO]    >> Progress: 35900/142859 (Skipping existing)
2026-03-12 22:26:23 [INFO]    >> Progress: 36000/142859 (Skipping existing)
2026-03-12 22:26:30 [INFO]    >> Progress: 36100/142859 (Skipping existing)
2026-03-12 22:26:37 [INFO]    >> Progress: 36200/142859 (Skipping existing)
2026-03-12 22:26:44 [INFO]    >> Progress: 36300/142859 (Skipping existing)
2026-03-12 22:26:51 [INFO]    >> Progress: 36400/142859 (Skipping existing)
2026-03-12 22:26:58 [INFO]    >> Progress: 36500/142859 (Skipping existing)
2026-03-12 22:27:05 [INFO]    >> Progress: 36600/142859 (Skipping existing)
2026-03-12 22:27:12 [INFO]    >> Progress: 36700/142859 (Skipping existing)
2026-03-12 22:27:19 [INFO]    >> Progress: 36800/142859 (Skipping existing)
2026-03-12 22:27:26 [INFO]    >> Progress: 36900/142859 (Skipping existing)
2026-03-12 22:27:33 [INFO]    >> Progress: 37000/142859 (Skipping existing)
2026-03-12 22:27:40 [INFO]    >> Progress: 37100/142859 (Skipping existing)
2026-03-12 22:27:47 [INFO]    >> Progress: 37200/142859 (Skipping existing)
2026-03-12 22:27:54 [INFO]    >> Progress: 37300/142859 (Skipping existing)
2026-03-12 22:28:01 [INFO]    >> Progress: 37400/142859 (Skipping existing)
2026-03-12 22:28:08 [INFO]    >> Progress: 37500/142859 (Skipping existing)
2026-03-12 22:28:16 [INFO]    >> Progress: 37600/142859 (Skipping existing)
2026-03-12 22:28:23 [INFO]    >> Progress: 37700/142859 (Skipping existing)
2026-03-12 22:28:30 [INFO]    >> Progress: 37800/142859 (Skipping existing)
2026-03-12 22:28:37 [INFO]    >> Progress: 37900/142859 (Skipping existing)
2026-03-12 22:28:44 [INFO]    >> Progress: 38000/142859 (Skipping existing)
2026-03-12 22:28:51 [INFO]    >> Progress: 38100/142859 (Skipping existing)
2026-03-12 22:28:59 [INFO]    >> Progress: 38200/142859 (Skipping existing)
2026-03-12 22:29:06 [INFO]    >> Progress: 38300/142859 (Skipping existing)
2026-03-12 22:29:13 [INFO]    >> Progress: 38400/142859 (Skipping existing)
2026-03-12 22:29:20 [INFO]    >> Progress: 38500/142859 (Skipping existing)
2026-03-12 22:29:27 [INFO]    >> Progress: 38600/142859 (Skipping existing)
2026-03-12 22:29:34 [INFO]    >> Progress: 38700/142859 (Skipping existing)
2026-03-12 22:29:41 [INFO]    >> Progress: 38800/142859 (Skipping existing)
2026-03-12 22:29:49 [INFO]    >> Progress: 38900/142859 (Skipping existing)
2026-03-12 22:29:56 [INFO]    >> Progress: 39000/142859 (Skipping existing)
2026-03-12 22:30:03 [INFO]    >> Progress: 39100/142859 (Skipping existing)
2026-03-12 22:30:10 [INFO]    >> Progress: 39200/142859 (Skipping existing)
2026-03-12 22:30:17 [INFO]    >> Progress: 39300/142859 (Skipping existing)
2026-03-12 22:30:24 [INFO]    >> Progress: 39400/142859 (Skipping existing)
2026-03-12 22:30:31 [INFO]    >> Progress: 39500/142859 (Skipping existing)
2026-03-12 22:30:39 [INFO]    >> Progress: 39600/142859 (Skipping existing)
2026-03-12 22:30:46 [INFO]    >> Progress: 39700/142859 (Skipping existing)
2026-03-12 22:30:53 [INFO]    >> Progress: 39800/142859 (Skipping existing)
2026-03-12 22:31:00 [INFO]    >> Progress: 39900/142859 (Skipping existing)
2026-03-12 22:31:07 [INFO]    >> Progress: 40000/142859 (Skipping existing)
2026-03-12 22:31:14 [INFO]    >> Progress: 40100/142859 (Skipping existing)
2026-03-12 22:31:21 [INFO]    >> Progress: 40200/142859 (Skipping existing)
2026-03-12 22:31:28 [INFO]    >> Progress: 40300/142859 (Skipping existing)
2026-03-12 22:31:35 [INFO]    >> Progress: 40400/142859 (Skipping existing)
2026-03-12 22:31:42 [INFO]    >> Progress: 40500/142859 (Skipping existing)
2026-03-12 22:31:49 [INFO]    >> Progress: 40600/142859 (Skipping existing)
2026-03-12 22:31:57 [INFO]    >> Progress: 40700/142859 (Skipping existing)
2026-03-12 22:32:04 [INFO]    >> Progress: 40800/142859 (Skipping existing)
2026-03-12 22:32:11 [INFO]    >> Progress: 40900/142859 (Skipping existing)
2026-03-12 22:32:18 [INFO]    >> Progress: 41000/142859 (Skipping existing)
2026-03-12 22:32:25 [INFO]    >> Progress: 41100/142859 (Skipping existing)
2026-03-12 22:32:33 [INFO]    >> Progress: 41200/142859 (Skipping existing)
2026-03-12 22:32:40 [INFO]    >> Progress: 41300/142859 (Skipping existing)
2026-03-12 22:32:47 [INFO]    >> Progress: 41400/142859 (Skipping existing)
2026-03-12 22:32:54 [INFO]    >> Progress: 41500/142859 (Skipping existing)
2026-03-12 22:33:01 [INFO]    >> Progress: 41600/142859 (Skipping existing)
2026-03-12 22:33:08 [INFO]    >> Progress: 41700/142859 (Skipping existing)
2026-03-12 22:33:15 [INFO]    >> Progress: 41800/142859 (Skipping existing)
2026-03-12 22:33:22 [INFO]    >> Progress: 41900/142859 (Skipping existing)
2026-03-12 22:33:29 [INFO]    >> Progress: 42000/142859 (Skipping existing)
2026-03-12 22:33:37 [INFO]    >> Progress: 42100/142859 (Skipping existing)
2026-03-12 22:33:44 [INFO]    >> Progress: 42200/142859 (Skipping existing)
2026-03-12 22:33:51 [INFO]    >> Progress: 42300/142859 (Skipping existing)
2026-03-12 22:33:58 [INFO]    >> Progress: 42400/142859 (Skipping existing)
2026-03-12 22:34:05 [INFO]    >> Progress: 42500/142859 (Skipping existing)
2026-03-12 22:34:12 [INFO]    >> Progress: 42600/142859 (Skipping existing)
2026-03-12 22:34:19 [INFO]    >> Progress: 42700/142859 (Skipping existing)
2026-03-12 22:34:26 [INFO]    >> Progress: 42800/142859 (Skipping existing)
2026-03-12 22:34:33 [INFO]    >> Progress: 42900/142859 (Skipping existing)
2026-03-12 22:34:40 [INFO]    >> Progress: 43000/142859 (Skipping existing)
2026-03-12 22:34:48 [INFO]    >> Progress: 43100/142859 (Skipping existing)
2026-03-12 22:34:55 [INFO]    >> Progress: 43200/142859 (Skipping existing)
2026-03-12 22:35:02 [INFO]    >> Progress: 43300/142859 (Skipping existing)
2026-03-12 22:35:09 [INFO]    >> Progress: 43400/142859 (Skipping existing)
2026-03-12 22:35:16 [INFO]    >> Progress: 43500/142859 (Skipping existing)
2026-03-12 22:35:23 [INFO]    >> Progress: 43600/142859 (Skipping existing)
2026-03-12 22:35:30 [INFO]    >> Progress: 43700/142859 (Skipping existing)
2026-03-12 22:35:37 [INFO]    >> Progress: 43800/142859 (Skipping existing)
2026-03-12 22:35:44 [INFO]    >> Progress: 43900/142859 (Skipping existing)
2026-03-12 22:35:51 [INFO]    >> Progress: 44000/142859 (Skipping existing)
2026-03-12 22:35:59 [INFO]    >> Progress: 44100/142859 (Skipping existing)
2026-03-12 22:36:06 [INFO]    >> Progress: 44200/142859 (Skipping existing)
2026-03-12 22:36:12 [INFO]    >> Progress: 44300/142859 (Skipping existing)
2026-03-12 22:36:19 [INFO]    >> Progress: 44400/142859 (Skipping existing)
2026-03-12 22:36:26 [INFO]    >> Progress: 44500/142859 (Skipping existing)
2026-03-12 22:36:33 [INFO]    >> Progress: 44600/142859 (Skipping existing)
2026-03-12 22:36:41 [INFO]    >> Progress: 44700/142859 (Skipping existing)
2026-03-12 22:36:48 [INFO]    >> Progress: 44800/142859 (Skipping existing)
2026-03-12 22:36:55 [INFO]    >> Progress: 44900/142859 (Skipping existing)
2026-03-12 22:37:02 [INFO]    >> Progress: 45000/142859 (Skipping existing)
2026-03-12 22:37:09 [INFO]    >> Progress: 45100/142859 (Skipping existing)
2026-03-12 22:37:16 [INFO]    >> Progress: 45200/142859 (Skipping existing)
2026-03-12 22:37:23 [INFO]    >> Progress: 45300/142859 (Skipping existing)
2026-03-12 22:37:30 [INFO]    >> Progress: 45400/142859 (Skipping existing)
2026-03-12 22:37:37 [INFO]    >> Progress: 45500/142859 (Skipping existing)
2026-03-12 22:37:44 [INFO]    >> Progress: 45600/142859 (Skipping existing)
2026-03-12 22:37:51 [INFO]    >> Progress: 45700/142859 (Skipping existing)
2026-03-12 22:37:57 [INFO]    >> Progress: 45800/142859 (Skipping existing)
2026-03-12 22:38:04 [INFO]    >> Progress: 45900/142859 (Skipping existing)
2026-03-12 22:38:11 [INFO]    >> Progress: 46000/142859 (Skipping existing)
2026-03-12 22:38:18 [INFO]    >> Progress: 46100/142859 (Skipping existing)
2026-03-12 22:38:25 [INFO]    >> Progress: 46200/142859 (Skipping existing)
2026-03-12 22:38:32 [INFO]    >> Progress: 46300/142859 (Skipping existing)
2026-03-12 22:38:39 [INFO]    >> Progress: 46400/142859 (Skipping existing)
2026-03-12 22:38:46 [INFO]    >> Progress: 46500/142859 (Skipping existing)
2026-03-12 22:38:53 [INFO]    >> Progress: 46600/142859 (Skipping existing)
2026-03-12 22:39:00 [INFO]    >> Progress: 46700/142859 (Skipping existing)
2026-03-12 22:39:07 [INFO]    >> Progress: 46800/142859 (Skipping existing)
2026-03-12 22:39:14 [INFO]    >> Progress: 46900/142859 (Skipping existing)
2026-03-12 22:39:21 [INFO]    >> Progress: 47000/142859 (Skipping existing)
2026-03-12 22:39:28 [INFO]    >> Progress: 47100/142859 (Skipping existing)
2026-03-12 22:39:35 [INFO]    >> Progress: 47200/142859 (Skipping existing)
2026-03-12 22:39:42 [INFO]    >> Progress: 47300/142859 (Skipping existing)
2026-03-12 22:39:49 [INFO]    >> Progress: 47400/142859 (Skipping existing)
2026-03-12 22:39:55 [INFO]    >> Progress: 47500/142859 (Skipping existing)
2026-03-12 22:40:02 [INFO]    >> Progress: 47600/142859 (Skipping existing)
2026-03-12 22:40:09 [INFO]    >> Progress: 47700/142859 (Skipping existing)
2026-03-12 22:40:16 [INFO]    >> Progress: 47800/142859 (Skipping existing)
2026-03-12 22:40:23 [INFO]    >> Progress: 47900/142859 (Skipping existing)
2026-03-12 22:40:30 [INFO]    >> Progress: 48000/142859 (Skipping existing)
2026-03-12 22:40:37 [INFO]    >> Progress: 48100/142859 (Skipping existing)
2026-03-12 22:40:44 [INFO]    >> Progress: 48200/142859 (Skipping existing)
2026-03-12 22:40:51 [INFO]    >> Progress: 48300/142859 (Skipping existing)
2026-03-12 22:40:58 [INFO]    >> Progress: 48400/142859 (Skipping existing)
2026-03-12 22:41:05 [INFO]    >> Progress: 48500/142859 (Skipping existing)
2026-03-12 22:41:12 [INFO]    >> Progress: 48600/142859 (Skipping existing)
2026-03-12 22:41:18 [INFO]    >> Progress: 48700/142859 (Skipping existing)
2026-03-12 22:41:25 [INFO]    >> Progress: 48800/142859 (Skipping existing)
2026-03-12 22:41:32 [INFO]    >> Progress: 48900/142859 (Skipping existing)
2026-03-12 22:41:39 [INFO]    >> Progress: 49000/142859 (Skipping existing)
2026-03-12 22:41:46 [INFO]    >> Progress: 49100/142859 (Skipping existing)
2026-03-12 22:41:53 [INFO]    >> Progress: 49200/142859 (Skipping existing)
2026-03-12 22:42:00 [INFO]    >> Progress: 49300/142859 (Skipping existing)
2026-03-12 22:42:07 [INFO]    >> Progress: 49400/142859 (Skipping existing)
2026-03-12 22:42:14 [INFO]    >> Progress: 49500/142859 (Skipping existing)
2026-03-12 22:42:21 [INFO]    >> Progress: 49600/142859 (Skipping existing)
2026-03-12 22:42:28 [INFO]    >> Progress: 49700/142859 (Skipping existing)
2026-03-12 22:42:35 [INFO]    >> Progress: 49800/142859 (Skipping existing)
2026-03-12 22:42:42 [INFO]    >> Progress: 49900/142859 (Skipping existing)
2026-03-12 22:42:49 [INFO]    >> Progress: 50000/142859 (Skipping existing)
2026-03-12 22:42:56 [INFO]    >> Progress: 50100/142859 (Skipping existing)
2026-03-12 22:43:03 [INFO]    >> Progress: 50200/142859 (Skipping existing)
2026-03-12 22:43:10 [INFO]    >> Progress: 50300/142859 (Skipping existing)
2026-03-12 22:43:17 [INFO]    >> Progress: 50400/142859 (Skipping existing)
2026-03-12 22:43:24 [INFO]    >> Progress: 50500/142859 (Skipping existing)
2026-03-12 22:43:31 [INFO]    >> Progress: 50600/142859 (Skipping existing)
2026-03-12 22:43:38 [INFO]    >> Progress: 50700/142859 (Skipping existing)
2026-03-12 22:43:44 [INFO]    >> Progress: 50800/142859 (Skipping existing)
2026-03-12 22:43:51 [INFO]    >> Progress: 50900/142859 (Skipping existing)
2026-03-12 22:43:58 [INFO]    >> Progress: 51000/142859 (Skipping existing)
2026-03-12 22:44:05 [INFO]    >> Progress: 51100/142859 (Skipping existing)
2026-03-12 22:44:12 [INFO]    >> Progress: 51200/142859 (Skipping existing)
2026-03-12 22:44:19 [INFO]    >> Progress: 51300/142859 (Skipping existing)
2026-03-12 22:44:26 [INFO]    >> Progress: 51400/142859 (Skipping existing)
2026-03-12 22:44:33 [INFO]    >> Progress: 51500/142859 (Skipping existing)
2026-03-12 22:44:40 [INFO]    >> Progress: 51600/142859 (Skipping existing)
2026-03-12 22:44:47 [INFO]    >> Progress: 51700/142859 (Skipping existing)
2026-03-12 22:44:55 [INFO]    >> Progress: 51800/142859 (Skipping existing)
2026-03-12 22:45:02 [INFO]    >> Progress: 51900/142859 (Skipping existing)
2026-03-12 22:45:08 [INFO]    >> Progress: 52000/142859 (Skipping existing)
2026-03-12 22:45:15 [INFO]    >> Progress: 52100/142859 (Skipping existing)
2026-03-12 22:45:22 [INFO]    >> Progress: 52200/142859 (Skipping existing)
2026-03-12 22:45:29 [INFO]    >> Progress: 52300/142859 (Skipping existing)
2026-03-12 22:45:36 [INFO]    >> Progress: 52400/142859 (Skipping existing)
2026-03-12 22:45:43 [INFO]    >> Progress: 52500/142859 (Skipping existing)
2026-03-12 22:45:50 [INFO]    >> Progress: 52600/142859 (Skipping existing)
2026-03-12 22:45:57 [INFO]    >> Progress: 52700/142859 (Skipping existing)
2026-03-12 22:46:04 [INFO]    >> Progress: 52800/142859 (Skipping existing)
2026-03-12 22:46:11 [INFO]    >> Progress: 52900/142859 (Skipping existing)
2026-03-12 22:46:18 [INFO]    >> Progress: 53000/142859 (Skipping existing)
2026-03-12 22:46:25 [INFO]    >> Progress: 53100/142859 (Skipping existing)
2026-03-12 22:46:32 [INFO]    >> Progress: 53200/142859 (Skipping existing)
2026-03-12 22:46:39 [INFO]    >> Progress: 53300/142859 (Skipping existing)
2026-03-12 22:46:46 [INFO]    >> Progress: 53400/142859 (Skipping existing)
2026-03-12 22:46:53 [INFO]    >> Progress: 53500/142859 (Skipping existing)
2026-03-12 22:47:00 [INFO]    >> Progress: 53600/142859 (Skipping existing)
2026-03-12 22:47:07 [INFO]    >> Progress: 53700/142859 (Skipping existing)
2026-03-12 22:47:14 [INFO]    >> Progress: 53800/142859 (Skipping existing)
2026-03-12 22:47:21 [INFO]    >> Progress: 53900/142859 (Skipping existing)
2026-03-12 22:47:28 [INFO]    >> Progress: 54000/142859 (Skipping existing)
2026-03-12 22:47:35 [INFO]    >> Progress: 54100/142859 (Skipping existing)
2026-03-12 22:47:42 [INFO]    >> Progress: 54200/142859 (Skipping existing)
2026-03-12 22:47:49 [INFO]    >> Progress: 54300/142859 (Skipping existing)
2026-03-12 22:47:56 [INFO]    >> Progress: 54400/142859 (Skipping existing)
2026-03-12 22:48:03 [INFO]    >> Progress: 54500/142859 (Skipping existing)
2026-03-12 22:48:10 [INFO]    >> Progress: 54600/142859 (Skipping existing)
2026-03-12 22:48:17 [INFO]    >> Progress: 54700/142859 (Skipping existing)
2026-03-12 22:48:24 [INFO]    >> Progress: 54800/142859 (Skipping existing)
2026-03-12 22:48:31 [INFO]    >> Progress: 54900/142859 (Skipping existing)
2026-03-12 22:48:38 [INFO]    >> Progress: 55000/142859 (Skipping existing)
2026-03-12 22:48:45 [INFO]    >> Progress: 55100/142859 (Skipping existing)
2026-03-12 22:48:52 [INFO]    >> Progress: 55200/142859 (Skipping existing)
2026-03-12 22:48:59 [INFO]    >> Progress: 55300/142859 (Skipping existing)
2026-03-12 22:49:06 [INFO]    >> Progress: 55400/142859 (Skipping existing)
2026-03-12 22:49:12 [INFO]    >> Progress: 55500/142859 (Skipping existing)
2026-03-12 22:49:19 [INFO]    >> Progress: 55600/142859 (Skipping existing)
2026-03-12 22:49:26 [INFO]    >> Progress: 55700/142859 (Skipping existing)
2026-03-12 22:49:33 [INFO]    >> Progress: 55800/142859 (Skipping existing)
2026-03-12 22:49:40 [INFO]    >> Progress: 55900/142859 (Skipping existing)
2026-03-12 22:49:47 [INFO]    >> Progress: 56000/142859 (Skipping existing)
2026-03-12 22:49:54 [INFO]    >> Progress: 56100/142859 (Skipping existing)
2026-03-12 22:50:01 [INFO]    >> Progress: 56200/142859 (Skipping existing)
2026-03-12 22:50:08 [INFO]    >> Progress: 56300/142859 (Skipping existing)
2026-03-12 22:50:15 [INFO]    >> Progress: 56400/142859 (Skipping existing)
2026-03-12 22:50:22 [INFO]    >> Progress: 56500/142859 (Skipping existing)
2026-03-12 22:50:29 [INFO]    >> Progress: 56600/142859 (Skipping existing)
2026-03-12 22:50:35 [INFO]    >> Progress: 56700/142859 (Skipping existing)
2026-03-12 22:50:42 [INFO]    >> Progress: 56800/142859 (Skipping existing)
2026-03-12 22:50:49 [INFO]    >> Progress: 56900/142859 (Skipping existing)
2026-03-12 22:50:56 [INFO]    >> Progress: 57000/142859 (Skipping existing)
2026-03-12 22:51:03 [INFO]    >> Progress: 57100/142859 (Skipping existing)
2026-03-12 22:51:11 [INFO]    >> Progress: 57200/142859 (Skipping existing)
2026-03-12 22:51:17 [INFO]    >> Progress: 57300/142859 (Skipping existing)
2026-03-12 22:51:25 [INFO]    >> Progress: 57400/142859 (Skipping existing)
2026-03-12 22:51:32 [INFO]    >> Progress: 57500/142859 (Skipping existing)
2026-03-12 22:51:39 [INFO]    >> Progress: 57600/142859 (Skipping existing)
2026-03-12 22:51:46 [INFO]    >> Progress: 57700/142859 (Skipping existing)
2026-03-12 22:51:53 [INFO]    >> Progress: 57800/142859 (Skipping existing)
2026-03-12 22:52:00 [INFO]    >> Progress: 57900/142859 (Skipping existing)
2026-03-12 22:52:07 [INFO]    >> Progress: 58000/142859 (Skipping existing)
2026-03-12 22:52:14 [INFO]    >> Progress: 58100/142859 (Skipping existing)
2026-03-12 22:52:21 [INFO]    >> Progress: 58200/142859 (Skipping existing)
2026-03-12 22:52:28 [INFO]    >> Progress: 58300/142859 (Skipping existing)
2026-03-12 22:52:35 [INFO]    >> Progress: 58400/142859 (Skipping existing)
2026-03-12 22:52:42 [INFO]    >> Progress: 58500/142859 (Skipping existing)
2026-03-12 22:52:49 [INFO]    >> Progress: 58600/142859 (Skipping existing)
2026-03-12 22:52:56 [INFO]    >> Progress: 58700/142859 (Skipping existing)
2026-03-12 22:53:03 [INFO]    >> Progress: 58800/142859 (Skipping existing)
2026-03-12 22:53:10 [INFO]    >> Progress: 58900/142859 (Skipping existing)
2026-03-12 22:53:17 [INFO]    >> Progress: 59000/142859 (Skipping existing)
2026-03-12 22:53:24 [INFO]    >> Progress: 59100/142859 (Skipping existing)
2026-03-12 22:53:31 [INFO]    >> Progress: 59200/142859 (Skipping existing)
2026-03-12 22:53:38 [INFO]    >> Progress: 59300/142859 (Skipping existing)
2026-03-12 22:53:45 [INFO]    >> Progress: 59400/142859 (Skipping existing)
2026-03-12 22:53:52 [INFO]    >> Progress: 59500/142859 (Skipping existing)
2026-03-12 22:53:59 [INFO]    >> Progress: 59600/142859 (Skipping existing)
2026-03-12 22:54:06 [INFO]    >> Progress: 59700/142859 (Skipping existing)
2026-03-12 22:54:13 [INFO]    >> Progress: 59800/142859 (Skipping existing)
2026-03-12 22:54:19 [INFO]    >> Progress: 59900/142859 (Skipping existing)
2026-03-12 22:54:26 [INFO]    >> Progress: 60000/142859 (Skipping existing)
2026-03-12 22:54:33 [INFO]    >> Progress: 60100/142859 (Skipping existing)
2026-03-12 22:54:40 [INFO]    >> Progress: 60200/142859 (Skipping existing)
2026-03-12 22:54:47 [INFO]    >> Progress: 60300/142859 (Skipping existing)
2026-03-12 22:54:54 [INFO]    >> Progress: 60400/142859 (Skipping existing)
2026-03-12 22:55:00 [INFO]    >> Progress: 60500/142859 (Skipping existing)
2026-03-12 22:55:07 [INFO]    >> Progress: 60600/142859 (Skipping existing)
2026-03-12 22:55:14 [INFO]    >> Progress: 60700/142859 (Skipping existing)
2026-03-12 22:55:21 [INFO]    >> Progress: 60800/142859 (Skipping existing)
2026-03-12 22:55:28 [INFO]    >> Progress: 60900/142859 (Skipping existing)
2026-03-12 22:55:35 [INFO]    >> Progress: 61000/142859 (Skipping existing)
2026-03-12 22:55:42 [INFO]    >> Progress: 61100/142859 (Skipping existing)
2026-03-12 22:55:49 [INFO]    >> Progress: 61200/142859 (Skipping existing)
2026-03-12 22:55:56 [INFO]    >> Progress: 61300/142859 (Skipping existing)
2026-03-12 22:56:02 [INFO]    >> Progress: 61400/142859 (Skipping existing)
2026-03-12 22:56:09 [INFO]    >> Progress: 61500/142859 (Skipping existing)
2026-03-12 22:56:16 [INFO]    >> Progress: 61600/142859 (Skipping existing)
2026-03-12 22:56:23 [INFO]    >> Progress: 61700/142859 (Skipping existing)
2026-03-12 22:56:29 [INFO]    >> Progress: 61800/142859 (Skipping existing)
2026-03-12 22:56:36 [INFO]    >> Progress: 61900/142859 (Skipping existing)
2026-03-12 22:56:43 [INFO]    >> Progress: 62000/142859 (Skipping existing)
2026-03-12 22:56:50 [INFO]    >> Progress: 62100/142859 (Skipping existing)
2026-03-12 22:56:57 [INFO]    >> Progress: 62200/142859 (Skipping existing)
2026-03-12 22:57:04 [INFO]    >> Progress: 62300/142859 (Skipping existing)
2026-03-12 22:57:11 [INFO]    >> Progress: 62400/142859 (Skipping existing)
2026-03-12 22:57:18 [INFO]    >> Progress: 62500/142859 (Skipping existing)
2026-03-12 22:57:25 [INFO]    >> Progress: 62600/142859 (Skipping existing)
2026-03-12 22:57:32 [INFO]    >> Progress: 62700/142859 (Skipping existing)
2026-03-12 22:57:39 [INFO]    >> Progress: 62800/142859 (Skipping existing)
2026-03-12 22:57:46 [INFO]    >> Progress: 62900/142859 (Skipping existing)
2026-03-12 22:57:53 [INFO]    >> Progress: 63000/142859 (Skipping existing)
2026-03-12 22:58:00 [INFO]    >> Progress: 63100/142859 (Skipping existing)
2026-03-12 22:58:06 [INFO]    >> Progress: 63200/142859 (Skipping existing)
2026-03-12 22:58:13 [INFO]    >> Progress: 63300/142859 (Skipping existing)
2026-03-12 22:58:20 [INFO]    >> Progress: 63400/142859 (Skipping existing)
2026-03-12 22:58:27 [INFO]    >> Progress: 63500/142859 (Skipping existing)
2026-03-12 22:58:34 [INFO]    >> Progress: 63600/142859 (Skipping existing)
2026-03-12 22:58:41 [INFO]    >> Progress: 63700/142859 (Skipping existing)
2026-03-12 22:58:48 [INFO]    >> Progress: 63800/142859 (Skipping existing)
2026-03-12 22:58:55 [INFO]    >> Progress: 63900/142859 (Skipping existing)
2026-03-12 22:59:02 [INFO]    >> Progress: 64000/142859 (Skipping existing)
2026-03-12 22:59:09 [INFO]    >> Progress: 64100/142859 (Skipping existing)
2026-03-12 22:59:16 [INFO]    >> Progress: 64200/142859 (Skipping existing)
2026-03-12 22:59:22 [INFO]    >> Progress: 64300/142859 (Skipping existing)
2026-03-12 22:59:29 [INFO]    >> Progress: 64400/142859 (Skipping existing)
2026-03-12 22:59:36 [INFO]    >> Progress: 64500/142859 (Skipping existing)
2026-03-12 22:59:43 [INFO]    >> Progress: 64600/142859 (Skipping existing)
2026-03-12 22:59:50 [INFO]    >> Progress: 64700/142859 (Skipping existing)
2026-03-12 22:59:57 [INFO]    >> Progress: 64800/142859 (Skipping existing)
2026-03-12 23:00:04 [INFO]    >> Progress: 64900/142859 (Skipping existing)
2026-03-12 23:00:11 [INFO]    >> Progress: 65000/142859 (Skipping existing)
2026-03-12 23:00:18 [INFO]    >> Progress: 65100/142859 (Skipping existing)
2026-03-12 23:00:25 [INFO]    >> Progress: 65200/142859 (Skipping existing)
2026-03-12 23:00:32 [INFO]    >> Progress: 65300/142859 (Skipping existing)
2026-03-12 23:00:38 [INFO]    >> Progress: 65400/142859 (Skipping existing)
2026-03-12 23:00:45 [INFO]    >> Progress: 65500/142859 (Skipping existing)
2026-03-12 23:00:52 [INFO]    >> Progress: 65600/142859 (Skipping existing)
2026-03-12 23:00:59 [INFO]    >> Progress: 65700/142859 (Skipping existing)
2026-03-12 23:01:06 [INFO]    >> Progress: 65800/142859 (Skipping existing)
2026-03-12 23:01:13 [INFO]    >> Progress: 65900/142859 (Skipping existing)
2026-03-12 23:01:20 [INFO]    >> Progress: 66000/142859 (Skipping existing)
2026-03-12 23:01:27 [INFO]    >> Progress: 66100/142859 (Skipping existing)
2026-03-12 23:01:34 [INFO]    >> Progress: 66200/142859 (Skipping existing)
2026-03-12 23:01:41 [INFO]    >> Progress: 66300/142859 (Skipping existing)
2026-03-12 23:01:48 [INFO]    >> Progress: 66400/142859 (Skipping existing)
2026-03-12 23:01:55 [INFO]    >> Progress: 66500/142859 (Skipping existing)
2026-03-12 23:02:02 [INFO]    >> Progress: 66600/142859 (Skipping existing)
2026-03-12 23:02:09 [INFO]    >> Progress: 66700/142859 (Skipping existing)
2026-03-12 23:02:16 [INFO]    >> Progress: 66800/142859 (Skipping existing)
2026-03-12 23:02:23 [INFO]    >> Progress: 66900/142859 (Skipping existing)
2026-03-12 23:02:30 [INFO]    >> Progress: 67000/142859 (Skipping existing)
2026-03-12 23:02:37 [INFO]    >> Progress: 67100/142859 (Skipping existing)
2026-03-12 23:02:44 [INFO]    >> Progress: 67200/142859 (Skipping existing)
2026-03-12 23:02:51 [INFO]    >> Progress: 67300/142859 (Skipping existing)
2026-03-12 23:02:58 [INFO]    >> Progress: 67400/142859 (Skipping existing)
2026-03-12 23:03:05 [INFO]    >> Progress: 67500/142859 (Skipping existing)
2026-03-12 23:03:12 [INFO]    >> Progress: 67600/142859 (Skipping existing)
2026-03-12 23:03:19 [INFO]    >> Progress: 67700/142859 (Skipping existing)
2026-03-12 23:03:26 [INFO]    >> Progress: 67800/142859 (Skipping existing)
2026-03-12 23:03:33 [INFO]    >> Progress: 67900/142859 (Skipping existing)
2026-03-12 23:03:39 [INFO]    >> Progress: 68000/142859 (Skipping existing)
2026-03-12 23:03:46 [INFO]    >> Progress: 68100/142859 (Skipping existing)
2026-03-12 23:03:53 [INFO]    >> Progress: 68200/142859 (Skipping existing)
2026-03-12 23:04:00 [INFO]    >> Progress: 68300/142859 (Skipping existing)
2026-03-12 23:04:07 [INFO]    >> Progress: 68400/142859 (Skipping existing)
2026-03-12 23:04:14 [INFO]    >> Progress: 68500/142859 (Skipping existing)
2026-03-12 23:04:21 [INFO]    >> Progress: 68600/142859 (Skipping existing)
2026-03-12 23:04:28 [INFO]    >> Progress: 68700/142859 (Skipping existing)
2026-03-12 23:04:35 [INFO]    >> Progress: 68800/142859 (Skipping existing)
2026-03-12 23:04:42 [INFO]    >> Progress: 68900/142859 (Skipping existing)
2026-03-12 23:04:49 [INFO]    >> Progress: 69000/142859 (Skipping existing)
2026-03-12 23:04:55 [INFO]    >> Progress: 69100/142859 (Skipping existing)
2026-03-12 23:05:02 [INFO]    >> Progress: 69200/142859 (Skipping existing)
2026-03-12 23:05:09 [INFO]    >> Progress: 69300/142859 (Skipping existing)
2026-03-12 23:05:16 [INFO]    >> Progress: 69400/142859 (Skipping existing)
2026-03-12 23:05:23 [INFO]    >> Progress: 69500/142859 (Skipping existing)
2026-03-12 23:05:30 [INFO]    >> Progress: 69600/142859 (Skipping existing)
2026-03-12 23:05:37 [INFO]    >> Progress: 69700/142859 (Skipping existing)
2026-03-12 23:05:44 [INFO]    >> Progress: 69800/142859 (Skipping existing)
2026-03-12 23:05:51 [INFO]    >> Progress: 69900/142859 (Skipping existing)
2026-03-12 23:05:58 [INFO]    >> Progress: 70000/142859 (Skipping existing)
2026-03-12 23:06:04 [INFO]    >> Progress: 70100/142859 (Skipping existing)
2026-03-12 23:06:11 [INFO]    >> Progress: 70200/142859 (Skipping existing)
2026-03-12 23:06:18 [INFO]    >> Progress: 70300/142859 (Skipping existing)
2026-03-12 23:06:25 [INFO]    >> Progress: 70400/142859 (Skipping existing)
2026-03-12 23:06:32 [INFO]    >> Progress: 70500/142859 (Skipping existing)
2026-03-12 23:06:39 [INFO]    >> Progress: 70600/142859 (Skipping existing)
2026-03-12 23:06:46 [INFO]    >> Progress: 70700/142859 (Skipping existing)
2026-03-12 23:06:53 [INFO]    >> Progress: 70800/142859 (Skipping existing)
2026-03-12 23:07:00 [INFO]    >> Progress: 70900/142859 (Skipping existing)
2026-03-12 23:07:07 [INFO]    >> Progress: 71000/142859 (Skipping existing)
2026-03-12 23:07:13 [INFO]    >> Progress: 71100/142859 (Skipping existing)
2026-03-12 23:07:20 [INFO]    >> Progress: 71200/142859 (Skipping existing)
2026-03-12 23:07:27 [INFO]    >> Progress: 71300/142859 (Skipping existing)
2026-03-12 23:07:34 [INFO]    >> Progress: 71400/142859 (Skipping existing)
2026-03-12 23:07:41 [INFO]    >> Progress: 71500/142859 (Skipping existing)
2026-03-12 23:07:48 [INFO]    >> Progress: 71600/142859 (Skipping existing)
2026-03-12 23:07:55 [INFO]    >> Progress: 71700/142859 (Skipping existing)
2026-03-12 23:08:02 [INFO]    >> Progress: 71800/142859 (Skipping existing)
2026-03-12 23:08:09 [INFO]    >> Progress: 71900/142859 (Skipping existing)
2026-03-12 23:08:16 [INFO]    >> Progress: 72000/142859 (Skipping existing)
2026-03-12 23:08:22 [INFO]    >> Progress: 72100/142859 (Skipping existing)
2026-03-12 23:08:29 [INFO]    >> Progress: 72200/142859 (Skipping existing)
2026-03-12 23:08:36 [INFO]    >> Progress: 72300/142859 (Skipping existing)
2026-03-12 23:08:43 [INFO]    >> Progress: 72400/142859 (Skipping existing)
2026-03-12 23:08:50 [INFO]    >> Progress: 72500/142859 (Skipping existing)
2026-03-12 23:08:57 [INFO]    >> Progress: 72600/142859 (Skipping existing)
2026-03-12 23:09:04 [INFO]    >> Progress: 72700/142859 (Skipping existing)
2026-03-12 23:09:11 [INFO]    >> Progress: 72800/142859 (Skipping existing)
2026-03-12 23:09:17 [INFO]    >> Progress: 72900/142859 (Skipping existing)
2026-03-12 23:09:24 [INFO]    >> Progress: 73000/142859 (Skipping existing)
2026-03-12 23:09:31 [INFO]    >> Progress: 73100/142859 (Skipping existing)
2026-03-12 23:09:38 [INFO]    >> Progress: 73200/142859 (Skipping existing)
2026-03-12 23:09:45 [INFO]    >> Progress: 73300/142859 (Skipping existing)
2026-03-12 23:09:52 [INFO]    >> Progress: 73400/142859 (Skipping existing)
2026-03-12 23:09:59 [INFO]    >> Progress: 73500/142859 (Skipping existing)
2026-03-12 23:10:06 [INFO]    >> Progress: 73600/142859 (Skipping existing)
2026-03-12 23:10:13 [INFO]    >> Progress: 73700/142859 (Skipping existing)
2026-03-12 23:10:19 [INFO]    >> Progress: 73800/142859 (Skipping existing)
2026-03-12 23:10:26 [INFO]    >> Progress: 73900/142859 (Skipping existing)
2026-03-12 23:10:33 [INFO]    >> Progress: 74000/142859 (Skipping existing)
2026-03-12 23:10:40 [INFO]    >> Progress: 74100/142859 (Skipping existing)
2026-03-12 23:10:47 [INFO]    >> Progress: 74200/142859 (Skipping existing)
2026-03-12 23:10:54 [INFO]    >> Progress: 74300/142859 (Skipping existing)
2026-03-12 23:11:01 [INFO]    >> Progress: 74400/142859 (Skipping existing)
2026-03-12 23:11:08 [INFO]    >> Progress: 74500/142859 (Skipping existing)
2026-03-12 23:11:14 [INFO]    >> Progress: 74600/142859 (Skipping existing)
2026-03-12 23:11:21 [INFO]    >> Progress: 74700/142859 (Skipping existing)
2026-03-12 23:11:28 [INFO]    >> Progress: 74800/142859 (Skipping existing)
2026-03-12 23:11:35 [INFO]    >> Progress: 74900/142859 (Skipping existing)
2026-03-12 23:11:42 [INFO]    >> Progress: 75000/142859 (Skipping existing)
2026-03-12 23:11:49 [INFO]    >> Progress: 75100/142859 (Skipping existing)
2026-03-12 23:11:56 [INFO]    >> Progress: 75200/142859 (Skipping existing)
2026-03-12 23:12:03 [INFO]    >> Progress: 75300/142859 (Skipping existing)
2026-03-12 23:12:10 [INFO]    >> Progress: 75400/142859 (Skipping existing)
2026-03-12 23:12:17 [INFO]    >> Progress: 75500/142859 (Skipping existing)
2026-03-12 23:12:24 [INFO]    >> Progress: 75600/142859 (Skipping existing)
2026-03-12 23:12:31 [INFO]    >> Progress: 75700/142859 (Skipping existing)
2026-03-12 23:12:38 [INFO]    >> Progress: 75800/142859 (Skipping existing)
2026-03-12 23:12:45 [INFO]    >> Progress: 75900/142859 (Skipping existing)
2026-03-12 23:12:52 [INFO]    >> Progress: 76000/142859 (Skipping existing)
2026-03-12 23:12:59 [INFO]    >> Progress: 76100/142859 (Skipping existing)
2026-03-12 23:13:06 [INFO]    >> Progress: 76200/142859 (Skipping existing)
2026-03-12 23:13:12 [INFO]    >> Progress: 76300/142859 (Skipping existing)
2026-03-12 23:13:19 [INFO]    >> Progress: 76400/142859 (Skipping existing)
2026-03-12 23:13:26 [INFO]    >> Progress: 76500/142859 (Skipping existing)
2026-03-12 23:13:33 [INFO]    >> Progress: 76600/142859 (Skipping existing)
2026-03-12 23:13:40 [INFO]    >> Progress: 76700/142859 (Skipping existing)
2026-03-12 23:13:47 [INFO]    >> Progress: 76800/142859 (Skipping existing)
2026-03-12 23:13:54 [INFO]    >> Progress: 76900/142859 (Skipping existing)
2026-03-12 23:14:01 [INFO]    >> Progress: 77000/142859 (Skipping existing)
2026-03-12 23:14:08 [INFO]    >> Progress: 77100/142859 (Skipping existing)
2026-03-12 23:14:15 [INFO]    >> Progress: 77200/142859 (Skipping existing)
2026-03-12 23:14:22 [INFO]    >> Progress: 77300/142859 (Skipping existing)
2026-03-12 23:14:29 [INFO]    >> Progress: 77400/142859 (Skipping existing)
2026-03-12 23:14:36 [INFO]    >> Progress: 77500/142859 (Skipping existing)
2026-03-12 23:14:43 [INFO]    >> Progress: 77600/142859 (Skipping existing)
2026-03-12 23:14:50 [INFO]    >> Progress: 77700/142859 (Skipping existing)
2026-03-12 23:14:57 [INFO]    >> Progress: 77800/142859 (Skipping existing)
2026-03-12 23:15:04 [INFO]    >> Progress: 77900/142859 (Skipping existing)
2026-03-12 23:15:11 [INFO]    >> Progress: 78000/142859 (Skipping existing)
2026-03-12 23:15:18 [INFO]    >> Progress: 78100/142859 (Skipping existing)
2026-03-12 23:15:25 [INFO]    >> Progress: 78200/142859 (Skipping existing)
2026-03-12 23:15:32 [INFO]    >> Progress: 78300/142859 (Skipping existing)
2026-03-12 23:15:39 [INFO]    >> Progress: 78400/142859 (Skipping existing)
2026-03-12 23:15:46 [INFO]    >> Progress: 78500/142859 (Skipping existing)
2026-03-12 23:15:53 [INFO]    >> Progress: 78600/142859 (Skipping existing)
2026-03-12 23:16:00 [INFO]    >> Progress: 78700/142859 (Skipping existing)
2026-03-12 23:16:07 [INFO]    >> Progress: 78800/142859 (Skipping existing)
2026-03-12 23:16:14 [INFO]    >> Progress: 78900/142859 (Skipping existing)
2026-03-12 23:16:21 [INFO]    >> Progress: 79000/142859 (Skipping existing)
2026-03-12 23:16:28 [INFO]    >> Progress: 79100/142859 (Skipping existing)
2026-03-12 23:16:35 [INFO]    >> Progress: 79200/142859 (Skipping existing)
2026-03-12 23:16:42 [INFO]    >> Progress: 79300/142859 (Skipping existing)
2026-03-12 23:16:49 [INFO]    >> Progress: 79400/142859 (Skipping existing)
2026-03-12 23:16:56 [INFO]    >> Progress: 79500/142859 (Skipping existing)
2026-03-12 23:17:03 [INFO]    >> Progress: 79600/142859 (Skipping existing)
2026-03-12 23:17:10 [INFO]    >> Progress: 79700/142859 (Skipping existing)
2026-03-12 23:17:17 [INFO]    >> Progress: 79800/142859 (Skipping existing)
2026-03-12 23:17:24 [INFO]    >> Progress: 79900/142859 (Skipping existing)
2026-03-12 23:17:31 [INFO]    >> Progress: 80000/142859 (Skipping existing)
2026-03-12 23:17:38 [INFO]    >> Progress: 80100/142859 (Skipping existing)
2026-03-12 23:17:44 [INFO]    >> Progress: 80200/142859 (Skipping existing)
2026-03-12 23:17:51 [INFO]    >> Progress: 80300/142859 (Skipping existing)
2026-03-12 23:17:58 [INFO]    >> Progress: 80400/142859 (Skipping existing)
2026-03-12 23:18:05 [INFO]    >> Progress: 80500/142859 (Skipping existing)
2026-03-12 23:18:12 [INFO]    >> Progress: 80600/142859 (Skipping existing)
2026-03-12 23:18:19 [INFO]    >> Progress: 80700/142859 (Skipping existing)
2026-03-12 23:18:25 [INFO]    >> Progress: 80800/142859 (Skipping existing)
2026-03-12 23:18:32 [INFO]    >> Progress: 80900/142859 (Skipping existing)
2026-03-12 23:18:39 [INFO]    >> Progress: 81000/142859 (Skipping existing)
2026-03-12 23:18:46 [INFO]    >> Progress: 81100/142859 (Skipping existing)
2026-03-12 23:18:53 [INFO]    >> Progress: 81200/142859 (Skipping existing)
2026-03-12 23:19:00 [INFO]    >> Progress: 81300/142859 (Skipping existing)
2026-03-12 23:19:07 [INFO]    >> Progress: 81400/142859 (Skipping existing)
2026-03-12 23:19:13 [INFO]    >> Progress: 81500/142859 (Skipping existing)
2026-03-12 23:19:20 [INFO]    >> Progress: 81600/142859 (Skipping existing)
2026-03-12 23:19:27 [INFO]    >> Progress: 81700/142859 (Skipping existing)
2026-03-12 23:19:34 [INFO]    >> Progress: 81800/142859 (Skipping existing)
2026-03-12 23:19:41 [INFO]    >> Progress: 81900/142859 (Skipping existing)
2026-03-12 23:19:48 [INFO]    >> Progress: 82000/142859 (Skipping existing)
2026-03-12 23:19:54 [INFO]    >> Progress: 82100/142859 (Skipping existing)
2026-03-12 23:20:01 [INFO]    >> Progress: 82200/142859 (Skipping existing)
2026-03-12 23:20:08 [INFO]    >> Progress: 82300/142859 (Skipping existing)
2026-03-12 23:20:15 [INFO]    >> Progress: 82400/142859 (Skipping existing)
2026-03-12 23:20:22 [INFO]    >> Progress: 82500/142859 (Skipping existing)
2026-03-12 23:20:29 [INFO]    >> Progress: 82600/142859 (Skipping existing)
2026-03-12 23:20:36 [INFO]    >> Progress: 82700/142859 (Skipping existing)
2026-03-12 23:20:43 [INFO]    >> Progress: 82800/142859 (Skipping existing)
2026-03-12 23:20:50 [INFO]    >> Progress: 82900/142859 (Skipping existing)
2026-03-12 23:20:56 [INFO]    >> Progress: 83000/142859 (Skipping existing)
2026-03-12 23:21:03 [INFO]    >> Progress: 83100/142859 (Skipping existing)
2026-03-12 23:21:10 [INFO]    >> Progress: 83200/142859 (Skipping existing)
2026-03-12 23:21:17 [INFO]    >> Progress: 83300/142859 (Skipping existing)
2026-03-12 23:21:24 [INFO]    >> Progress: 83400/142859 (Skipping existing)
2026-03-12 23:21:31 [INFO]    >> Progress: 83500/142859 (Skipping existing)
2026-03-12 23:21:38 [INFO]    >> Progress: 83600/142859 (Skipping existing)
2026-03-12 23:21:44 [INFO]    >> Progress: 83700/142859 (Skipping existing)
2026-03-12 23:21:51 [INFO]    >> Progress: 83800/142859 (Skipping existing)
2026-03-12 23:21:58 [INFO]    >> Progress: 83900/142859 (Skipping existing)
2026-03-12 23:22:05 [INFO]    >> Progress: 84000/142859 (Skipping existing)
2026-03-12 23:22:12 [INFO]    >> Progress: 84100/142859 (Skipping existing)
2026-03-12 23:22:19 [INFO]    >> Progress: 84200/142859 (Skipping existing)
2026-03-12 23:22:26 [INFO]    >> Progress: 84300/142859 (Skipping existing)
2026-03-12 23:22:33 [INFO]    >> Progress: 84400/142859 (Skipping existing)
2026-03-12 23:22:39 [INFO]    >> Progress: 84500/142859 (Skipping existing)
2026-03-12 23:22:46 [INFO]    >> Progress: 84600/142859 (Skipping existing)
2026-03-12 23:22:53 [INFO]    >> Progress: 84700/142859 (Skipping existing)
2026-03-12 23:23:00 [INFO]    >> Progress: 84800/142859 (Skipping existing)
2026-03-12 23:23:07 [INFO]    >> Progress: 84900/142859 (Skipping existing)
2026-03-12 23:23:14 [INFO]    >> Progress: 85000/142859 (Skipping existing)
2026-03-12 23:23:21 [INFO]    >> Progress: 85100/142859 (Skipping existing)
2026-03-12 23:23:28 [INFO]    >> Progress: 85200/142859 (Skipping existing)
2026-03-12 23:23:35 [INFO]    >> Progress: 85300/142859 (Skipping existing)
2026-03-12 23:23:41 [INFO]    >> Progress: 85400/142859 (Skipping existing)
2026-03-12 23:23:48 [INFO]    >> Progress: 85500/142859 (Skipping existing)
2026-03-12 23:23:55 [INFO]    >> Progress: 85600/142859 (Skipping existing)
2026-03-12 23:24:02 [INFO]    >> Progress: 85700/142859 (Skipping existing)
2026-03-12 23:24:09 [INFO]    >> Progress: 85800/142859 (Skipping existing)
2026-03-12 23:24:16 [INFO]    >> Progress: 85900/142859 (Skipping existing)
2026-03-12 23:24:23 [INFO]    >> Progress: 86000/142859 (Skipping existing)
2026-03-12 23:24:30 [INFO]    >> Progress: 86100/142859 (Skipping existing)
2026-03-12 23:24:37 [INFO]    >> Progress: 86200/142859 (Skipping existing)
2026-03-12 23:24:44 [INFO]    >> Progress: 86300/142859 (Skipping existing)
2026-03-12 23:24:50 [INFO]    >> Progress: 86400/142859 (Skipping existing)
2026-03-12 23:24:57 [INFO]    >> Progress: 86500/142859 (Skipping existing)
2026-03-12 23:25:04 [INFO]    >> Progress: 86600/142859 (Skipping existing)
2026-03-12 23:25:11 [INFO]    >> Progress: 86700/142859 (Skipping existing)
2026-03-12 23:25:18 [INFO]    >> Progress: 86800/142859 (Skipping existing)
2026-03-12 23:25:25 [INFO]    >> Progress: 86900/142859 (Skipping existing)
2026-03-12 23:25:32 [INFO]    >> Progress: 87000/142859 (Skipping existing)
2026-03-12 23:25:39 [INFO]    >> Progress: 87100/142859 (Skipping existing)
2026-03-12 23:25:46 [INFO]    >> Progress: 87200/142859 (Skipping existing)
2026-03-12 23:25:53 [INFO]    >> Progress: 87300/142859 (Skipping existing)
2026-03-12 23:25:59 [INFO]    >> Progress: 87400/142859 (Skipping existing)
2026-03-12 23:26:06 [INFO]    >> Progress: 87500/142859 (Skipping existing)
2026-03-12 23:26:13 [INFO]    >> Progress: 87600/142859 (Skipping existing)
2026-03-12 23:26:20 [INFO]    >> Progress: 87700/142859 (Skipping existing)
2026-03-12 23:26:27 [INFO]    >> Progress: 87800/142859 (Skipping existing)
2026-03-12 23:26:34 [INFO]    >> Progress: 87900/142859 (Skipping existing)
2026-03-12 23:26:41 [INFO]    >> Progress: 88000/142859 (Skipping existing)
2026-03-12 23:26:48 [INFO]    >> Progress: 88100/142859 (Skipping existing)
2026-03-12 23:26:55 [INFO]    >> Progress: 88200/142859 (Skipping existing)
2026-03-12 23:27:02 [INFO]    >> Progress: 88300/142859 (Skipping existing)
2026-03-12 23:27:08 [INFO]    >> Progress: 88400/142859 (Skipping existing)
2026-03-12 23:27:15 [INFO]    >> Progress: 88500/142859 (Skipping existing)
2026-03-12 23:27:22 [INFO]    >> Progress: 88600/142859 (Skipping existing)
2026-03-12 23:27:29 [INFO]    >> Progress: 88700/142859 (Skipping existing)
2026-03-12 23:27:36 [INFO]    >> Progress: 88800/142859 (Skipping existing)
2026-03-12 23:27:43 [INFO]    >> Progress: 88900/142859 (Skipping existing)
2026-03-12 23:27:50 [INFO]    >> Progress: 89000/142859 (Skipping existing)
2026-03-12 23:27:57 [INFO]    >> Progress: 89100/142859 (Skipping existing)
2026-03-12 23:28:03 [INFO]    >> Progress: 89200/142859 (Skipping existing)
2026-03-12 23:28:10 [INFO]    >> Progress: 89300/142859 (Skipping existing)
2026-03-12 23:28:17 [INFO]    >> Progress: 89400/142859 (Skipping existing)
2026-03-12 23:28:24 [INFO]    >> Progress: 89500/142859 (Skipping existing)
2026-03-12 23:28:31 [INFO]    >> Progress: 89600/142859 (Skipping existing)
2026-03-12 23:28:38 [INFO]    >> Progress: 89700/142859 (Skipping existing)
2026-03-12 23:28:44 [INFO]    >> Progress: 89800/142859 (Skipping existing)
2026-03-12 23:28:51 [INFO]    >> Progress: 89900/142859 (Skipping existing)
2026-03-12 23:28:58 [INFO]    >> Progress: 90000/142859 (Skipping existing)
2026-03-12 23:29:05 [INFO]    >> Progress: 90100/142859 (Skipping existing)
2026-03-12 23:29:12 [INFO]    >> Progress: 90200/142859 (Skipping existing)
2026-03-12 23:29:18 [INFO]    >> Progress: 90300/142859 (Skipping existing)
2026-03-12 23:29:25 [INFO]    >> Progress: 90400/142859 (Skipping existing)
2026-03-12 23:29:32 [INFO]    >> Progress: 90500/142859 (Skipping existing)
2026-03-12 23:29:39 [INFO]    >> Progress: 90600/142859 (Skipping existing)
2026-03-12 23:29:46 [INFO]    >> Progress: 90700/142859 (Skipping existing)
2026-03-12 23:29:53 [INFO]    >> Progress: 90800/142859 (Skipping existing)
2026-03-12 23:29:59 [INFO]    >> Progress: 90900/142859 (Skipping existing)
2026-03-12 23:30:06 [INFO]    >> Progress: 91000/142859 (Skipping existing)
2026-03-12 23:30:13 [INFO]    >> Progress: 91100/142859 (Skipping existing)
2026-03-12 23:30:20 [INFO]    >> Progress: 91200/142859 (Skipping existing)
2026-03-12 23:30:27 [INFO]    >> Progress: 91300/142859 (Skipping existing)
2026-03-12 23:30:34 [INFO]    >> Progress: 91400/142859 (Skipping existing)
2026-03-12 23:30:41 [INFO]    >> Progress: 91500/142859 (Skipping existing)
2026-03-12 23:30:48 [INFO]    >> Progress: 91600/142859 (Skipping existing)
2026-03-12 23:30:54 [INFO]    >> Progress: 91700/142859 (Skipping existing)
2026-03-12 23:31:01 [INFO]    >> Progress: 91800/142859 (Skipping existing)
2026-03-12 23:31:08 [INFO]    >> Progress: 91900/142859 (Skipping existing)
2026-03-12 23:31:15 [INFO]    >> Progress: 92000/142859 (Skipping existing)
2026-03-12 23:31:22 [INFO]    >> Progress: 92100/142859 (Skipping existing)
2026-03-12 23:31:29 [INFO]    >> Progress: 92200/142859 (Skipping existing)
2026-03-12 23:31:36 [INFO]    >> Progress: 92300/142859 (Skipping existing)
2026-03-12 23:31:43 [INFO]    >> Progress: 92400/142859 (Skipping existing)
2026-03-12 23:31:50 [INFO]    >> Progress: 92500/142859 (Skipping existing)
2026-03-12 23:31:57 [INFO]    >> Progress: 92600/142859 (Skipping existing)
2026-03-12 23:32:04 [INFO]    >> Progress: 92700/142859 (Skipping existing)
2026-03-12 23:32:11 [INFO]    >> Progress: 92800/142859 (Skipping existing)
2026-03-12 23:32:18 [INFO]    >> Progress: 92900/142859 (Skipping existing)
2026-03-12 23:32:25 [INFO]    >> Progress: 93000/142859 (Skipping existing)
2026-03-12 23:32:32 [INFO]    >> Progress: 93100/142859 (Skipping existing)
2026-03-12 23:32:39 [INFO]    >> Progress: 93200/142859 (Skipping existing)
2026-03-12 23:32:46 [INFO]    >> Progress: 93300/142859 (Skipping existing)
2026-03-12 23:32:53 [INFO]    >> Progress: 93400/142859 (Skipping existing)
2026-03-12 23:33:00 [INFO]    >> Progress: 93500/142859 (Skipping existing)
2026-03-12 23:33:07 [INFO]    >> Progress: 93600/142859 (Skipping existing)
2026-03-12 23:33:14 [INFO]    >> Progress: 93700/142859 (Skipping existing)
2026-03-12 23:33:21 [INFO]    >> Progress: 93800/142859 (Skipping existing)
2026-03-12 23:33:28 [INFO]    >> Progress: 93900/142859 (Skipping existing)
2026-03-12 23:33:35 [INFO]    >> Progress: 94000/142859 (Skipping existing)
2026-03-12 23:33:42 [INFO]    >> Progress: 94100/142859 (Skipping existing)
2026-03-12 23:33:49 [INFO]    >> Progress: 94200/142859 (Skipping existing)
2026-03-12 23:33:56 [INFO]    >> Progress: 94300/142859 (Skipping existing)
2026-03-12 23:34:03 [INFO]    >> Progress: 94400/142859 (Skipping existing)
2026-03-12 23:34:10 [INFO]    >> Progress: 94500/142859 (Skipping existing)
2026-03-12 23:34:17 [INFO]    >> Progress: 94600/142859 (Skipping existing)
2026-03-12 23:34:24 [INFO]    >> Progress: 94700/142859 (Skipping existing)
2026-03-12 23:34:31 [INFO]    >> Progress: 94800/142859 (Skipping existing)
2026-03-12 23:34:38 [INFO]    >> Progress: 94900/142859 (Skipping existing)
2026-03-12 23:34:45 [INFO]    >> Progress: 95000/142859 (Skipping existing)
2026-03-12 23:34:52 [INFO]    >> Progress: 95100/142859 (Skipping existing)
2026-03-12 23:34:59 [INFO]    >> Progress: 95200/142859 (Skipping existing)
2026-03-12 23:35:06 [INFO]    >> Progress: 95300/142859 (Skipping existing)
2026-03-12 23:35:13 [INFO]    >> Progress: 95400/142859 (Skipping existing)
2026-03-12 23:35:21 [INFO]    >> Progress: 95500/142859 (Skipping existing)
2026-03-12 23:35:28 [INFO]    >> Progress: 95600/142859 (Skipping existing)
2026-03-12 23:35:35 [INFO]    >> Progress: 95700/142859 (Skipping existing)
2026-03-12 23:35:42 [INFO]    >> Progress: 95800/142859 (Skipping existing)
2026-03-12 23:35:49 [INFO]    >> Progress: 95900/142859 (Skipping existing)
2026-03-12 23:35:56 [INFO]    >> Progress: 96000/142859 (Skipping existing)
2026-03-12 23:36:03 [INFO]    >> Progress: 96100/142859 (Skipping existing)
2026-03-12 23:36:10 [INFO]    >> Progress: 96200/142859 (Skipping existing)
2026-03-12 23:36:17 [INFO]    >> Progress: 96300/142859 (Skipping existing)
2026-03-12 23:36:24 [INFO]    >> Progress: 96400/142859 (Skipping existing)
2026-03-12 23:36:31 [INFO]    >> Progress: 96500/142859 (Skipping existing)
2026-03-12 23:36:38 [INFO]    >> Progress: 96600/142859 (Skipping existing)
2026-03-12 23:36:45 [INFO]    >> Progress: 96700/142859 (Skipping existing)
2026-03-12 23:36:52 [INFO]    >> Progress: 96800/142859 (Skipping existing)
2026-03-12 23:36:59 [INFO]    >> Progress: 96900/142859 (Skipping existing)
2026-03-12 23:37:06 [INFO]    >> Progress: 97000/142859 (Skipping existing)
2026-03-12 23:37:14 [INFO]    >> Progress: 97100/142859 (Skipping existing)
2026-03-12 23:37:21 [INFO]    >> Progress: 97200/142859 (Skipping existing)
2026-03-12 23:37:28 [INFO]    >> Progress: 97300/142859 (Skipping existing)
2026-03-12 23:37:35 [INFO]    >> Progress: 97400/142859 (Skipping existing)
2026-03-12 23:37:42 [INFO]    >> Progress: 97500/142859 (Skipping existing)
2026-03-12 23:37:49 [INFO]    >> Progress: 97600/142859 (Skipping existing)
2026-03-12 23:37:56 [INFO]    >> Progress: 97700/142859 (Skipping existing)
2026-03-12 23:38:03 [INFO]    >> Progress: 97800/142859 (Skipping existing)
2026-03-12 23:38:10 [INFO]    >> Progress: 97900/142859 (Skipping existing)
2026-03-12 23:38:17 [INFO]    >> Progress: 98000/142859 (Skipping existing)
2026-03-12 23:38:24 [INFO]    >> Progress: 98100/142859 (Skipping existing)
2026-03-12 23:38:31 [INFO]    >> Progress: 98200/142859 (Skipping existing)
2026-03-12 23:38:38 [INFO]    >> Progress: 98300/142859 (Skipping existing)
2026-03-12 23:38:45 [INFO]    >> Progress: 98400/142859 (Skipping existing)
2026-03-12 23:38:52 [INFO]    >> Progress: 98500/142859 (Skipping existing)
2026-03-12 23:38:59 [INFO]    >> Progress: 98600/142859 (Skipping existing)
2026-03-12 23:39:06 [INFO]    >> Progress: 98700/142859 (Skipping existing)
2026-03-12 23:39:13 [INFO]    >> Progress: 98800/142859 (Skipping existing)
2026-03-12 23:39:21 [INFO]    >> Progress: 98900/142859 (Skipping existing)
2026-03-12 23:39:28 [INFO]    >> Progress: 99000/142859 (Skipping existing)
2026-03-12 23:39:35 [INFO]    >> Progress: 99100/142859 (Skipping existing)
2026-03-12 23:39:42 [INFO]    >> Progress: 99200/142859 (Skipping existing)
2026-03-12 23:39:49 [INFO]    >> Progress: 99300/142859 (Skipping existing)
2026-03-12 23:39:56 [INFO]    >> Progress: 99400/142859 (Skipping existing)
2026-03-12 23:40:03 [INFO]    >> Progress: 99500/142859 (Skipping existing)
2026-03-12 23:40:10 [INFO]    >> Progress: 99600/142859 (Skipping existing)
2026-03-12 23:40:17 [INFO]    >> Progress: 99700/142859 (Skipping existing)
2026-03-12 23:40:24 [INFO]    >> Progress: 99800/142859 (Skipping existing)
2026-03-12 23:40:31 [INFO]    >> Progress: 99900/142859 (Skipping existing)
2026-03-12 23:40:38 [INFO]    >> Progress: 100000/142859 (Skipping existing)
2026-03-12 23:40:45 [INFO]    >> Progress: 100100/142859 (Skipping existing)
2026-03-12 23:40:52 [INFO]    >> Progress: 100200/142859 (Skipping existing)
2026-03-12 23:40:59 [INFO]    >> Progress: 100300/142859 (Skipping existing)
2026-03-12 23:41:06 [INFO]    >> Progress: 100400/142859 (Skipping existing)
2026-03-12 23:41:13 [INFO]    >> Progress: 100500/142859 (Skipping existing)
2026-03-12 23:41:20 [INFO]    >> Progress: 100600/142859 (Skipping existing)
2026-03-12 23:41:27 [INFO]    >> Progress: 100700/142859 (Skipping existing)
2026-03-12 23:41:34 [INFO]    >> Progress: 100800/142859 (Skipping existing)
2026-03-12 23:41:41 [INFO]    >> Progress: 100900/142859 (Skipping existing)
2026-03-12 23:41:48 [INFO]    >> Progress: 101000/142859 (Skipping existing)
2026-03-12 23:41:55 [INFO]    >> Progress: 101100/142859 (Skipping existing)
2026-03-12 23:42:02 [INFO]    >> Progress: 101200/142859 (Skipping existing)
2026-03-12 23:42:09 [INFO]    >> Progress: 101300/142859 (Skipping existing)
2026-03-12 23:42:17 [INFO]    >> Progress: 101400/142859 (Skipping existing)
2026-03-12 23:42:24 [INFO]    >> Progress: 101500/142859 (Skipping existing)
2026-03-12 23:42:31 [INFO]    >> Progress: 101600/142859 (Skipping existing)
2026-03-12 23:42:38 [INFO]    >> Progress: 101700/142859 (Skipping existing)
2026-03-12 23:42:45 [INFO]    >> Progress: 101800/142859 (Skipping existing)
2026-03-12 23:42:52 [INFO]    >> Progress: 101900/142859 (Skipping existing)
2026-03-12 23:42:59 [INFO]    >> Progress: 102000/142859 (Skipping existing)
2026-03-12 23:43:06 [INFO]    >> Progress: 102100/142859 (Skipping existing)
2026-03-12 23:43:13 [INFO]    >> Progress: 102200/142859 (Skipping existing)
2026-03-12 23:43:20 [INFO]    >> Progress: 102300/142859 (Skipping existing)
2026-03-12 23:43:27 [INFO]    >> Progress: 102400/142859 (Skipping existing)
2026-03-12 23:43:34 [INFO]    >> Progress: 102500/142859 (Skipping existing)
2026-03-12 23:43:41 [INFO]    >> Progress: 102600/142859 (Skipping existing)
2026-03-12 23:43:48 [INFO]    >> Progress: 102700/142859 (Skipping existing)
2026-03-12 23:43:55 [INFO]    >> Progress: 102800/142859 (Skipping existing)
2026-03-12 23:44:02 [INFO]    >> Progress: 102900/142859 (Skipping existing)
2026-03-12 23:44:09 [INFO]    >> Progress: 103000/142859 (Skipping existing)
2026-03-12 23:44:16 [INFO]    >> Progress: 103100/142859 (Skipping existing)
2026-03-12 23:44:23 [INFO]    >> Progress: 103200/142859 (Skipping existing)
2026-03-12 23:44:30 [INFO]    >> Progress: 103300/142859 (Skipping existing)
2026-03-12 23:44:37 [INFO]    >> Progress: 103400/142859 (Skipping existing)
2026-03-12 23:44:44 [INFO]    >> Progress: 103500/142859 (Skipping existing)
2026-03-12 23:44:51 [INFO]    >> Progress: 103600/142859 (Skipping existing)
2026-03-12 23:44:58 [INFO]    >> Progress: 103700/142859 (Skipping existing)
2026-03-12 23:45:05 [INFO]    >> Progress: 103800/142859 (Skipping existing)
2026-03-12 23:45:12 [INFO]    >> Progress: 103900/142859 (Skipping existing)
2026-03-12 23:45:19 [INFO]    >> Progress: 104000/142859 (Skipping existing)
2026-03-12 23:45:26 [INFO]    >> Progress: 104100/142859 (Skipping existing)
2026-03-12 23:45:33 [INFO]    >> Progress: 104200/142859 (Skipping existing)
2026-03-12 23:45:40 [INFO]    >> Progress: 104300/142859 (Skipping existing)
2026-03-12 23:45:47 [INFO]    >> Progress: 104400/142859 (Skipping existing)
2026-03-12 23:45:54 [INFO]    >> Progress: 104500/142859 (Skipping existing)
2026-03-12 23:46:01 [INFO]    >> Progress: 104600/142859 (Skipping existing)
2026-03-12 23:46:08 [INFO]    >> Progress: 104700/142859 (Skipping existing)
2026-03-12 23:46:15 [INFO]    >> Progress: 104800/142859 (Skipping existing)
2026-03-12 23:46:22 [INFO]    >> Progress: 104900/142859 (Skipping existing)
2026-03-12 23:46:29 [INFO]    >> Progress: 105000/142859 (Skipping existing)
2026-03-12 23:46:36 [INFO]    >> Progress: 105100/142859 (Skipping existing)
2026-03-12 23:46:44 [INFO]    >> Progress: 105200/142859 (Skipping existing)
2026-03-12 23:46:51 [INFO]    >> Progress: 105300/142859 (Skipping existing)
2026-03-12 23:46:58 [INFO]    >> Progress: 105400/142859 (Skipping existing)
2026-03-12 23:47:05 [INFO]    >> Progress: 105500/142859 (Skipping existing)
2026-03-12 23:47:12 [INFO]    >> Progress: 105600/142859 (Skipping existing)
2026-03-12 23:47:19 [INFO]    >> Progress: 105700/142859 (Skipping existing)
2026-03-12 23:47:26 [INFO]    >> Progress: 105800/142859 (Skipping existing)
2026-03-12 23:47:33 [INFO]    >> Progress: 105900/142859 (Skipping existing)
2026-03-12 23:47:40 [INFO]    >> Progress: 106000/142859 (Skipping existing)
2026-03-12 23:47:47 [INFO]    >> Progress: 106100/142859 (Skipping existing)
2026-03-12 23:47:54 [INFO]    >> Progress: 106200/142859 (Skipping existing)
2026-03-12 23:48:01 [INFO]    >> Progress: 106300/142859 (Skipping existing)
2026-03-12 23:48:08 [INFO]    >> Progress: 106400/142859 (Skipping existing)
2026-03-12 23:48:15 [INFO]    >> Progress: 106500/142859 (Skipping existing)
2026-03-12 23:48:22 [INFO]    >> Progress: 106600/142859 (Skipping existing)
2026-03-12 23:48:29 [INFO]    >> Progress: 106700/142859 (Skipping existing)
2026-03-12 23:48:36 [INFO]    >> Progress: 106800/142859 (Skipping existing)
2026-03-12 23:48:43 [INFO]    >> Progress: 106900/142859 (Skipping existing)
2026-03-12 23:48:50 [INFO]    >> Progress: 107000/142859 (Skipping existing)
2026-03-12 23:48:57 [INFO]    >> Progress: 107100/142859 (Skipping existing)
2026-03-12 23:49:04 [INFO]    >> Progress: 107200/142859 (Skipping existing)
2026-03-12 23:49:11 [INFO]    >> Progress: 107300/142859 (Skipping existing)
2026-03-12 23:49:18 [INFO]    >> Progress: 107400/142859 (Skipping existing)
2026-03-12 23:49:26 [INFO]    >> Progress: 107500/142859 (Skipping existing)
2026-03-12 23:49:33 [INFO]    >> Progress: 107600/142859 (Skipping existing)
2026-03-12 23:49:40 [INFO]    >> Progress: 107700/142859 (Skipping existing)
2026-03-12 23:49:47 [INFO]    >> Progress: 107800/142859 (Skipping existing)
2026-03-12 23:49:54 [INFO]    >> Progress: 107900/142859 (Skipping existing)
2026-03-12 23:50:01 [INFO]    >> Progress: 108000/142859 (Skipping existing)
2026-03-12 23:50:08 [INFO]    >> Progress: 108100/142859 (Skipping existing)
2026-03-12 23:50:15 [INFO]    >> Progress: 108200/142859 (Skipping existing)
2026-03-12 23:50:22 [INFO]    >> Progress: 108300/142859 (Skipping existing)
2026-03-12 23:50:29 [INFO]    >> Progress: 108400/142859 (Skipping existing)
2026-03-12 23:50:36 [INFO]    >> Progress: 108500/142859 (Skipping existing)
2026-03-12 23:50:43 [INFO]    >> Progress: 108600/142859 (Skipping existing)
2026-03-12 23:50:50 [INFO]    >> Progress: 108700/142859 (Skipping existing)
2026-03-12 23:50:57 [INFO]    >> Progress: 108800/142859 (Skipping existing)
2026-03-12 23:51:04 [INFO]    >> Progress: 108900/142859 (Skipping existing)
2026-03-12 23:51:11 [INFO]    >> Progress: 109000/142859 (Skipping existing)
2026-03-12 23:51:18 [INFO]    >> Progress: 109100/142859 (Skipping existing)
2026-03-12 23:51:25 [INFO]    >> Progress: 109200/142859 (Skipping existing)
2026-03-12 23:51:32 [INFO]    >> Progress: 109300/142859 (Skipping existing)
2026-03-12 23:51:39 [INFO]    >> Progress: 109400/142859 (Skipping existing)
2026-03-12 23:51:46 [INFO]    >> Progress: 109500/142859 (Skipping existing)
2026-03-12 23:51:53 [INFO]    >> Progress: 109600/142859 (Skipping existing)
2026-03-12 23:52:00 [INFO]    >> Progress: 109700/142859 (Skipping existing)
2026-03-12 23:52:07 [INFO]    >> Progress: 109800/142859 (Skipping existing)
2026-03-12 23:52:14 [INFO]    >> Progress: 109900/142859 (Skipping existing)
2026-03-12 23:52:21 [INFO]    >> Progress: 110000/142859 (Skipping existing)
2026-03-12 23:52:28 [INFO]    >> Progress: 110100/142859 (Skipping existing)
2026-03-12 23:52:35 [INFO]    >> Progress: 110200/142859 (Skipping existing)
2026-03-12 23:52:43 [INFO]    >> Progress: 110300/142859 (Skipping existing)
2026-03-12 23:52:50 [INFO]    >> Progress: 110400/142859 (Skipping existing)
2026-03-12 23:52:57 [INFO]    >> Progress: 110500/142859 (Skipping existing)
2026-03-12 23:53:04 [INFO]    >> Progress: 110600/142859 (Skipping existing)
2026-03-12 23:53:11 [INFO]    >> Progress: 110700/142859 (Skipping existing)
2026-03-12 23:53:18 [INFO]    >> Progress: 110800/142859 (Skipping existing)
2026-03-12 23:53:25 [INFO]    >> Progress: 110900/142859 (Skipping existing)
2026-03-12 23:53:32 [INFO]    >> Progress: 111000/142859 (Skipping existing)
2026-03-12 23:53:39 [INFO]    >> Progress: 111100/142859 (Skipping existing)
2026-03-12 23:53:46 [INFO]    >> Progress: 111200/142859 (Skipping existing)
2026-03-12 23:53:53 [INFO]    >> Progress: 111300/142859 (Skipping existing)
2026-03-12 23:54:00 [INFO]    >> Progress: 111400/142859 (Skipping existing)
2026-03-12 23:54:07 [INFO]    >> Progress: 111500/142859 (Skipping existing)
2026-03-12 23:54:14 [INFO]    >> Progress: 111600/142859 (Skipping existing)
2026-03-12 23:54:21 [INFO]    >> Progress: 111700/142859 (Skipping existing)
2026-03-12 23:54:28 [INFO]    >> Progress: 111800/142859 (Skipping existing)
2026-03-12 23:54:35 [INFO]    >> Progress: 111900/142859 (Skipping existing)
2026-03-12 23:54:42 [INFO]    >> Progress: 112000/142859 (Skipping existing)
2026-03-12 23:54:49 [INFO]    >> Progress: 112100/142859 (Skipping existing)
2026-03-12 23:54:56 [INFO]    >> Progress: 112200/142859 (Skipping existing)
2026-03-12 23:55:04 [INFO]    >> Progress: 112300/142859 (Skipping existing)
2026-03-12 23:55:11 [INFO]    >> Progress: 112400/142859 (Skipping existing)
2026-03-12 23:55:18 [INFO]    >> Progress: 112500/142859 (Skipping existing)
2026-03-12 23:55:25 [INFO]    >> Progress: 112600/142859 (Skipping existing)
2026-03-12 23:55:32 [INFO]    >> Progress: 112700/142859 (Skipping existing)
2026-03-12 23:55:39 [INFO]    >> Progress: 112800/142859 (Skipping existing)
2026-03-12 23:55:46 [INFO]    >> Progress: 112900/142859 (Skipping existing)
2026-03-12 23:55:53 [INFO]    >> Progress: 113000/142859 (Skipping existing)
2026-03-12 23:56:00 [INFO]    >> Progress: 113100/142859 (Skipping existing)
2026-03-12 23:56:07 [INFO]    >> Progress: 113200/142859 (Skipping existing)
2026-03-12 23:56:15 [INFO]    >> Progress: 113300/142859 (Skipping existing)
2026-03-12 23:56:22 [INFO]    >> Progress: 113400/142859 (Skipping existing)
2026-03-12 23:56:29 [INFO]    >> Progress: 113500/142859 (Skipping existing)
2026-03-12 23:56:36 [INFO]    >> Progress: 113600/142859 (Skipping existing)
2026-03-12 23:56:43 [INFO]    >> Progress: 113700/142859 (Skipping existing)
2026-03-12 23:56:50 [INFO]    >> Progress: 113800/142859 (Skipping existing)
2026-03-12 23:56:57 [INFO]    >> Progress: 113900/142859 (Skipping existing)
2026-03-12 23:57:04 [INFO]    >> Progress: 114000/142859 (Skipping existing)
2026-03-12 23:57:11 [INFO]    >> Progress: 114100/142859 (Skipping existing)
2026-03-12 23:57:18 [INFO]    >> Progress: 114200/142859 (Skipping existing)
2026-03-12 23:57:25 [INFO]    >> Progress: 114300/142859 (Skipping existing)
2026-03-12 23:57:32 [INFO]    >> Progress: 114400/142859 (Skipping existing)
2026-03-12 23:57:39 [INFO]    >> Progress: 114500/142859 (Skipping existing)
2026-03-12 23:57:46 [INFO]    >> Progress: 114600/142859 (Skipping existing)
2026-03-12 23:57:54 [INFO]    >> Progress: 114700/142859 (Skipping existing)
2026-03-12 23:58:01 [INFO]    >> Progress: 114800/142859 (Skipping existing)
2026-03-12 23:58:08 [INFO]    >> Progress: 114900/142859 (Skipping existing)
2026-03-12 23:58:15 [INFO]    >> Progress: 115000/142859 (Skipping existing)
2026-03-12 23:58:22 [INFO]    >> Progress: 115100/142859 (Skipping existing)
2026-03-12 23:58:29 [INFO]    >> Progress: 115200/142859 (Skipping existing)
2026-03-12 23:58:36 [INFO]    >> Progress: 115300/142859 (Skipping existing)
2026-03-12 23:58:43 [INFO]    >> Progress: 115400/142859 (Skipping existing)
2026-03-12 23:58:50 [INFO]    >> Progress: 115500/142859 (Skipping existing)
2026-03-12 23:58:57 [INFO]    >> Progress: 115600/142859 (Skipping existing)
2026-03-12 23:59:04 [INFO]    >> Progress: 115700/142859 (Skipping existing)
2026-03-12 23:59:11 [INFO]    >> Progress: 115800/142859 (Skipping existing)
2026-03-12 23:59:18 [INFO]    >> Progress: 115900/142859 (Skipping existing)
2026-03-12 23:59:25 [INFO]    >> Progress: 116000/142859 (Skipping existing)
2026-03-12 23:59:32 [INFO]    >> Progress: 116100/142859 (Skipping existing)
2026-03-12 23:59:39 [INFO]    >> Progress: 116200/142859 (Skipping existing)
2026-03-12 23:59:46 [INFO]    >> Progress: 116300/142859 (Skipping existing)
2026-03-12 23:59:53 [INFO]    >> Progress: 116400/142859 (Skipping existing)
2026-03-13 00:00:00 [INFO]    >> Progress: 116500/142859 (Skipping existing)
2026-03-13 00:00:07 [INFO]    >> Progress: 116600/142859 (Skipping existing)
2026-03-13 00:00:14 [INFO]    >> Progress: 116700/142859 (Skipping existing)
2026-03-13 00:00:21 [INFO]    >> Progress: 116800/142859 (Skipping existing)
2026-03-13 00:00:28 [INFO]    >> Progress: 116900/142859 (Skipping existing)
2026-03-13 00:00:35 [INFO]    >> Progress: 117000/142859 (Skipping existing)
2026-03-13 00:00:42 [INFO]    >> Progress: 117100/142859 (Skipping existing)
2026-03-13 00:00:49 [INFO]    >> Progress: 117200/142859 (Skipping existing)
2026-03-13 00:00:56 [INFO]    >> Progress: 117300/142859 (Skipping existing)
2026-03-13 00:01:03 [INFO]    >> Progress: 117400/142859 (Skipping existing)
2026-03-13 00:01:10 [INFO]    >> Progress: 117500/142859 (Skipping existing)
2026-03-13 00:01:17 [INFO]    >> Progress: 117600/142859 (Skipping existing)
2026-03-13 00:01:24 [INFO]    >> Progress: 117700/142859 (Skipping existing)
2026-03-13 00:01:32 [INFO]    >> Progress: 117800/142859 (Skipping existing)
2026-03-13 00:01:39 [INFO]    >> Progress: 117900/142859 (Skipping existing)
2026-03-13 00:01:46 [INFO]    >> Progress: 118000/142859 (Skipping existing)
2026-03-13 00:01:53 [INFO]    >> Progress: 118100/142859 (Skipping existing)
2026-03-13 00:02:00 [INFO]    >> Progress: 118200/142859 (Skipping existing)
2026-03-13 00:02:07 [INFO]    >> Progress: 118300/142859 (Skipping existing)
2026-03-13 00:02:14 [INFO]    >> Progress: 118400/142859 (Skipping existing)
2026-03-13 00:02:21 [INFO]    >> Progress: 118500/142859 (Skipping existing)
2026-03-13 00:02:28 [INFO]    >> Progress: 118600/142859 (Skipping existing)
2026-03-13 00:02:35 [INFO]    >> Progress: 118700/142859 (Skipping existing)
2026-03-13 00:02:42 [INFO]    >> Progress: 118800/142859 (Skipping existing)
2026-03-13 00:02:49 [INFO]    >> Progress: 118900/142859 (Skipping existing)
2026-03-13 00:02:56 [INFO]    >> Progress: 119000/142859 (Skipping existing)
2026-03-13 00:03:03 [INFO]    >> Progress: 119100/142859 (Skipping existing)
2026-03-13 00:03:10 [INFO]    >> Progress: 119200/142859 (Skipping existing)
2026-03-13 00:03:17 [INFO]    >> Progress: 119300/142859 (Skipping existing)
2026-03-13 00:03:24 [INFO]    >> Progress: 119400/142859 (Skipping existing)
2026-03-13 00:03:31 [INFO]    >> Progress: 119500/142859 (Skipping existing)
2026-03-13 00:03:38 [INFO]    >> Progress: 119600/142859 (Skipping existing)
2026-03-13 00:03:45 [INFO]    >> Progress: 119700/142859 (Skipping existing)
2026-03-13 00:03:52 [INFO]    >> Progress: 119800/142859 (Skipping existing)
2026-03-13 00:03:59 [INFO]    >> Progress: 119900/142859 (Skipping existing)
2026-03-13 00:04:06 [INFO]    >> Progress: 120000/142859 (Skipping existing)
2026-03-13 00:04:13 [INFO]    >> Progress: 120100/142859 (Skipping existing)
2026-03-13 00:04:21 [INFO]    >> Progress: 120200/142859 (Skipping existing)
2026-03-13 00:04:28 [INFO]    >> Progress: 120300/142859 (Skipping existing)
2026-03-13 00:04:35 [INFO]    >> Progress: 120400/142859 (Skipping existing)
2026-03-13 00:04:42 [INFO]    >> Progress: 120500/142859 (Skipping existing)
2026-03-13 00:04:49 [INFO]    >> Progress: 120600/142859 (Skipping existing)
2026-03-13 00:04:56 [INFO]    >> Progress: 120700/142859 (Skipping existing)
2026-03-13 00:05:03 [INFO]    >> Progress: 120800/142859 (Skipping existing)
2026-03-13 00:05:10 [INFO]    >> Progress: 120900/142859 (Skipping existing)
2026-03-13 00:05:17 [INFO]    >> Progress: 121000/142859 (Skipping existing)
2026-03-13 00:05:24 [INFO]    >> Progress: 121100/142859 (Skipping existing)
2026-03-13 00:05:31 [INFO]    >> Progress: 121200/142859 (Skipping existing)
2026-03-13 00:05:38 [INFO]    >> Progress: 121300/142859 (Skipping existing)
2026-03-13 00:05:45 [INFO]    >> Progress: 121400/142859 (Skipping existing)
2026-03-13 00:05:52 [INFO]    >> Progress: 121500/142859 (Skipping existing)
2026-03-13 00:05:59 [INFO]    >> Progress: 121600/142859 (Skipping existing)
2026-03-13 00:06:06 [INFO]    >> Progress: 121700/142859 (Skipping existing)
2026-03-13 00:06:13 [INFO]    >> Progress: 121800/142859 (Skipping existing)
2026-03-13 00:06:20 [INFO]    >> Progress: 121900/142859 (Skipping existing)
2026-03-13 00:06:27 [INFO]    >> Progress: 122000/142859 (Skipping existing)
2026-03-13 00:06:34 [INFO]    >> Progress: 122100/142859 (Skipping existing)
2026-03-13 00:06:41 [INFO]    >> Progress: 122200/142859 (Skipping existing)
2026-03-13 00:06:49 [INFO]    >> Progress: 122300/142859 (Skipping existing)
2026-03-13 00:06:56 [INFO]    >> Progress: 122400/142859 (Skipping existing)
2026-03-13 00:07:03 [INFO]    >> Progress: 122500/142859 (Skipping existing)
2026-03-13 00:07:10 [INFO]    >> Progress: 122600/142859 (Skipping existing)
2026-03-13 00:07:17 [INFO]    >> Progress: 122700/142859 (Skipping existing)
2026-03-13 00:07:24 [INFO]    >> Progress: 122800/142859 (Skipping existing)
2026-03-13 00:07:31 [INFO]    >> Progress: 122900/142859 (Skipping existing)
2026-03-13 00:07:38 [INFO]    >> Progress: 123000/142859 (Skipping existing)
2026-03-13 00:07:45 [INFO]    >> Progress: 123100/142859 (Skipping existing)
2026-03-13 00:07:52 [INFO]    >> Progress: 123200/142859 (Skipping existing)
2026-03-13 00:07:59 [INFO]    >> Progress: 123300/142859 (Skipping existing)
2026-03-13 00:08:06 [INFO]    >> Progress: 123400/142859 (Skipping existing)
2026-03-13 00:08:13 [INFO]    >> Progress: 123500/142859 (Skipping existing)
2026-03-13 00:08:20 [INFO]    >> Progress: 123600/142859 (Skipping existing)
2026-03-13 00:08:27 [INFO]    >> Progress: 123700/142859 (Skipping existing)
2026-03-13 00:08:34 [INFO]    >> Progress: 123800/142859 (Skipping existing)
2026-03-13 00:08:41 [INFO]    >> Progress: 123900/142859 (Skipping existing)
2026-03-13 00:08:48 [INFO]    >> Progress: 124000/142859 (Skipping existing)
2026-03-13 00:08:55 [INFO]    >> Progress: 124100/142859 (Skipping existing)
2026-03-13 00:09:02 [INFO]    >> Progress: 124200/142859 (Skipping existing)
2026-03-13 00:09:09 [INFO]    >> Progress: 124300/142859 (Skipping existing)
2026-03-13 00:09:16 [INFO]    >> Progress: 124400/142859 (Skipping existing)
2026-03-13 00:09:23 [INFO]    >> Progress: 124500/142859 (Skipping existing)
2026-03-13 00:09:30 [INFO]    >> Progress: 124600/142859 (Skipping existing)
2026-03-13 00:09:37 [INFO]    >> Progress: 124700/142859 (Skipping existing)
2026-03-13 00:09:44 [INFO]    >> Progress: 124800/142859 (Skipping existing)
2026-03-13 00:09:52 [INFO]    >> Progress: 124900/142859 (Skipping existing)
2026-03-13 00:09:59 [INFO]    >> Progress: 125000/142859 (Skipping existing)
2026-03-13 00:10:06 [INFO]    >> Progress: 125100/142859 (Skipping existing)
2026-03-13 00:10:13 [INFO]    >> Progress: 125200/142859 (Skipping existing)
2026-03-13 00:10:20 [INFO]    >> Progress: 125300/142859 (Skipping existing)
2026-03-13 00:10:27 [INFO]    >> Progress: 125400/142859 (Skipping existing)
2026-03-13 00:10:34 [INFO]    >> Progress: 125500/142859 (Skipping existing)
2026-03-13 00:10:41 [INFO]    >> Progress: 125600/142859 (Skipping existing)
2026-03-13 00:10:48 [INFO]    >> Progress: 125700/142859 (Skipping existing)
2026-03-13 00:10:55 [INFO]    >> Progress: 125800/142859 (Skipping existing)
2026-03-13 00:11:02 [INFO]    >> Progress: 125900/142859 (Skipping existing)
2026-03-13 00:11:09 [INFO]    >> Progress: 126000/142859 (Skipping existing)
2026-03-13 00:11:16 [INFO]    >> Progress: 126100/142859 (Skipping existing)
2026-03-13 00:11:23 [INFO]    >> Progress: 126200/142859 (Skipping existing)
2026-03-13 00:11:30 [INFO]    >> Progress: 126300/142859 (Skipping existing)
2026-03-13 00:11:37 [INFO]    >> Progress: 126400/142859 (Skipping existing)
2026-03-13 00:11:44 [INFO]    >> Progress: 126500/142859 (Skipping existing)
2026-03-13 00:11:51 [INFO]    >> Progress: 126600/142859 (Skipping existing)
2026-03-13 00:11:58 [INFO]    >> Progress: 126700/142859 (Skipping existing)
2026-03-13 00:12:05 [INFO]    >> Progress: 126800/142859 (Skipping existing)
2026-03-13 00:12:12 [INFO]    >> Progress: 126900/142859 (Skipping existing)
2026-03-13 00:12:19 [INFO]    >> Progress: 127000/142859 (Skipping existing)
2026-03-13 00:12:26 [INFO]    >> Progress: 127100/142859 (Skipping existing)
2026-03-13 00:12:33 [INFO]    >> Progress: 127200/142859 (Skipping existing)
2026-03-13 00:12:40 [INFO]    >> Progress: 127300/142859 (Skipping existing)
2026-03-13 00:12:47 [INFO]    >> Progress: 127400/142859 (Skipping existing)
2026-03-13 00:12:54 [INFO]    >> Progress: 127500/142859 (Skipping existing)
2026-03-13 00:13:01 [INFO]    >> Progress: 127600/142859 (Skipping existing)
2026-03-13 00:13:08 [INFO]    >> Progress: 127700/142859 (Skipping existing)
2026-03-13 00:13:15 [INFO]    >> Progress: 127800/142859 (Skipping existing)
2026-03-13 00:13:22 [INFO]    >> Progress: 127900/142859 (Skipping existing)
2026-03-13 00:13:29 [INFO]    >> Progress: 128000/142859 (Skipping existing)
2026-03-13 00:13:36 [INFO]    >> Progress: 128100/142859 (Skipping existing)
2026-03-13 00:13:43 [INFO]    >> Progress: 128200/142859 (Skipping existing)
2026-03-13 00:13:50 [INFO]    >> Progress: 128300/142859 (Skipping existing)
2026-03-13 00:13:57 [INFO]    >> Progress: 128400/142859 (Skipping existing)
2026-03-13 00:14:04 [INFO]    >> Progress: 128500/142859 (Skipping existing)
2026-03-13 00:14:11 [INFO]    >> Progress: 128600/142859 (Skipping existing)
2026-03-13 00:14:18 [INFO]    >> Progress: 128700/142859 (Skipping existing)
2026-03-13 00:14:25 [INFO]    >> Progress: 128800/142859 (Skipping existing)
2026-03-13 00:14:32 [INFO]    >> Progress: 128900/142859 (Skipping existing)
2026-03-13 00:14:39 [INFO]    >> Progress: 129000/142859 (Skipping existing)
2026-03-13 00:14:46 [INFO]    >> Progress: 129100/142859 (Skipping existing)
2026-03-13 00:14:53 [INFO]    >> Progress: 129200/142859 (Skipping existing)
2026-03-13 00:15:00 [INFO]    >> Progress: 129300/142859 (Skipping existing)
2026-03-13 00:15:07 [INFO]    >> Progress: 129400/142859 (Skipping existing)
2026-03-13 00:15:14 [INFO]    >> Progress: 129500/142859 (Skipping existing)
2026-03-13 00:15:21 [INFO]    >> Progress: 129600/142859 (Skipping existing)
2026-03-13 00:15:28 [INFO]    >> Progress: 129700/142859 (Skipping existing)
2026-03-13 00:15:35 [INFO]    >> Progress: 129800/142859 (Skipping existing)
2026-03-13 00:15:42 [INFO]    >> Progress: 129900/142859 (Skipping existing)
2026-03-13 00:15:50 [INFO]    >> Progress: 130000/142859 (Skipping existing)
2026-03-13 00:15:56 [INFO]    >> Progress: 130100/142859 (Skipping existing)
2026-03-13 00:16:04 [INFO]    >> Progress: 130200/142859 (Skipping existing)
2026-03-13 00:16:11 [INFO]    >> Progress: 130300/142859 (Skipping existing)
2026-03-13 00:16:18 [INFO]    >> Progress: 130400/142859 (Skipping existing)
2026-03-13 00:16:25 [INFO]    >> Progress: 130500/142859 (Skipping existing)
2026-03-13 00:16:32 [INFO]    >> Progress: 130600/142859 (Skipping existing)
2026-03-13 00:16:39 [INFO]    >> Progress: 130700/142859 (Skipping existing)
2026-03-13 00:16:45 [INFO]    >> Progress: 130800/142859 (Skipping existing)
2026-03-13 00:16:53 [INFO]    >> Progress: 130900/142859 (Skipping existing)
2026-03-13 00:16:59 [INFO]    >> Progress: 131000/142859 (Skipping existing)
2026-03-13 00:17:06 [INFO]    >> Progress: 131100/142859 (Skipping existing)
2026-03-13 00:17:13 [INFO]    >> Progress: 131200/142859 (Skipping existing)
2026-03-13 00:17:20 [INFO]    >> Progress: 131300/142859 (Skipping existing)
2026-03-13 00:17:27 [INFO]    >> Progress: 131400/142859 (Skipping existing)
2026-03-13 00:17:34 [INFO]    >> Progress: 131500/142859 (Skipping existing)
2026-03-13 00:17:41 [INFO]    >> Progress: 131600/142859 (Skipping existing)
2026-03-13 00:17:48 [INFO]    >> Progress: 131700/142859 (Skipping existing)
2026-03-13 00:17:55 [INFO]    >> Progress: 131800/142859 (Skipping existing)
2026-03-13 00:18:02 [INFO]    >> Progress: 131900/142859 (Skipping existing)
2026-03-13 00:18:09 [INFO]    >> Progress: 132000/142859 (Skipping existing)
2026-03-13 00:18:16 [INFO]    >> Progress: 132100/142859 (Skipping existing)
2026-03-13 00:18:23 [INFO]    >> Progress: 132200/142859 (Skipping existing)
2026-03-13 00:18:30 [INFO]    >> Progress: 132300/142859 (Skipping existing)
2026-03-13 00:18:37 [INFO]    >> Progress: 132400/142859 (Skipping existing)
2026-03-13 00:18:44 [INFO]    >> Progress: 132500/142859 (Skipping existing)
2026-03-13 00:18:51 [INFO]    >> Progress: 132600/142859 (Skipping existing)
2026-03-13 00:18:58 [INFO]    >> Progress: 132700/142859 (Skipping existing)
2026-03-13 00:19:05 [INFO]    >> Progress: 132800/142859 (Skipping existing)
2026-03-13 00:19:12 [INFO]    >> Progress: 132900/142859 (Skipping existing)
2026-03-13 00:19:19 [INFO]    >> Progress: 133000/142859 (Skipping existing)
2026-03-13 00:19:26 [INFO]    >> Progress: 133100/142859 (Skipping existing)
2026-03-13 00:19:32 [INFO]    >> Progress: 133200/142859 (Skipping existing)
2026-03-13 00:19:39 [INFO]    >> Progress: 133300/142859 (Skipping existing)
2026-03-13 00:19:46 [INFO]    >> Progress: 133400/142859 (Skipping existing)
2026-03-13 00:19:53 [INFO]    >> Progress: 133500/142859 (Skipping existing)
2026-03-13 00:20:00 [INFO]    >> Progress: 133600/142859 (Skipping existing)
2026-03-13 00:20:07 [INFO]    >> Progress: 133700/142859 (Skipping existing)
2026-03-13 00:20:14 [INFO]    >> Progress: 133800/142859 (Skipping existing)
2026-03-13 00:20:21 [INFO]    >> Progress: 133900/142859 (Skipping existing)
2026-03-13 00:20:28 [INFO]    >> Progress: 134000/142859 (Skipping existing)
2026-03-13 00:20:35 [INFO]    >> Progress: 134100/142859 (Skipping existing)
2026-03-13 00:20:42 [INFO]    >> Progress: 134200/142859 (Skipping existing)
2026-03-13 00:20:49 [INFO]    >> Progress: 134300/142859 (Skipping existing)
2026-03-13 00:20:56 [INFO]    >> Progress: 134400/142859 (Skipping existing)
2026-03-13 00:21:03 [INFO]    >> Progress: 134500/142859 (Skipping existing)
2026-03-13 00:21:10 [INFO]    >> Progress: 134600/142859 (Skipping existing)
2026-03-13 00:21:17 [INFO]    >> Progress: 134700/142859 (Skipping existing)
2026-03-13 00:21:24 [INFO]    >> Progress: 134800/142859 (Skipping existing)
2026-03-13 00:21:31 [INFO]    >> Progress: 134900/142859 (Skipping existing)
2026-03-13 00:21:38 [INFO]    >> Progress: 135000/142859 (Skipping existing)
2026-03-13 00:21:44 [INFO]    >> Progress: 135100/142859 (Skipping existing)
2026-03-13 00:21:51 [INFO]    >> Progress: 135200/142859 (Skipping existing)
2026-03-13 00:21:58 [INFO]    >> Progress: 135300/142859 (Skipping existing)
2026-03-13 00:22:05 [INFO]    >> Progress: 135400/142859 (Skipping existing)
2026-03-13 00:22:12 [INFO]    >> Progress: 135500/142859 (Skipping existing)
2026-03-13 00:22:19 [INFO]    >> Progress: 135600/142859 (Skipping existing)
2026-03-13 00:22:26 [INFO]    >> Progress: 135700/142859 (Skipping existing)
2026-03-13 00:22:33 [INFO]    >> Progress: 135800/142859 (Skipping existing)
2026-03-13 00:22:40 [INFO]    >> Progress: 135900/142859 (Skipping existing)
2026-03-13 00:22:47 [INFO]    >> Progress: 136000/142859 (Skipping existing)
2026-03-13 00:22:54 [INFO]    >> Progress: 136100/142859 (Skipping existing)
2026-03-13 00:23:01 [INFO]    >> Progress: 136200/142859 (Skipping existing)
2026-03-13 00:23:08 [INFO]    >> Progress: 136300/142859 (Skipping existing)
2026-03-13 00:23:15 [INFO]    >> Progress: 136400/142859 (Skipping existing)
2026-03-13 00:23:22 [INFO]    >> Progress: 136500/142859 (Skipping existing)
2026-03-13 00:23:29 [INFO]    >> Progress: 136600/142859 (Skipping existing)
2026-03-13 00:23:36 [INFO]    >> Progress: 136700/142859 (Skipping existing)
2026-03-13 00:23:43 [INFO]    >> Progress: 136800/142859 (Skipping existing)
2026-03-13 00:23:49 [INFO]    >> Progress: 136900/142859 (Skipping existing)
2026-03-13 00:23:56 [INFO]    >> Progress: 137000/142859 (Skipping existing)
2026-03-13 00:24:03 [INFO]    >> Progress: 137100/142859 (Skipping existing)
2026-03-13 00:24:10 [INFO]    >> Progress: 137200/142859 (Skipping existing)
2026-03-13 00:24:17 [INFO]    >> Progress: 137300/142859 (Skipping existing)
2026-03-13 00:24:24 [INFO]    >> Progress: 137400/142859 (Skipping existing)
2026-03-13 00:24:31 [INFO]    >> Progress: 137500/142859 (Skipping existing)
2026-03-13 00:24:38 [INFO]    >> Progress: 137600/142859 (Skipping existing)
2026-03-13 00:24:45 [INFO]    >> Progress: 137700/142859 (Skipping existing)
2026-03-13 00:24:52 [INFO]    >> Progress: 137800/142859 (Skipping existing)
2026-03-13 00:24:56 [INFO]    >> Progress: 137900/142859 (Skipping existing)
2026-03-13 00:25:03 [INFO]    >> Progress: 138000/142859 (Skipping existing)
2026-03-13 00:25:10 [INFO]    >> Progress: 138100/142859 (Skipping existing)
2026-03-13 00:25:17 [INFO]    >> Progress: 138200/142859 (Skipping existing)
2026-03-13 00:25:24 [INFO]    >> Progress: 138300/142859 (Skipping existing)
2026-03-13 00:25:31 [INFO]    >> Progress: 138400/142859 (Skipping existing)
2026-03-13 00:25:38 [INFO]    >> Progress: 138500/142859 (Skipping existing)
2026-03-13 00:25:45 [INFO]    >> Progress: 138600/142859 (Skipping existing)
2026-03-13 00:25:52 [INFO]    >> Progress: 138700/142859 (Skipping existing)
2026-03-13 00:25:59 [INFO]    >> Progress: 138800/142859 (Skipping existing)
2026-03-13 00:26:06 [INFO]    >> Progress: 138900/142859 (Skipping existing)
2026-03-13 00:26:13 [INFO]    >> Progress: 139000/142859 (Skipping existing)
2026-03-13 00:26:20 [INFO]    >> Progress: 139100/142859 (Skipping existing)
2026-03-13 00:26:27 [INFO]    >> Progress: 139200/142859 (Skipping existing)
2026-03-13 00:26:33 [INFO]    >> Progress: 139300/142859 (Skipping existing)
2026-03-13 00:26:40 [INFO]    >> Progress: 139400/142859 (Skipping existing)
2026-03-13 00:26:47 [INFO]    >> Progress: 139500/142859 (Skipping existing)
2026-03-13 00:26:54 [INFO]    >> Progress: 139600/142859 (Skipping existing)
2026-03-13 00:27:01 [INFO]    >> Progress: 139700/142859 (Skipping existing)
2026-03-13 00:27:08 [INFO]    >> Progress: 139800/142859 (Skipping existing)
2026-03-13 00:27:15 [INFO]    >> Progress: 139900/142859 (Skipping existing)
2026-03-13 00:27:22 [INFO]    >> Progress: 140000/142859 (Skipping existing)
2026-03-13 00:27:29 [INFO]    >> Progress: 140100/142859 (Skipping existing)
2026-03-13 00:27:36 [INFO]    >> Progress: 140200/142859 (Skipping existing)
2026-03-13 00:27:43 [INFO]    >> Progress: 140300/142859 (Skipping existing)
2026-03-13 00:27:50 [INFO]    >> Progress: 140400/142859 (Skipping existing)
2026-03-13 00:27:57 [INFO]    >> Progress: 140500/142859 (Skipping existing)
2026-03-13 00:28:03 [INFO]    >> Progress: 140600/142859 (Skipping existing)
2026-03-13 00:28:10 [INFO]    >> Progress: 140700/142859 (Skipping existing)
2026-03-13 00:28:17 [INFO]    >> Progress: 140800/142859 (Skipping existing)
2026-03-13 00:28:24 [INFO]    >> Progress: 140900/142859 (Skipping existing)
2026-03-13 00:28:31 [INFO]    >> Progress: 141000/142859 (Skipping existing)
2026-03-13 00:28:38 [INFO]    >> Progress: 141100/142859 (Skipping existing)
2026-03-13 00:28:45 [INFO]    >> Progress: 141200/142859 (Skipping existing)
2026-03-13 00:28:52 [INFO]    >> Progress: 141300/142859 (Skipping existing)
2026-03-13 00:28:59 [INFO]    >> Progress: 141400/142859 (Skipping existing)
2026-03-13 00:29:06 [INFO]    >> Progress: 141500/142859 (Skipping existing)
2026-03-13 00:29:13 [INFO]    >> Progress: 141600/142859 (Skipping existing)
2026-03-13 00:29:20 [INFO]    >> Progress: 141700/142859 (Skipping existing)
2026-03-13 00:29:27 [INFO]    >> Progress: 141800/142859 (Skipping existing)
2026-03-13 00:29:34 [INFO]    >> Progress: 141900/142859 (Skipping existing)
2026-03-13 00:29:41 [INFO]    >> Progress: 142000/142859 (Skipping existing)
2026-03-13 00:29:48 [INFO]    >> Progress: 142100/142859 (Skipping existing)
2026-03-13 00:29:55 [INFO]    >> Progress: 142200/142859 (Skipping existing)
2026-03-13 00:30:02 [INFO]    >> Progress: 142300/142859 (Skipping existing)
2026-03-13 00:30:09 [INFO]    >> Progress: 142400/142859 (Skipping existing)
2026-03-13 00:30:16 [INFO]    >> Progress: 142500/142859 (Skipping existing)
2026-03-13 00:30:23 [INFO]    >> Progress: 142600/142859 (Skipping existing)
2026-03-13 00:30:30 [INFO]    >> Progress: 142700/142859 (Skipping existing)
2026-03-13 00:30:37 [INFO]    >> Progress: 142800/142859 (Skipping existing)
2026-03-13 00:30:41 [INFO]    >>> Extraction Finished. Processed: 0 | Total: 142859
2026-03-13 00:30:41 [INFO] ========== [Step 3.5] Verify Embeddings ==========
2026-03-13 00:30:41 [INFO]    Checking 142859 embedding files in /data/lihb/enzyme_functional_annotation/optimal_radius/embedding...
2026-03-13 00:30:50 [INFO]    Checked 100/142859 files...
2026-03-13 00:31:00 [INFO]    Checked 200/142859 files...
2026-03-13 00:31:09 [INFO]    Checked 300/142859 files...
2026-03-13 00:31:19 [INFO]    Checked 400/142859 files...
2026-03-13 00:31:28 [INFO]    Checked 500/142859 files...
2026-03-13 00:31:38 [INFO]    Checked 600/142859 files...
2026-03-13 00:31:47 [INFO]    Checked 700/142859 files...
2026-03-13 00:31:57 [INFO]    Checked 800/142859 files...
2026-03-13 00:32:07 [INFO]    Checked 900/142859 files...
2026-03-13 00:32:16 [INFO]    Checked 1000/142859 files...
2026-03-13 00:32:25 [INFO]    Checked 1100/142859 files...
2026-03-13 00:32:35 [INFO]    Checked 1200/142859 files...
2026-03-13 00:32:44 [INFO]    Checked 1300/142859 files...
2026-03-13 00:32:54 [INFO]    Checked 1400/142859 files...
2026-03-13 00:33:03 [INFO]    Checked 1500/142859 files...
2026-03-13 00:33:13 [INFO]    Checked 1600/142859 files...
2026-03-13 00:33:21 [INFO]    Checked 1700/142859 files...
2026-03-13 00:33:30 [INFO]    Checked 1800/142859 files...
2026-03-13 00:33:40 [INFO]    Checked 1900/142859 files...
2026-03-13 00:33:50 [INFO]    Checked 2000/142859 files...
2026-03-13 00:33:59 [INFO]    Checked 2100/142859 files...
2026-03-13 00:34:09 [INFO]    Checked 2200/142859 files...
2026-03-13 00:34:18 [INFO]    Checked 2300/142859 files...
2026-03-13 00:34:28 [INFO]    Checked 2400/142859 files...
2026-03-13 00:34:37 [INFO]    Checked 2500/142859 files...
2026-03-13 00:34:47 [INFO]    Checked 2600/142859 files...
2026-03-13 00:34:56 [INFO]    Checked 2700/142859 files...
2026-03-13 00:35:06 [INFO]    Checked 2800/142859 files...
2026-03-13 00:35:15 [INFO]    Checked 2900/142859 files...
2026-03-13 00:35:25 [INFO]    Checked 3000/142859 files...
2026-03-13 00:35:34 [INFO]    Checked 3100/142859 files...
2026-03-13 00:35:44 [INFO]    Checked 3200/142859 files...
2026-03-13 00:35:54 [INFO]    Checked 3300/142859 files...
2026-03-13 00:36:03 [INFO]    Checked 3400/142859 files...
2026-03-13 00:36:13 [INFO]    Checked 3500/142859 files...
2026-03-13 00:36:22 [INFO]    Checked 3600/142859 files...
2026-03-13 00:36:32 [INFO]    Checked 3700/142859 files...
2026-03-13 00:36:41 [INFO]    Checked 3800/142859 files...
2026-03-13 00:36:51 [INFO]    Checked 3900/142859 files...
2026-03-13 00:37:01 [INFO]    Checked 4000/142859 files...
2026-03-13 00:37:10 [INFO]    Checked 4100/142859 files...
2026-03-13 00:37:20 [INFO]    Checked 4200/142859 files...
2026-03-13 00:37:29 [INFO]    Checked 4300/142859 files...
2026-03-13 00:37:39 [INFO]    Checked 4400/142859 files...
2026-03-13 00:37:49 [INFO]    Checked 4500/142859 files...
2026-03-13 00:37:58 [INFO]    Checked 4600/142859 files...
2026-03-13 00:38:08 [INFO]    Checked 4700/142859 files...
2026-03-13 00:38:17 [INFO]    Checked 4800/142859 files...
2026-03-13 00:38:27 [INFO]    Checked 4900/142859 files...
2026-03-13 00:38:36 [INFO]    Checked 5000/142859 files...
2026-03-13 00:38:46 [INFO]    Checked 5100/142859 files...
2026-03-13 00:38:55 [INFO]    Checked 5200/142859 files...
2026-03-13 00:39:05 [INFO]    Checked 5300/142859 files...
2026-03-13 00:39:15 [INFO]    Checked 5400/142859 files...
2026-03-13 00:39:24 [INFO]    Checked 5500/142859 files...
2026-03-13 00:39:34 [INFO]    Checked 5600/142859 files...
2026-03-13 00:39:43 [INFO]    Checked 5700/142859 files...
2026-03-13 00:39:53 [INFO]    Checked 5800/142859 files...
2026-03-13 00:40:02 [INFO]    Checked 5900/142859 files...
2026-03-13 00:40:12 [INFO]    Checked 6000/142859 files...
2026-03-13 00:40:21 [INFO]    Checked 6100/142859 files...
2026-03-13 00:40:31 [INFO]    Checked 6200/142859 files...
2026-03-13 00:40:40 [INFO]    Checked 6300/142859 files...
2026-03-13 00:40:50 [INFO]    Checked 6400/142859 files...
2026-03-13 00:40:59 [INFO]    Checked 6500/142859 files...
2026-03-13 00:41:09 [INFO]    Checked 6600/142859 files...
2026-03-13 00:41:19 [INFO]    Checked 6700/142859 files...
2026-03-13 00:41:28 [INFO]    Checked 6800/142859 files...
2026-03-13 00:41:38 [INFO]    Checked 6900/142859 files...
2026-03-13 00:41:47 [INFO]    Checked 7000/142859 files...
2026-03-13 00:41:57 [INFO]    Checked 7100/142859 files...
2026-03-13 00:42:06 [INFO]    Checked 7200/142859 files...
2026-03-13 00:42:16 [INFO]    Checked 7300/142859 files...
2026-03-13 00:42:25 [INFO]    Checked 7400/142859 files...
2026-03-13 00:42:35 [INFO]    Checked 7500/142859 files...
2026-03-13 00:42:45 [INFO]    Checked 7600/142859 files...
2026-03-13 00:42:54 [INFO]    Checked 7700/142859 files...
2026-03-13 00:43:04 [INFO]    Checked 7800/142859 files...
2026-03-13 00:43:13 [INFO]    Checked 7900/142859 files...
2026-03-13 00:43:23 [INFO]    Checked 8000/142859 files...
2026-03-13 00:43:32 [INFO]    Checked 8100/142859 files...
2026-03-13 00:43:42 [INFO]    Checked 8200/142859 files...
2026-03-13 00:43:52 [INFO]    Checked 8300/142859 files...
2026-03-13 00:44:01 [INFO]    Checked 8400/142859 files...
2026-03-13 00:44:11 [INFO]    Checked 8500/142859 files...
2026-03-13 00:44:20 [INFO]    Checked 8600/142859 files...
2026-03-13 00:44:30 [INFO]    Checked 8700/142859 files...
2026-03-13 00:44:39 [INFO]    Checked 8800/142859 files...
2026-03-13 00:44:49 [INFO]    Checked 8900/142859 files...
2026-03-13 00:44:58 [INFO]    Checked 9000/142859 files...
2026-03-13 00:45:08 [INFO]    Checked 9100/142859 files...
2026-03-13 00:45:18 [INFO]    Checked 9200/142859 files...
2026-03-13 00:45:27 [INFO]    Checked 9300/142859 files...
2026-03-13 00:45:37 [INFO]    Checked 9400/142859 files...
2026-03-13 00:45:46 [INFO]    Checked 9500/142859 files...
2026-03-13 00:45:56 [INFO]    Checked 9600/142859 files...
2026-03-13 00:46:05 [INFO]    Checked 9700/142859 files...
2026-03-13 00:46:15 [INFO]    Checked 9800/142859 files...
2026-03-13 00:46:24 [INFO]    Checked 9900/142859 files...
2026-03-13 00:46:33 [INFO]    Checked 10000/142859 files...
2026-03-13 00:46:42 [INFO]    Checked 10100/142859 files...
2026-03-13 00:46:52 [INFO]    Checked 10200/142859 files...
2026-03-13 00:47:02 [INFO]    Checked 10300/142859 files...
2026-03-13 00:47:11 [INFO]    Checked 10400/142859 files...
2026-03-13 00:47:21 [INFO]    Checked 10500/142859 files...
2026-03-13 00:47:30 [INFO]    Checked 10600/142859 files...
2026-03-13 00:47:40 [INFO]    Checked 10700/142859 files...
2026-03-13 00:47:49 [INFO]    Checked 10800/142859 files...
2026-03-13 00:47:59 [INFO]    Checked 10900/142859 files...
2026-03-13 00:48:08 [INFO]    Checked 11000/142859 files...
2026-03-13 00:48:18 [INFO]    Checked 11100/142859 files...
2026-03-13 00:48:27 [INFO]    Checked 11200/142859 files...
2026-03-13 00:48:37 [INFO]    Checked 11300/142859 files...
2026-03-13 00:48:47 [INFO]    Checked 11400/142859 files...
2026-03-13 00:48:56 [INFO]    Checked 11500/142859 files...
2026-03-13 00:49:06 [INFO]    Checked 11600/142859 files...
2026-03-13 00:49:15 [INFO]    Checked 11700/142859 files...
2026-03-13 00:49:25 [INFO]    Checked 11800/142859 files...
2026-03-13 00:49:35 [INFO]    Checked 11900/142859 files...
2026-03-13 00:49:44 [INFO]    Checked 12000/142859 files...
2026-03-13 00:49:54 [INFO]    Checked 12100/142859 files...
2026-03-13 00:50:03 [INFO]    Checked 12200/142859 files...
2026-03-13 00:50:13 [INFO]    Checked 12300/142859 files...
2026-03-13 00:50:22 [INFO]    Checked 12400/142859 files...
2026-03-13 00:50:32 [INFO]    Checked 12500/142859 files...
2026-03-13 00:50:41 [INFO]    Checked 12600/142859 files...
2026-03-13 00:50:51 [INFO]    Checked 12700/142859 files...
2026-03-13 00:51:00 [INFO]    Checked 12800/142859 files...
2026-03-13 00:51:10 [INFO]    Checked 12900/142859 files...
2026-03-13 00:51:19 [INFO]    Checked 13000/142859 files...
2026-03-13 00:51:29 [INFO]    Checked 13100/142859 files...
2026-03-13 00:51:39 [INFO]    Checked 13200/142859 files...
2026-03-13 00:51:48 [INFO]    Checked 13300/142859 files...
2026-03-13 00:51:58 [INFO]    Checked 13400/142859 files...
2026-03-13 00:52:07 [INFO]    Checked 13500/142859 files...
2026-03-13 00:52:16 [INFO]    Checked 13600/142859 files...
2026-03-13 00:52:26 [INFO]    Checked 13700/142859 files...
2026-03-13 00:52:35 [INFO]    Checked 13800/142859 files...
2026-03-13 00:52:45 [INFO]    Checked 13900/142859 files...
2026-03-13 00:52:54 [INFO]    Checked 14000/142859 files...
2026-03-13 00:53:04 [INFO]    Checked 14100/142859 files...
2026-03-13 00:53:14 [INFO]    Checked 14200/142859 files...
2026-03-13 00:53:23 [INFO]    Checked 14300/142859 files...
2026-03-13 00:53:33 [INFO]    Checked 14400/142859 files...
2026-03-13 00:53:42 [INFO]    Checked 14500/142859 files...
2026-03-13 00:53:52 [INFO]    Checked 14600/142859 files...
2026-03-13 00:54:01 [INFO]    Checked 14700/142859 files...
2026-03-13 00:54:11 [INFO]    Checked 14800/142859 files...
2026-03-13 00:54:21 [INFO]    Checked 14900/142859 files...
2026-03-13 00:54:30 [INFO]    Checked 15000/142859 files...
2026-03-13 00:54:40 [INFO]    Checked 15100/142859 files...
2026-03-13 00:54:49 [INFO]    Checked 15200/142859 files...
2026-03-13 00:54:59 [INFO]    Checked 15300/142859 files...
2026-03-13 00:55:08 [INFO]    Checked 15400/142859 files...
2026-03-13 00:55:18 [INFO]    Checked 15500/142859 files...
2026-03-13 00:55:28 [INFO]    Checked 15600/142859 files...
2026-03-13 00:55:37 [INFO]    Checked 15700/142859 files...
2026-03-13 00:55:47 [INFO]    Checked 15800/142859 files...
2026-03-13 00:55:56 [INFO]    Checked 15900/142859 files...
2026-03-13 00:56:06 [INFO]    Checked 16000/142859 files...
2026-03-13 00:56:15 [INFO]    Checked 16100/142859 files...
2026-03-13 00:56:25 [INFO]    Checked 16200/142859 files...
2026-03-13 00:56:34 [INFO]    Checked 16300/142859 files...
2026-03-13 00:56:44 [INFO]    Checked 16400/142859 files...
2026-03-13 00:56:53 [INFO]    Checked 16500/142859 files...
2026-03-13 00:57:03 [INFO]    Checked 16600/142859 files...
2026-03-13 00:57:12 [INFO]    Checked 16700/142859 files...
2026-03-13 00:57:22 [INFO]    Checked 16800/142859 files...
2026-03-13 00:57:31 [INFO]    Checked 16900/142859 files...
2026-03-13 00:57:41 [INFO]    Checked 17000/142859 files...
2026-03-13 00:57:51 [INFO]    Checked 17100/142859 files...
2026-03-13 00:58:00 [INFO]    Checked 17200/142859 files...
2026-03-13 00:58:10 [INFO]    Checked 17300/142859 files...
2026-03-13 00:58:19 [INFO]    Checked 17400/142859 files...
2026-03-13 00:58:29 [INFO]    Checked 17500/142859 files...
2026-03-13 00:58:38 [INFO]    Checked 17600/142859 files...
2026-03-13 00:58:47 [INFO]    Checked 17700/142859 files...
2026-03-13 00:58:57 [INFO]    Checked 17800/142859 files...
2026-03-13 00:59:06 [INFO]    Checked 17900/142859 files...
2026-03-13 00:59:16 [INFO]    Checked 18000/142859 files...
2026-03-13 00:59:25 [INFO]    Checked 18100/142859 files...
2026-03-13 00:59:35 [INFO]    Checked 18200/142859 files...
2026-03-13 00:59:45 [INFO]    Checked 18300/142859 files...
2026-03-13 00:59:54 [INFO]    Checked 18400/142859 files...
2026-03-13 01:00:04 [INFO]    Checked 18500/142859 files...
2026-03-13 01:00:14 [INFO]    Checked 18600/142859 files...
2026-03-13 01:00:23 [INFO]    Checked 18700/142859 files...
2026-03-13 01:00:33 [INFO]    Checked 18800/142859 files...
2026-03-13 01:00:42 [INFO]    Checked 18900/142859 files...
2026-03-13 01:00:52 [INFO]    Checked 19000/142859 files...
2026-03-13 01:01:01 [INFO]    Checked 19100/142859 files...
2026-03-13 01:01:11 [INFO]    Checked 19200/142859 files...
2026-03-13 01:01:20 [INFO]    Checked 19300/142859 files...
2026-03-13 01:01:30 [INFO]    Checked 19400/142859 files...
2026-03-13 01:01:39 [INFO]    Checked 19500/142859 files...
2026-03-13 01:01:49 [INFO]    Checked 19600/142859 files...
2026-03-13 01:01:58 [INFO]    Checked 19700/142859 files...
2026-03-13 01:02:08 [INFO]    Checked 19800/142859 files...
2026-03-13 01:02:17 [INFO]    Checked 19900/142859 files...
2026-03-13 01:02:27 [INFO]    Checked 20000/142859 files...
2026-03-13 01:02:37 [INFO]    Checked 20100/142859 files...
2026-03-13 01:02:46 [INFO]    Checked 20200/142859 files...
2026-03-13 01:02:56 [INFO]    Checked 20300/142859 files...
2026-03-13 01:03:05 [INFO]    Checked 20400/142859 files...
2026-03-13 01:03:15 [INFO]    Checked 20500/142859 files...
2026-03-13 01:03:24 [INFO]    Checked 20600/142859 files...
2026-03-13 01:03:34 [INFO]    Checked 20700/142859 files...
2026-03-13 01:03:43 [INFO]    Checked 20800/142859 files...
2026-03-13 01:03:53 [INFO]    Checked 20900/142859 files...
2026-03-13 01:04:02 [INFO]    Checked 21000/142859 files...
2026-03-13 01:04:12 [INFO]    Checked 21100/142859 files...
2026-03-13 01:04:21 [INFO]    Checked 21200/142859 files...
2026-03-13 01:04:31 [INFO]    Checked 21300/142859 files...
2026-03-13 01:04:40 [INFO]    Checked 21400/142859 files...
2026-03-13 01:04:50 [INFO]    Checked 21500/142859 files...
2026-03-13 01:04:59 [INFO]    Checked 21600/142859 files...
2026-03-13 01:05:09 [INFO]    Checked 21700/142859 files...
2026-03-13 01:05:18 [INFO]    Checked 21800/142859 files...
2026-03-13 01:05:28 [INFO]    Checked 21900/142859 files...
2026-03-13 01:05:37 [INFO]    Checked 22000/142859 files...
2026-03-13 01:05:47 [INFO]    Checked 22100/142859 files...
2026-03-13 01:05:56 [INFO]    Checked 22200/142859 files...
2026-03-13 01:06:06 [INFO]    Checked 22300/142859 files...
2026-03-13 01:06:16 [INFO]    Checked 22400/142859 files...
2026-03-13 01:06:25 [INFO]    Checked 22500/142859 files...
2026-03-13 01:06:35 [INFO]    Checked 22600/142859 files...
2026-03-13 01:06:44 [INFO]    Checked 22700/142859 files...
2026-03-13 01:06:54 [INFO]    Checked 22800/142859 files...
2026-03-13 01:07:04 [INFO]    Checked 22900/142859 files...
2026-03-13 01:07:13 [INFO]    Checked 23000/142859 files...
2026-03-13 01:07:23 [INFO]    Checked 23100/142859 files...
2026-03-13 01:07:32 [INFO]    Checked 23200/142859 files...
2026-03-13 01:07:42 [INFO]    Checked 23300/142859 files...
2026-03-13 01:07:51 [INFO]    Checked 23400/142859 files...
2026-03-13 01:08:01 [INFO]    Checked 23500/142859 files...
2026-03-13 01:08:10 [INFO]    Checked 23600/142859 files...
2026-03-13 01:08:20 [INFO]    Checked 23700/142859 files...
2026-03-13 01:08:30 [INFO]    Checked 23800/142859 files...
2026-03-13 01:08:39 [INFO]    Checked 23900/142859 files...
2026-03-13 01:08:49 [INFO]    Checked 24000/142859 files...
2026-03-13 01:08:58 [INFO]    Checked 24100/142859 files...
2026-03-13 01:09:08 [INFO]    Checked 24200/142859 files...
2026-03-13 01:09:17 [INFO]    Checked 24300/142859 files...
2026-03-13 01:09:27 [INFO]    Checked 24400/142859 files...
2026-03-13 01:09:37 [INFO]    Checked 24500/142859 files...
2026-03-13 01:09:46 [INFO]    Checked 24600/142859 files...
2026-03-13 01:09:56 [INFO]    Checked 24700/142859 files...
2026-03-13 01:10:05 [INFO]    Checked 24800/142859 files...
2026-03-13 01:10:15 [INFO]    Checked 24900/142859 files...
2026-03-13 01:10:25 [INFO]    Checked 25000/142859 files...
2026-03-13 01:10:34 [INFO]    Checked 25100/142859 files...
2026-03-13 01:10:44 [INFO]    Checked 25200/142859 files...
2026-03-13 01:10:53 [INFO]    Checked 25300/142859 files...
2026-03-13 01:11:03 [INFO]    Checked 25400/142859 files...
2026-03-13 01:11:12 [INFO]    Checked 25500/142859 files...
2026-03-13 01:11:22 [INFO]    Checked 25600/142859 files...
2026-03-13 01:11:31 [INFO]    Checked 25700/142859 files...
2026-03-13 01:11:41 [INFO]    Checked 25800/142859 files...
2026-03-13 01:11:50 [INFO]    Checked 25900/142859 files...
2026-03-13 01:12:00 [INFO]    Checked 26000/142859 files...
2026-03-13 01:12:09 [INFO]    Checked 26100/142859 files...
2026-03-13 01:12:19 [INFO]    Checked 26200/142859 files...
2026-03-13 01:12:28 [INFO]    Checked 26300/142859 files...
2026-03-13 01:12:38 [INFO]    Checked 26400/142859 files...
2026-03-13 01:12:47 [INFO]    Checked 26500/142859 files...
2026-03-13 01:12:57 [INFO]    Checked 26600/142859 files...
2026-03-13 01:13:07 [INFO]    Checked 26700/142859 files...
2026-03-13 01:13:16 [INFO]    Checked 26800/142859 files...
2026-03-13 01:13:26 [INFO]    Checked 26900/142859 files...
2026-03-13 01:13:35 [INFO]    Checked 27000/142859 files...
2026-03-13 01:13:45 [INFO]    Checked 27100/142859 files...
2026-03-13 01:13:54 [INFO]    Checked 27200/142859 files...
2026-03-13 01:14:04 [INFO]    Checked 27300/142859 files...
2026-03-13 01:14:13 [INFO]    Checked 27400/142859 files...
2026-03-13 01:14:23 [INFO]    Checked 27500/142859 files...
2026-03-13 01:14:32 [INFO]    Checked 27600/142859 files...
2026-03-13 01:14:42 [INFO]    Checked 27700/142859 files...
2026-03-13 01:14:51 [INFO]    Checked 27800/142859 files...
2026-03-13 01:15:01 [INFO]    Checked 27900/142859 files...
2026-03-13 01:15:11 [INFO]    Checked 28000/142859 files...
2026-03-13 01:15:20 [INFO]    Checked 28100/142859 files...
2026-03-13 01:15:30 [INFO]    Checked 28200/142859 files...
2026-03-13 01:15:39 [INFO]    Checked 28300/142859 files...
2026-03-13 01:15:48 [INFO]    Checked 28400/142859 files...
2026-03-13 01:15:58 [INFO]    Checked 28500/142859 files...
2026-03-13 01:16:08 [INFO]    Checked 28600/142859 files...
2026-03-13 01:16:17 [INFO]    Checked 28700/142859 files...
2026-03-13 01:16:27 [INFO]    Checked 28800/142859 files...
2026-03-13 01:16:36 [INFO]    Checked 28900/142859 files...
2026-03-13 01:16:44 [INFO]    Checked 29000/142859 files...
2026-03-13 01:16:53 [INFO]    Checked 29100/142859 files...
2026-03-13 01:17:03 [INFO]    Checked 29200/142859 files...
2026-03-13 01:17:12 [INFO]    Checked 29300/142859 files...
2026-03-13 01:17:22 [INFO]    Checked 29400/142859 files...
2026-03-13 01:17:31 [INFO]    Checked 29500/142859 files...
2026-03-13 01:17:41 [INFO]    Checked 29600/142859 files...
2026-03-13 01:17:51 [INFO]    Checked 29700/142859 files...
2026-03-13 01:18:00 [INFO]    Checked 29800/142859 files...
2026-03-13 01:18:10 [INFO]    Checked 29900/142859 files...
2026-03-13 01:18:19 [INFO]    Checked 30000/142859 files...
2026-03-13 01:18:29 [INFO]    Checked 30100/142859 files...
2026-03-13 01:18:38 [INFO]    Checked 30200/142859 files...
2026-03-13 01:18:48 [INFO]    Checked 30300/142859 files...
2026-03-13 01:18:57 [INFO]    Checked 30400/142859 files...
2026-03-13 01:19:07 [INFO]    Checked 30500/142859 files...
2026-03-13 01:19:17 [INFO]    Checked 30600/142859 files...
2026-03-13 01:19:26 [INFO]    Checked 30700/142859 files...
2026-03-13 01:19:36 [INFO]    Checked 30800/142859 files...
2026-03-13 01:19:45 [INFO]    Checked 30900/142859 files...
2026-03-13 01:19:55 [INFO]    Checked 31000/142859 files...
2026-03-13 01:20:04 [INFO]    Checked 31100/142859 files...
2026-03-13 01:20:13 [INFO]    Checked 31200/142859 files...
2026-03-13 01:20:22 [INFO]    Checked 31300/142859 files...
2026-03-13 01:20:32 [INFO]    Checked 31400/142859 files...
2026-03-13 01:20:41 [INFO]    Checked 31500/142859 files...
2026-03-13 01:20:51 [INFO]    Checked 31600/142859 files...
2026-03-13 01:21:01 [INFO]    Checked 31700/142859 files...
2026-03-13 01:21:10 [INFO]    Checked 31800/142859 files...
2026-03-13 01:21:20 [INFO]    Checked 31900/142859 files...
2026-03-13 01:21:29 [INFO]    Checked 32000/142859 files...
2026-03-13 01:21:39 [INFO]    Checked 32100/142859 files...
2026-03-13 01:21:49 [INFO]    Checked 32200/142859 files...
2026-03-13 01:21:58 [INFO]    Checked 32300/142859 files...
2026-03-13 01:22:08 [INFO]    Checked 32400/142859 files...
2026-03-13 01:22:18 [INFO]    Checked 32500/142859 files...
2026-03-13 01:22:27 [INFO]    Checked 32600/142859 files...
2026-03-13 01:22:37 [INFO]    Checked 32700/142859 files...
2026-03-13 01:22:47 [INFO]    Checked 32800/142859 files...
2026-03-13 01:22:56 [INFO]    Checked 32900/142859 files...
2026-03-13 01:23:06 [INFO]    Checked 33000/142859 files...
2026-03-13 01:23:15 [INFO]    Checked 33100/142859 files...
2026-03-13 01:23:25 [INFO]    Checked 33200/142859 files...
2026-03-13 01:23:34 [INFO]    Checked 33300/142859 files...
2026-03-13 01:23:44 [INFO]    Checked 33400/142859 files...
2026-03-13 01:23:53 [INFO]    Checked 33500/142859 files...
2026-03-13 01:24:03 [INFO]    Checked 33600/142859 files...
2026-03-13 01:24:13 [INFO]    Checked 33700/142859 files...
2026-03-13 01:24:22 [INFO]    Checked 33800/142859 files...
2026-03-13 01:24:32 [INFO]    Checked 33900/142859 files...
2026-03-13 01:24:41 [INFO]    Checked 34000/142859 files...
2026-03-13 01:24:51 [INFO]    Checked 34100/142859 files...
2026-03-13 01:25:00 [INFO]    Checked 34200/142859 files...
2026-03-13 01:25:10 [INFO]    Checked 34300/142859 files...
2026-03-13 01:25:20 [INFO]    Checked 34400/142859 files...
2026-03-13 01:25:29 [INFO]    Checked 34500/142859 files...
2026-03-13 01:25:39 [INFO]    Checked 34600/142859 files...
2026-03-13 01:25:49 [INFO]    Checked 34700/142859 files...
2026-03-13 01:25:58 [INFO]    Checked 34800/142859 files...
2026-03-13 01:26:08 [INFO]    Checked 34900/142859 files...
2026-03-13 01:26:17 [INFO]    Checked 35000/142859 files...
2026-03-13 01:26:27 [INFO]    Checked 35100/142859 files...
2026-03-13 01:26:36 [INFO]    Checked 35200/142859 files...
2026-03-13 01:26:46 [INFO]    Checked 35300/142859 files...
2026-03-13 01:26:56 [INFO]    Checked 35400/142859 files...
2026-03-13 01:27:05 [INFO]    Checked 35500/142859 files...
2026-03-13 01:27:15 [INFO]    Checked 35600/142859 files...
2026-03-13 01:27:24 [INFO]    Checked 35700/142859 files...
2026-03-13 01:27:34 [INFO]    Checked 35800/142859 files...
2026-03-13 01:27:43 [INFO]    Checked 35900/142859 files...
2026-03-13 01:27:53 [INFO]    Checked 36000/142859 files...
2026-03-13 01:28:03 [INFO]    Checked 36100/142859 files...
2026-03-13 01:28:13 [INFO]    Checked 36200/142859 files...
2026-03-13 01:28:22 [INFO]    Checked 36300/142859 files...
2026-03-13 01:28:32 [INFO]    Checked 36400/142859 files...
2026-03-13 01:28:42 [INFO]    Checked 36500/142859 files...
2026-03-13 01:28:51 [INFO]    Checked 36600/142859 files...
2026-03-13 01:29:01 [INFO]    Checked 36700/142859 files...
2026-03-13 01:29:11 [INFO]    Checked 36800/142859 files...
2026-03-13 01:29:20 [INFO]    Checked 36900/142859 files...
2026-03-13 01:29:30 [INFO]    Checked 37000/142859 files...
2026-03-13 01:29:40 [INFO]    Checked 37100/142859 files...
2026-03-13 01:29:50 [INFO]    Checked 37200/142859 files...
2026-03-13 01:29:59 [INFO]    Checked 37300/142859 files...
2026-03-13 01:30:09 [INFO]    Checked 37400/142859 files...
2026-03-13 01:30:19 [INFO]    Checked 37500/142859 files...
2026-03-13 01:30:29 [INFO]    Checked 37600/142859 files...
2026-03-13 01:30:38 [INFO]    Checked 37700/142859 files...
2026-03-13 01:30:48 [INFO]    Checked 37800/142859 files...
2026-03-13 01:30:58 [INFO]    Checked 37900/142859 files...
2026-03-13 01:31:08 [INFO]    Checked 38000/142859 files...
2026-03-13 01:31:17 [INFO]    Checked 38100/142859 files...
2026-03-13 01:31:27 [INFO]    Checked 38200/142859 files...
2026-03-13 01:31:37 [INFO]    Checked 38300/142859 files...
2026-03-13 01:31:46 [INFO]    Checked 38400/142859 files...
2026-03-13 01:31:56 [INFO]    Checked 38500/142859 files...
2026-03-13 01:32:06 [INFO]    Checked 38600/142859 files...
2026-03-13 01:32:16 [INFO]    Checked 38700/142859 files...
2026-03-13 01:32:25 [INFO]    Checked 38800/142859 files...
2026-03-13 01:32:35 [INFO]    Checked 38900/142859 files...
2026-03-13 01:32:45 [INFO]    Checked 39000/142859 files...
2026-03-13 01:32:54 [INFO]    Checked 39100/142859 files...
2026-03-13 01:33:04 [INFO]    Checked 39200/142859 files...
2026-03-13 01:33:14 [INFO]    Checked 39300/142859 files...
2026-03-13 01:33:24 [INFO]    Checked 39400/142859 files...
2026-03-13 01:33:33 [INFO]    Checked 39500/142859 files...
2026-03-13 01:33:43 [INFO]    Checked 39600/142859 files...
2026-03-13 01:33:53 [INFO]    Checked 39700/142859 files...
2026-03-13 01:34:03 [INFO]    Checked 39800/142859 files...
2026-03-13 01:34:13 [INFO]    Checked 39900/142859 files...
2026-03-13 01:34:22 [INFO]    Checked 40000/142859 files...
2026-03-13 01:34:32 [INFO]    Checked 40100/142859 files...
2026-03-13 01:34:42 [INFO]    Checked 40200/142859 files...
2026-03-13 01:34:51 [INFO]    Checked 40300/142859 files...
2026-03-13 01:35:01 [INFO]    Checked 40400/142859 files...
2026-03-13 01:35:11 [INFO]    Checked 40500/142859 files...
2026-03-13 01:35:21 [INFO]    Checked 40600/142859 files...
2026-03-13 01:35:31 [INFO]    Checked 40700/142859 files...
2026-03-13 01:35:40 [INFO]    Checked 40800/142859 files...
2026-03-13 01:35:50 [INFO]    Checked 40900/142859 files...
2026-03-13 01:36:00 [INFO]    Checked 41000/142859 files...
2026-03-13 01:36:09 [INFO]    Checked 41100/142859 files...
2026-03-13 01:36:19 [INFO]    Checked 41200/142859 files...
2026-03-13 01:36:29 [INFO]    Checked 41300/142859 files...
2026-03-13 01:36:38 [INFO]    Checked 41400/142859 files...
2026-03-13 01:36:48 [INFO]    Checked 41500/142859 files...
2026-03-13 01:36:57 [INFO]    Checked 41600/142859 files...
2026-03-13 01:37:07 [INFO]    Checked 41700/142859 files...
2026-03-13 01:37:17 [INFO]    Checked 41800/142859 files...
2026-03-13 01:37:27 [INFO]    Checked 41900/142859 files...
2026-03-13 01:37:36 [INFO]    Checked 42000/142859 files...
2026-03-13 01:37:46 [INFO]    Checked 42100/142859 files...
2026-03-13 01:37:56 [INFO]    Checked 42200/142859 files...
2026-03-13 01:38:06 [INFO]    Checked 42300/142859 files...
2026-03-13 01:38:15 [INFO]    Checked 42400/142859 files...
2026-03-13 01:38:25 [INFO]    Checked 42500/142859 files...
2026-03-13 01:38:35 [INFO]    Checked 42600/142859 files...
2026-03-13 01:38:45 [INFO]    Checked 42700/142859 files...
2026-03-13 01:38:54 [INFO]    Checked 42800/142859 files...
2026-03-13 01:39:04 [INFO]    Checked 42900/142859 files...
2026-03-13 01:39:14 [INFO]    Checked 43000/142859 files...
2026-03-13 01:39:23 [INFO]    Checked 43100/142859 files...
2026-03-13 01:39:33 [INFO]    Checked 43200/142859 files...
2026-03-13 01:39:43 [INFO]    Checked 43300/142859 files...
2026-03-13 01:39:52 [INFO]    Checked 43400/142859 files...
2026-03-13 01:40:02 [INFO]    Checked 43500/142859 files...
2026-03-13 01:40:12 [INFO]    Checked 43600/142859 files...
2026-03-13 01:40:22 [INFO]    Checked 43700/142859 files...
2026-03-13 01:40:32 [INFO]    Checked 43800/142859 files...
2026-03-13 01:40:41 [INFO]    Checked 43900/142859 files...
2026-03-13 01:40:51 [INFO]    Checked 44000/142859 files...
2026-03-13 01:41:01 [INFO]    Checked 44100/142859 files...
2026-03-13 01:41:11 [INFO]    Checked 44200/142859 files...
2026-03-13 01:41:21 [INFO]    Checked 44300/142859 files...
2026-03-13 01:41:30 [INFO]    Checked 44400/142859 files...
2026-03-13 01:41:40 [INFO]    Checked 44500/142859 files...
2026-03-13 01:41:50 [INFO]    Checked 44600/142859 files...
2026-03-13 01:41:59 [INFO]    Checked 44700/142859 files...
2026-03-13 01:42:09 [INFO]    Checked 44800/142859 files...
2026-03-13 01:42:19 [INFO]    Checked 44900/142859 files...
2026-03-13 01:42:28 [INFO]    Checked 45000/142859 files...
2026-03-13 01:42:38 [INFO]    Checked 45100/142859 files...
2026-03-13 01:42:48 [INFO]    Checked 45200/142859 files...
2026-03-13 01:42:57 [INFO]    Checked 45300/142859 files...
2026-03-13 01:43:07 [INFO]    Checked 45400/142859 files...
2026-03-13 01:43:16 [INFO]    Checked 45500/142859 files...
2026-03-13 01:43:26 [INFO]    Checked 45600/142859 files...
2026-03-13 01:43:36 [INFO]    Checked 45700/142859 files...
2026-03-13 01:43:45 [INFO]    Checked 45800/142859 files...
2026-03-13 01:43:55 [INFO]    Checked 45900/142859 files...
2026-03-13 01:44:05 [INFO]    Checked 46000/142859 files...
2026-03-13 01:44:14 [INFO]    Checked 46100/142859 files...
2026-03-13 01:44:24 [INFO]    Checked 46200/142859 files...
2026-03-13 01:44:34 [INFO]    Checked 46300/142859 files...
2026-03-13 01:44:43 [INFO]    Checked 46400/142859 files...
2026-03-13 01:44:53 [INFO]    Checked 46500/142859 files...
2026-03-13 01:45:02 [INFO]    Checked 46600/142859 files...
2026-03-13 01:45:12 [INFO]    Checked 46700/142859 files...
2026-03-13 01:45:21 [INFO]    Checked 46800/142859 files...
2026-03-13 01:45:31 [INFO]    Checked 46900/142859 files...
2026-03-13 01:45:41 [INFO]    Checked 47000/142859 files...
2026-03-13 01:45:50 [INFO]    Checked 47100/142859 files...
2026-03-13 01:46:00 [INFO]    Checked 47200/142859 files...
2026-03-13 01:46:09 [INFO]    Checked 47300/142859 files...
2026-03-13 01:46:19 [INFO]    Checked 47400/142859 files...
2026-03-13 01:46:29 [INFO]    Checked 47500/142859 files...
2026-03-13 01:46:38 [INFO]    Checked 47600/142859 files...
2026-03-13 01:46:48 [INFO]    Checked 47700/142859 files...
2026-03-13 01:46:57 [INFO]    Checked 47800/142859 files...
2026-03-13 01:47:07 [INFO]    Checked 47900/142859 files...
2026-03-13 01:47:17 [INFO]    Checked 48000/142859 files...
2026-03-13 01:47:26 [INFO]    Checked 48100/142859 files...
2026-03-13 01:47:36 [INFO]    Checked 48200/142859 files...
2026-03-13 01:47:45 [INFO]    Checked 48300/142859 files...
2026-03-13 01:47:55 [INFO]    Checked 48400/142859 files...
2026-03-13 01:48:05 [INFO]    Checked 48500/142859 files...
2026-03-13 01:48:14 [INFO]    Checked 48600/142859 files...
2026-03-13 01:48:24 [INFO]    Checked 48700/142859 files...
2026-03-13 01:48:33 [INFO]    Checked 48800/142859 files...
2026-03-13 01:48:43 [INFO]    Checked 48900/142859 files...
2026-03-13 01:48:52 [INFO]    Checked 49000/142859 files...
2026-03-13 01:49:02 [INFO]    Checked 49100/142859 files...
2026-03-13 01:49:12 [INFO]    Checked 49200/142859 files...
2026-03-13 01:49:21 [INFO]    Checked 49300/142859 files...
2026-03-13 01:49:31 [INFO]    Checked 49400/142859 files...
2026-03-13 01:49:40 [INFO]    Checked 49500/142859 files...
2026-03-13 01:49:50 [INFO]    Checked 49600/142859 files...
2026-03-13 01:49:59 [INFO]    Checked 49700/142859 files...
2026-03-13 01:50:09 [INFO]    Checked 49800/142859 files...
2026-03-13 01:50:18 [INFO]    Checked 49900/142859 files...
2026-03-13 01:50:28 [INFO]    Checked 50000/142859 files...
2026-03-13 01:50:38 [INFO]    Checked 50100/142859 files...
2026-03-13 01:50:47 [INFO]    Checked 50200/142859 files...
2026-03-13 01:50:57 [INFO]    Checked 50300/142859 files...
2026-03-13 01:51:06 [INFO]    Checked 50400/142859 files...
2026-03-13 01:51:16 [INFO]    Checked 50500/142859 files...
2026-03-13 01:51:25 [INFO]    Checked 50600/142859 files...
2026-03-13 01:51:35 [INFO]    Checked 50700/142859 files...
2026-03-13 01:51:45 [INFO]    Checked 50800/142859 files...
2026-03-13 01:51:54 [INFO]    Checked 50900/142859 files...
2026-03-13 01:52:04 [INFO]    Checked 51000/142859 files...
2026-03-13 01:52:14 [INFO]    Checked 51100/142859 files...
2026-03-13 01:52:23 [INFO]    Checked 51200/142859 files...
2026-03-13 01:52:33 [INFO]    Checked 51300/142859 files...
2026-03-13 01:52:43 [INFO]    Checked 51400/142859 files...
2026-03-13 01:52:52 [INFO]    Checked 51500/142859 files...
2026-03-13 01:53:02 [INFO]    Checked 51600/142859 files...
2026-03-13 01:53:12 [INFO]    Checked 51700/142859 files...
2026-03-13 01:53:21 [INFO]    Checked 51800/142859 files...
2026-03-13 01:53:31 [INFO]    Checked 51900/142859 files...
2026-03-13 01:53:40 [INFO]    Checked 52000/142859 files...
2026-03-13 01:53:49 [INFO]    Checked 52100/142859 files...
2026-03-13 01:53:59 [INFO]    Checked 52200/142859 files...
2026-03-13 01:54:09 [INFO]    Checked 52300/142859 files...
2026-03-13 01:54:18 [INFO]    Checked 52400/142859 files...
2026-03-13 01:54:28 [INFO]    Checked 52500/142859 files...
2026-03-13 01:54:37 [INFO]    Checked 52600/142859 files...
2026-03-13 01:54:47 [INFO]    Checked 52700/142859 files...
2026-03-13 01:54:56 [INFO]    Checked 52800/142859 files...
2026-03-13 01:55:06 [INFO]    Checked 52900/142859 files...
2026-03-13 01:55:16 [INFO]    Checked 53000/142859 files...
2026-03-13 01:55:25 [INFO]    Checked 53100/142859 files...
2026-03-13 01:55:35 [INFO]    Checked 53200/142859 files...
2026-03-13 01:55:45 [INFO]    Checked 53300/142859 files...
2026-03-13 01:55:54 [INFO]    Checked 53400/142859 files...
2026-03-13 01:56:04 [INFO]    Checked 53500/142859 files...
2026-03-13 01:56:13 [INFO]    Checked 53600/142859 files...
2026-03-13 01:56:23 [INFO]    Checked 53700/142859 files...
2026-03-13 01:56:32 [INFO]    Checked 53800/142859 files...
2026-03-13 01:56:42 [INFO]    Checked 53900/142859 files...
2026-03-13 01:56:52 [INFO]    Checked 54000/142859 files...
2026-03-13 01:57:01 [INFO]    Checked 54100/142859 files...
2026-03-13 01:57:11 [INFO]    Checked 54200/142859 files...
2026-03-13 01:57:21 [INFO]    Checked 54300/142859 files...
2026-03-13 01:57:30 [INFO]    Checked 54400/142859 files...
2026-03-13 01:57:40 [INFO]    Checked 54500/142859 files...
2026-03-13 01:57:49 [INFO]    Checked 54600/142859 files...
2026-03-13 01:57:59 [INFO]    Checked 54700/142859 files...
2026-03-13 01:58:08 [INFO]    Checked 54800/142859 files...
2026-03-13 01:58:18 [INFO]    Checked 54900/142859 files...
2026-03-13 01:58:28 [INFO]    Checked 55000/142859 files...
2026-03-13 01:58:37 [INFO]    Checked 55100/142859 files...
2026-03-13 01:58:47 [INFO]    Checked 55200/142859 files...
2026-03-13 01:58:57 [INFO]    Checked 55300/142859 files...
2026-03-13 01:59:06 [INFO]    Checked 55400/142859 files...
2026-03-13 01:59:16 [INFO]    Checked 55500/142859 files...
2026-03-13 01:59:25 [INFO]    Checked 55600/142859 files...
2026-03-13 01:59:35 [INFO]    Checked 55700/142859 files...
2026-03-13 01:59:45 [INFO]    Checked 55800/142859 files...
2026-03-13 01:59:54 [INFO]    Checked 55900/142859 files...
2026-03-13 02:00:04 [INFO]    Checked 56000/142859 files...
2026-03-13 02:00:13 [INFO]    Checked 56100/142859 files...
2026-03-13 02:00:23 [INFO]    Checked 56200/142859 files...
2026-03-13 02:00:33 [INFO]    Checked 56300/142859 files...
2026-03-13 02:00:42 [INFO]    Checked 56400/142859 files...
2026-03-13 02:00:52 [INFO]    Checked 56500/142859 files...
2026-03-13 02:01:01 [INFO]    Checked 56600/142859 files...
2026-03-13 02:01:11 [INFO]    Checked 56700/142859 files...
2026-03-13 02:01:21 [INFO]    Checked 56800/142859 files...
2026-03-13 02:01:30 [INFO]    Checked 56900/142859 files...
2026-03-13 02:01:40 [INFO]    Checked 57000/142859 files...
2026-03-13 02:01:50 [INFO]    Checked 57100/142859 files...
2026-03-13 02:01:59 [INFO]    Checked 57200/142859 files...
2026-03-13 02:02:09 [INFO]    Checked 57300/142859 files...
2026-03-13 02:02:19 [INFO]    Checked 57400/142859 files...
2026-03-13 02:02:29 [INFO]    Checked 57500/142859 files...
2026-03-13 02:02:38 [INFO]    Checked 57600/142859 files...
2026-03-13 02:02:48 [INFO]    Checked 57700/142859 files...
2026-03-13 02:02:57 [INFO]    Checked 57800/142859 files...
2026-03-13 02:03:07 [INFO]    Checked 57900/142859 files...
2026-03-13 02:03:17 [INFO]    Checked 58000/142859 files...
2026-03-13 02:03:26 [INFO]    Checked 58100/142859 files...
2026-03-13 02:03:36 [INFO]    Checked 58200/142859 files...
2026-03-13 02:03:46 [INFO]    Checked 58300/142859 files...
2026-03-13 02:03:55 [INFO]    Checked 58400/142859 files...
2026-03-13 02:04:05 [INFO]    Checked 58500/142859 files...
2026-03-13 02:04:14 [INFO]    Checked 58600/142859 files...
2026-03-13 02:04:24 [INFO]    Checked 58700/142859 files...
2026-03-13 02:04:33 [INFO]    Checked 58800/142859 files...
2026-03-13 02:04:43 [INFO]    Checked 58900/142859 files...
2026-03-13 02:04:52 [INFO]    Checked 59000/142859 files...
2026-03-13 02:05:02 [INFO]    Checked 59100/142859 files...
2026-03-13 02:05:12 [INFO]    Checked 59200/142859 files...
2026-03-13 02:05:21 [INFO]    Checked 59300/142859 files...
2026-03-13 02:05:31 [INFO]    Checked 59400/142859 files...
2026-03-13 02:05:40 [INFO]    Checked 59500/142859 files...
2026-03-13 02:05:50 [INFO]    Checked 59600/142859 files...
2026-03-13 02:05:59 [INFO]    Checked 59700/142859 files...
2026-03-13 02:06:09 [INFO]    Checked 59800/142859 files...
2026-03-13 02:06:19 [INFO]    Checked 59900/142859 files...
2026-03-13 02:06:28 [INFO]    Checked 60000/142859 files...
2026-03-13 02:06:38 [INFO]    Checked 60100/142859 files...
2026-03-13 02:06:47 [INFO]    Checked 60200/142859 files...
2026-03-13 02:06:57 [INFO]    Checked 60300/142859 files...
2026-03-13 02:07:06 [INFO]    Checked 60400/142859 files...
2026-03-13 02:07:16 [INFO]    Checked 60500/142859 files...
2026-03-13 02:07:26 [INFO]    Checked 60600/142859 files...
2026-03-13 02:07:35 [INFO]    Checked 60700/142859 files...
2026-03-13 02:07:45 [INFO]    Checked 60800/142859 files...
2026-03-13 02:07:54 [INFO]    Checked 60900/142859 files...
2026-03-13 02:08:04 [INFO]    Checked 61000/142859 files...
2026-03-13 02:08:14 [INFO]    Checked 61100/142859 files...
2026-03-13 02:08:23 [INFO]    Checked 61200/142859 files...
2026-03-13 02:08:33 [INFO]    Checked 61300/142859 files...
2026-03-13 02:08:43 [INFO]    Checked 61400/142859 files...
2026-03-13 02:08:52 [INFO]    Checked 61500/142859 files...
2026-03-13 02:09:02 [INFO]    Checked 61600/142859 files...
2026-03-13 02:09:11 [INFO]    Checked 61700/142859 files...
2026-03-13 02:09:21 [INFO]    Checked 61800/142859 files...
2026-03-13 02:09:30 [INFO]    Checked 61900/142859 files...
2026-03-13 02:09:40 [INFO]    Checked 62000/142859 files...
2026-03-13 02:09:49 [INFO]    Checked 62100/142859 files...
2026-03-13 02:09:59 [INFO]    Checked 62200/142859 files...
2026-03-13 02:10:08 [INFO]    Checked 62300/142859 files...
2026-03-13 02:10:18 [INFO]    Checked 62400/142859 files...
2026-03-13 02:10:27 [INFO]    Checked 62500/142859 files...
2026-03-13 02:10:37 [INFO]    Checked 62600/142859 files...
2026-03-13 02:10:46 [INFO]    Checked 62700/142859 files...
2026-03-13 02:10:56 [INFO]    Checked 62800/142859 files...
2026-03-13 02:11:05 [INFO]    Checked 62900/142859 files...
2026-03-13 02:11:15 [INFO]    Checked 63000/142859 files...
2026-03-13 02:11:24 [INFO]    Checked 63100/142859 files...
2026-03-13 02:11:34 [INFO]    Checked 63200/142859 files...
2026-03-13 02:11:43 [INFO]    Checked 63300/142859 files...
2026-03-13 02:11:53 [INFO]    Checked 63400/142859 files...
2026-03-13 02:12:02 [INFO]    Checked 63500/142859 files...
2026-03-13 02:12:12 [INFO]    Checked 63600/142859 files...
2026-03-13 02:12:21 [INFO]    Checked 63700/142859 files...
2026-03-13 02:12:31 [INFO]    Checked 63800/142859 files...
2026-03-13 02:12:40 [INFO]    Checked 63900/142859 files...
2026-03-13 02:12:50 [INFO]    Checked 64000/142859 files...
2026-03-13 02:12:59 [INFO]    Checked 64100/142859 files...
2026-03-13 02:13:09 [INFO]    Checked 64200/142859 files...
2026-03-13 02:13:19 [INFO]    Checked 64300/142859 files...
2026-03-13 02:13:28 [INFO]    Checked 64400/142859 files...
2026-03-13 02:13:38 [INFO]    Checked 64500/142859 files...
2026-03-13 02:13:47 [INFO]    Checked 64600/142859 files...
2026-03-13 02:13:57 [INFO]    Checked 64700/142859 files...
2026-03-13 02:14:07 [INFO]    Checked 64800/142859 files...
2026-03-13 02:14:16 [INFO]    Checked 64900/142859 files...
2026-03-13 02:14:26 [INFO]    Checked 65000/142859 files...
2026-03-13 02:14:36 [INFO]    Checked 65100/142859 files...
2026-03-13 02:14:45 [INFO]    Checked 65200/142859 files...
2026-03-13 02:14:55 [INFO]    Checked 65300/142859 files...
2026-03-13 02:15:04 [INFO]    Checked 65400/142859 files...
2026-03-13 02:15:14 [INFO]    Checked 65500/142859 files...
2026-03-13 02:15:23 [INFO]    Checked 65600/142859 files...
2026-03-13 02:15:33 [INFO]    Checked 65700/142859 files...
2026-03-13 02:15:43 [INFO]    Checked 65800/142859 files...
2026-03-13 02:15:52 [INFO]    Checked 65900/142859 files...
2026-03-13 02:16:02 [INFO]    Checked 66000/142859 files...
2026-03-13 02:16:11 [INFO]    Checked 66100/142859 files...
2026-03-13 02:16:21 [INFO]    Checked 66200/142859 files...
2026-03-13 02:16:30 [INFO]    Checked 66300/142859 files...
2026-03-13 02:16:40 [INFO]    Checked 66400/142859 files...
2026-03-13 02:16:49 [INFO]    Checked 66500/142859 files...
2026-03-13 02:16:59 [INFO]    Checked 66600/142859 files...
2026-03-13 02:17:09 [INFO]    Checked 66700/142859 files...
2026-03-13 02:17:18 [INFO]    Checked 66800/142859 files...
2026-03-13 02:17:28 [INFO]    Checked 66900/142859 files...
2026-03-13 02:17:37 [INFO]    Checked 67000/142859 files...
2026-03-13 02:17:47 [INFO]    Checked 67100/142859 files...
2026-03-13 02:17:56 [INFO]    Checked 67200/142859 files...
2026-03-13 02:18:06 [INFO]    Checked 67300/142859 files...
2026-03-13 02:18:16 [INFO]    Checked 67400/142859 files...
2026-03-13 02:18:25 [INFO]    Checked 67500/142859 files...
2026-03-13 02:18:35 [INFO]    Checked 67600/142859 files...
2026-03-13 02:18:45 [INFO]    Checked 67700/142859 files...
2026-03-13 02:18:54 [INFO]    Checked 67800/142859 files...
2026-03-13 02:19:04 [INFO]    Checked 67900/142859 files...
2026-03-13 02:19:13 [INFO]    Checked 68000/142859 files...
2026-03-13 02:19:23 [INFO]    Checked 68100/142859 files...
2026-03-13 02:19:32 [INFO]    Checked 68200/142859 files...
2026-03-13 02:19:42 [INFO]    Checked 68300/142859 files...
2026-03-13 02:19:51 [INFO]    Checked 68400/142859 files...
2026-03-13 02:20:01 [INFO]    Checked 68500/142859 files...
2026-03-13 02:20:11 [INFO]    Checked 68600/142859 files...
2026-03-13 02:20:20 [INFO]    Checked 68700/142859 files...
2026-03-13 02:20:30 [INFO]    Checked 68800/142859 files...
2026-03-13 02:20:39 [INFO]    Checked 68900/142859 files...
2026-03-13 02:20:49 [INFO]    Checked 69000/142859 files...
2026-03-13 02:20:59 [INFO]    Checked 69100/142859 files...
2026-03-13 02:21:08 [INFO]    Checked 69200/142859 files...
2026-03-13 02:21:18 [INFO]    Checked 69300/142859 files...
2026-03-13 02:21:27 [INFO]    Checked 69400/142859 files...
2026-03-13 02:21:37 [INFO]    Checked 69500/142859 files...
2026-03-13 02:21:46 [INFO]    Checked 69600/142859 files...
2026-03-13 02:21:56 [INFO]    Checked 69700/142859 files...
2026-03-13 02:22:06 [INFO]    Checked 69800/142859 files...
2026-03-13 02:22:15 [INFO]    Checked 69900/142859 files...
2026-03-13 02:22:25 [INFO]    Checked 70000/142859 files...
2026-03-13 02:22:34 [INFO]    Checked 70100/142859 files...
2026-03-13 02:22:44 [INFO]    Checked 70200/142859 files...
2026-03-13 02:22:53 [INFO]    Checked 70300/142859 files...
2026-03-13 02:23:03 [INFO]    Checked 70400/142859 files...
2026-03-13 02:23:13 [INFO]    Checked 70500/142859 files...
2026-03-13 02:23:22 [INFO]    Checked 70600/142859 files...
2026-03-13 02:23:32 [INFO]    Checked 70700/142859 files...
2026-03-13 02:23:42 [INFO]    Checked 70800/142859 files...
2026-03-13 02:23:51 [INFO]    Checked 70900/142859 files...
2026-03-13 02:24:01 [INFO]    Checked 71000/142859 files...
2026-03-13 02:24:11 [INFO]    Checked 71100/142859 files...
2026-03-13 02:24:20 [INFO]    Checked 71200/142859 files...
2026-03-13 02:24:30 [INFO]    Checked 71300/142859 files...
2026-03-13 02:24:39 [INFO]    Checked 71400/142859 files...
2026-03-13 02:24:49 [INFO]    Checked 71500/142859 files...
2026-03-13 02:24:58 [INFO]    Checked 71600/142859 files...
2026-03-13 02:25:08 [INFO]    Checked 71700/142859 files...
2026-03-13 02:25:17 [INFO]    Checked 71800/142859 files...
2026-03-13 02:25:27 [INFO]    Checked 71900/142859 files...
2026-03-13 02:25:36 [INFO]    Checked 72000/142859 files...
2026-03-13 02:25:46 [INFO]    Checked 72100/142859 files...
2026-03-13 02:25:55 [INFO]    Checked 72200/142859 files...
2026-03-13 02:26:05 [INFO]    Checked 72300/142859 files...
2026-03-13 02:26:14 [INFO]    Checked 72400/142859 files...
2026-03-13 02:26:23 [INFO]    Checked 72500/142859 files...
2026-03-13 02:26:33 [INFO]    Checked 72600/142859 files...
2026-03-13 02:26:42 [INFO]    Checked 72700/142859 files...
2026-03-13 02:26:52 [INFO]    Checked 72800/142859 files...
2026-03-13 02:27:01 [INFO]    Checked 72900/142859 files...
2026-03-13 02:27:10 [INFO]    Checked 73000/142859 files...
2026-03-13 02:27:19 [INFO]    Checked 73100/142859 files...
2026-03-13 02:27:29 [INFO]    Checked 73200/142859 files...
2026-03-13 02:27:38 [INFO]    Checked 73300/142859 files...
2026-03-13 02:27:48 [INFO]    Checked 73400/142859 files...
2026-03-13 02:27:57 [INFO]    Checked 73500/142859 files...
2026-03-13 02:28:07 [INFO]    Checked 73600/142859 files...
2026-03-13 02:28:16 [INFO]    Checked 73700/142859 files...
2026-03-13 02:28:26 [INFO]    Checked 73800/142859 files...
2026-03-13 02:28:35 [INFO]    Checked 73900/142859 files...
2026-03-13 02:28:45 [INFO]    Checked 74000/142859 files...
2026-03-13 02:28:55 [INFO]    Checked 74100/142859 files...
2026-03-13 02:29:04 [INFO]    Checked 74200/142859 files...
2026-03-13 02:29:13 [INFO]    Checked 74300/142859 files...
2026-03-13 02:29:23 [INFO]    Checked 74400/142859 files...
2026-03-13 02:29:33 [INFO]    Checked 74500/142859 files...
2026-03-13 02:29:42 [INFO]    Checked 74600/142859 files...
2026-03-13 02:29:52 [INFO]    Checked 74700/142859 files...
2026-03-13 02:30:01 [INFO]    Checked 74800/142859 files...
2026-03-13 02:30:11 [INFO]    Checked 74900/142859 files...
2026-03-13 02:30:20 [INFO]    Checked 75000/142859 files...
2026-03-13 02:30:30 [INFO]    Checked 75100/142859 files...
2026-03-13 02:30:39 [INFO]    Checked 75200/142859 files...
2026-03-13 02:30:49 [INFO]    Checked 75300/142859 files...
2026-03-13 02:30:58 [INFO]    Checked 75400/142859 files...
2026-03-13 02:31:08 [INFO]    Checked 75500/142859 files...
2026-03-13 02:31:17 [INFO]    Checked 75600/142859 files...
2026-03-13 02:31:27 [INFO]    Checked 75700/142859 files...
2026-03-13 02:31:37 [INFO]    Checked 75800/142859 files...
2026-03-13 02:31:46 [INFO]    Checked 75900/142859 files...
2026-03-13 02:31:56 [INFO]    Checked 76000/142859 files...
2026-03-13 02:32:05 [INFO]    Checked 76100/142859 files...
2026-03-13 02:32:15 [INFO]    Checked 76200/142859 files...
2026-03-13 02:32:24 [INFO]    Checked 76300/142859 files...
2026-03-13 02:32:34 [INFO]    Checked 76400/142859 files...
2026-03-13 02:32:43 [INFO]    Checked 76500/142859 files...
2026-03-13 02:32:53 [INFO]    Checked 76600/142859 files...
2026-03-13 02:33:02 [INFO]    Checked 76700/142859 files...
2026-03-13 02:33:12 [INFO]    Checked 76800/142859 files...
2026-03-13 02:33:21 [INFO]    Checked 76900/142859 files...
2026-03-13 02:33:31 [INFO]    Checked 77000/142859 files...
2026-03-13 02:33:40 [INFO]    Checked 77100/142859 files...
2026-03-13 02:33:49 [INFO]    Checked 77200/142859 files...
2026-03-13 02:33:57 [INFO]    Checked 77300/142859 files...
2026-03-13 02:34:06 [INFO]    Checked 77400/142859 files...
2026-03-13 02:34:16 [INFO]    Checked 77500/142859 files...
2026-03-13 02:34:25 [INFO]    Checked 77600/142859 files...
2026-03-13 02:34:35 [INFO]    Checked 77700/142859 files...
2026-03-13 02:34:44 [INFO]    Checked 77800/142859 files...
2026-03-13 02:34:54 [INFO]    Checked 77900/142859 files...
2026-03-13 02:35:03 [INFO]    Checked 78000/142859 files...
2026-03-13 02:35:13 [INFO]    Checked 78100/142859 files...
2026-03-13 02:35:23 [INFO]    Checked 78200/142859 files...
2026-03-13 02:35:32 [INFO]    Checked 78300/142859 files...
2026-03-13 02:35:42 [INFO]    Checked 78400/142859 files...
2026-03-13 02:35:51 [INFO]    Checked 78500/142859 files...
2026-03-13 02:35:59 [INFO]    Checked 78600/142859 files...
2026-03-13 02:36:08 [INFO]    Checked 78700/142859 files...
2026-03-13 02:36:18 [INFO]    Checked 78800/142859 files...
2026-03-13 02:36:27 [INFO]    Checked 78900/142859 files...
2026-03-13 02:36:37 [INFO]    Checked 79000/142859 files...
2026-03-13 02:36:47 [INFO]    Checked 79100/142859 files...
2026-03-13 02:36:56 [INFO]    Checked 79200/142859 files...
2026-03-13 02:37:06 [INFO]    Checked 79300/142859 files...
2026-03-13 02:37:15 [INFO]    Checked 79400/142859 files...
2026-03-13 02:37:25 [INFO]    Checked 79500/142859 files...
2026-03-13 02:37:34 [INFO]    Checked 79600/142859 files...
2026-03-13 02:37:44 [INFO]    Checked 79700/142859 files...
2026-03-13 02:37:53 [INFO]    Checked 79800/142859 files...
2026-03-13 02:38:03 [INFO]    Checked 79900/142859 files...
2026-03-13 02:38:12 [INFO]    Checked 80000/142859 files...
2026-03-13 02:38:22 [INFO]    Checked 80100/142859 files...
2026-03-13 02:38:31 [INFO]    Checked 80200/142859 files...
2026-03-13 02:38:41 [INFO]    Checked 80300/142859 files...
2026-03-13 02:38:50 [INFO]    Checked 80400/142859 files...
2026-03-13 02:39:00 [INFO]    Checked 80500/142859 files...
2026-03-13 02:39:09 [INFO]    Checked 80600/142859 files...
2026-03-13 02:39:19 [INFO]    Checked 80700/142859 files...
2026-03-13 02:39:28 [INFO]    Checked 80800/142859 files...
2026-03-13 02:39:38 [INFO]    Checked 80900/142859 files...
2026-03-13 02:39:47 [INFO]    Checked 81000/142859 files...
2026-03-13 02:39:57 [INFO]    Checked 81100/142859 files...
2026-03-13 02:40:06 [INFO]    Checked 81200/142859 files...
2026-03-13 02:40:15 [INFO]    Checked 81300/142859 files...
2026-03-13 02:40:25 [INFO]    Checked 81400/142859 files...
2026-03-13 02:40:34 [INFO]    Checked 81500/142859 files...
2026-03-13 02:40:44 [INFO]    Checked 81600/142859 files...
2026-03-13 02:40:53 [INFO]    Checked 81700/142859 files...
2026-03-13 02:41:03 [INFO]    Checked 81800/142859 files...
2026-03-13 02:41:12 [INFO]    Checked 81900/142859 files...
2026-03-13 02:41:22 [INFO]    Checked 82000/142859 files...
2026-03-13 02:41:31 [INFO]    Checked 82100/142859 files...
2026-03-13 02:41:41 [INFO]    Checked 82200/142859 files...
2026-03-13 02:41:50 [INFO]    Checked 82300/142859 files...
2026-03-13 02:42:00 [INFO]    Checked 82400/142859 files...
2026-03-13 02:42:09 [INFO]    Checked 82500/142859 files...
2026-03-13 02:42:19 [INFO]    Checked 82600/142859 files...
2026-03-13 02:42:28 [INFO]    Checked 82700/142859 files...
2026-03-13 02:42:38 [INFO]    Checked 82800/142859 files...
2026-03-13 02:42:48 [INFO]    Checked 82900/142859 files...
2026-03-13 02:42:57 [INFO]    Checked 83000/142859 files...
2026-03-13 02:43:07 [INFO]    Checked 83100/142859 files...
2026-03-13 02:43:16 [INFO]    Checked 83200/142859 files...
2026-03-13 02:43:26 [INFO]    Checked 83300/142859 files...
2026-03-13 02:43:35 [INFO]    Checked 83400/142859 files...
2026-03-13 02:43:45 [INFO]    Checked 83500/142859 files...
2026-03-13 02:43:54 [INFO]    Checked 83600/142859 files...
2026-03-13 02:44:04 [INFO]    Checked 83700/142859 files...
2026-03-13 02:44:14 [INFO]    Checked 83800/142859 files...
2026-03-13 02:44:23 [INFO]    Checked 83900/142859 files...
2026-03-13 02:44:32 [INFO]    Checked 84000/142859 files...
2026-03-13 02:44:42 [INFO]    Checked 84100/142859 files...
2026-03-13 02:44:52 [INFO]    Checked 84200/142859 files...
2026-03-13 02:45:01 [INFO]    Checked 84300/142859 files...
2026-03-13 02:45:11 [INFO]    Checked 84400/142859 files...
2026-03-13 02:45:20 [INFO]    Checked 84500/142859 files...
2026-03-13 02:45:30 [INFO]    Checked 84600/142859 files...
2026-03-13 02:45:39 [INFO]    Checked 84700/142859 files...
2026-03-13 02:45:48 [INFO]    Checked 84800/142859 files...
2026-03-13 02:45:58 [INFO]    Checked 84900/142859 files...
2026-03-13 02:46:07 [INFO]    Checked 85000/142859 files...
2026-03-13 02:46:17 [INFO]    Checked 85100/142859 files...
2026-03-13 02:46:26 [INFO]    Checked 85200/142859 files...
2026-03-13 02:46:36 [INFO]    Checked 85300/142859 files...
2026-03-13 02:46:45 [INFO]    Checked 85400/142859 files...
2026-03-13 02:46:55 [INFO]    Checked 85500/142859 files...
2026-03-13 02:47:04 [INFO]    Checked 85600/142859 files...
2026-03-13 02:47:14 [INFO]    Checked 85700/142859 files...
2026-03-13 02:47:23 [INFO]    Checked 85800/142859 files...
2026-03-13 02:47:33 [INFO]    Checked 85900/142859 files...
2026-03-13 02:47:42 [INFO]    Checked 86000/142859 files...
2026-03-13 02:47:52 [INFO]    Checked 86100/142859 files...
2026-03-13 02:48:01 [INFO]    Checked 86200/142859 files...
2026-03-13 02:48:11 [INFO]    Checked 86300/142859 files...
2026-03-13 02:48:20 [INFO]    Checked 86400/142859 files...
2026-03-13 02:48:30 [INFO]    Checked 86500/142859 files...
2026-03-13 02:48:39 [INFO]    Checked 86600/142859 files...
2026-03-13 02:48:49 [INFO]    Checked 86700/142859 files...
2026-03-13 02:48:58 [INFO]    Checked 86800/142859 files...
2026-03-13 02:49:07 [INFO]    Checked 86900/142859 files...
2026-03-13 02:49:17 [INFO]    Checked 87000/142859 files...
2026-03-13 02:49:27 [INFO]    Checked 87100/142859 files...
2026-03-13 02:49:36 [INFO]    Checked 87200/142859 files...
2026-03-13 02:49:46 [INFO]    Checked 87300/142859 files...
2026-03-13 02:49:55 [INFO]    Checked 87400/142859 files...
2026-03-13 02:50:05 [INFO]    Checked 87500/142859 files...
2026-03-13 02:50:14 [INFO]    Checked 87600/142859 files...
2026-03-13 02:50:24 [INFO]    Checked 87700/142859 files...
2026-03-13 02:50:33 [INFO]    Checked 87800/142859 files...
2026-03-13 02:50:43 [INFO]    Checked 87900/142859 files...
2026-03-13 02:50:52 [INFO]    Checked 88000/142859 files...
2026-03-13 02:51:02 [INFO]    Checked 88100/142859 files...
2026-03-13 02:51:11 [INFO]    Checked 88200/142859 files...
2026-03-13 02:51:21 [INFO]    Checked 88300/142859 files...
2026-03-13 02:51:30 [INFO]    Checked 88400/142859 files...
2026-03-13 02:51:40 [INFO]    Checked 88500/142859 files...
2026-03-13 02:51:49 [INFO]    Checked 88600/142859 files...
2026-03-13 02:51:59 [INFO]    Checked 88700/142859 files...
2026-03-13 02:52:08 [INFO]    Checked 88800/142859 files...
2026-03-13 02:52:18 [INFO]    Checked 88900/142859 files...
2026-03-13 02:52:27 [INFO]    Checked 89000/142859 files...
2026-03-13 02:52:37 [INFO]    Checked 89100/142859 files...
2026-03-13 02:52:46 [INFO]    Checked 89200/142859 files...
2026-03-13 02:52:56 [INFO]    Checked 89300/142859 files...
2026-03-13 02:53:05 [INFO]    Checked 89400/142859 files...
2026-03-13 02:53:15 [INFO]    Checked 89500/142859 files...
2026-03-13 02:53:24 [INFO]    Checked 89600/142859 files...
2026-03-13 02:53:34 [INFO]    Checked 89700/142859 files...
2026-03-13 02:53:43 [INFO]    Checked 89800/142859 files...
2026-03-13 02:53:53 [INFO]    Checked 89900/142859 files...
2026-03-13 02:54:02 [INFO]    Checked 90000/142859 files...
2026-03-13 02:54:12 [INFO]    Checked 90100/142859 files...
2026-03-13 02:54:21 [INFO]    Checked 90200/142859 files...
2026-03-13 02:54:31 [INFO]    Checked 90300/142859 files...
2026-03-13 02:54:40 [INFO]    Checked 90400/142859 files...
2026-03-13 02:54:50 [INFO]    Checked 90500/142859 files...
2026-03-13 02:54:59 [INFO]    Checked 90600/142859 files...
2026-03-13 02:55:09 [INFO]    Checked 90700/142859 files...
2026-03-13 02:55:18 [INFO]    Checked 90800/142859 files...
2026-03-13 02:55:28 [INFO]    Checked 90900/142859 files...
2026-03-13 02:55:37 [INFO]    Checked 91000/142859 files...
2026-03-13 02:55:47 [INFO]    Checked 91100/142859 files...
2026-03-13 02:55:56 [INFO]    Checked 91200/142859 files...
2026-03-13 02:56:06 [INFO]    Checked 91300/142859 files...
2026-03-13 02:56:15 [INFO]    Checked 91400/142859 files...
2026-03-13 02:56:25 [INFO]    Checked 91500/142859 files...
2026-03-13 02:56:34 [INFO]    Checked 91600/142859 files...
2026-03-13 02:56:44 [INFO]    Checked 91700/142859 files...
2026-03-13 02:56:53 [INFO]    Checked 91800/142859 files...
2026-03-13 02:57:03 [INFO]    Checked 91900/142859 files...
2026-03-13 02:57:12 [INFO]    Checked 92000/142859 files...
2026-03-13 02:57:22 [INFO]    Checked 92100/142859 files...
2026-03-13 02:57:31 [INFO]    Checked 92200/142859 files...
2026-03-13 02:57:41 [INFO]    Checked 92300/142859 files...
2026-03-13 02:57:50 [INFO]    Checked 92400/142859 files...
2026-03-13 02:57:59 [INFO]    Checked 92500/142859 files...
2026-03-13 02:58:09 [INFO]    Checked 92600/142859 files...
2026-03-13 02:58:18 [INFO]    Checked 92700/142859 files...
2026-03-13 02:58:28 [INFO]    Checked 92800/142859 files...
2026-03-13 02:58:37 [INFO]    Checked 92900/142859 files...
2026-03-13 02:58:47 [INFO]    Checked 93000/142859 files...
2026-03-13 02:58:57 [INFO]    Checked 93100/142859 files...
2026-03-13 02:59:06 [INFO]    Checked 93200/142859 files...
2026-03-13 02:59:16 [INFO]    Checked 93300/142859 files...
2026-03-13 02:59:25 [INFO]    Checked 93400/142859 files...
2026-03-13 02:59:35 [INFO]    Checked 93500/142859 files...
2026-03-13 02:59:44 [INFO]    Checked 93600/142859 files...
2026-03-13 02:59:54 [INFO]    Checked 93700/142859 files...
2026-03-13 03:00:03 [INFO]    Checked 93800/142859 files...
2026-03-13 03:00:13 [INFO]    Checked 93900/142859 files...
2026-03-13 03:00:22 [INFO]    Checked 94000/142859 files...
2026-03-13 03:00:32 [INFO]    Checked 94100/142859 files...
2026-03-13 03:00:41 [INFO]    Checked 94200/142859 files...
2026-03-13 03:00:51 [INFO]    Checked 94300/142859 files...
2026-03-13 03:01:00 [INFO]    Checked 94400/142859 files...
2026-03-13 03:01:10 [INFO]    Checked 94500/142859 files...
2026-03-13 03:01:19 [INFO]    Checked 94600/142859 files...
2026-03-13 03:01:29 [INFO]    Checked 94700/142859 files...
2026-03-13 03:01:38 [INFO]    Checked 94800/142859 files...
2026-03-13 03:01:48 [INFO]    Checked 94900/142859 files...
2026-03-13 03:01:57 [INFO]    Checked 95000/142859 files...
2026-03-13 03:02:07 [INFO]    Checked 95100/142859 files...
2026-03-13 03:02:16 [INFO]    Checked 95200/142859 files...
2026-03-13 03:02:26 [INFO]    Checked 95300/142859 files...
2026-03-13 03:02:35 [INFO]    Checked 95400/142859 files...
2026-03-13 03:02:45 [INFO]    Checked 95500/142859 files...
2026-03-13 03:02:54 [INFO]    Checked 95600/142859 files...
2026-03-13 03:03:04 [INFO]    Checked 95700/142859 files...
2026-03-13 03:03:13 [INFO]    Checked 95800/142859 files...
2026-03-13 03:03:23 [INFO]    Checked 95900/142859 files...
2026-03-13 03:03:32 [INFO]    Checked 96000/142859 files...
2026-03-13 03:03:42 [INFO]    Checked 96100/142859 files...
2026-03-13 03:03:51 [INFO]    Checked 96200/142859 files...
2026-03-13 03:04:01 [INFO]    Checked 96300/142859 files...
2026-03-13 03:04:11 [INFO]    Checked 96400/142859 files...
2026-03-13 03:04:20 [INFO]    Checked 96500/142859 files...
2026-03-13 03:04:29 [INFO]    Checked 96600/142859 files...
2026-03-13 03:04:39 [INFO]    Checked 96700/142859 files...
2026-03-13 03:04:48 [INFO]    Checked 96800/142859 files...
2026-03-13 03:04:58 [INFO]    Checked 96900/142859 files...
2026-03-13 03:05:07 [INFO]    Checked 97000/142859 files...
2026-03-13 03:05:17 [INFO]    Checked 97100/142859 files...
2026-03-13 03:05:26 [INFO]    Checked 97200/142859 files...
2026-03-13 03:05:36 [INFO]    Checked 97300/142859 files...
2026-03-13 03:05:45 [INFO]    Checked 97400/142859 files...
2026-03-13 03:05:55 [INFO]    Checked 97500/142859 files...
2026-03-13 03:06:04 [INFO]    Checked 97600/142859 files...
2026-03-13 03:06:14 [INFO]    Checked 97700/142859 files...
2026-03-13 03:06:23 [INFO]    Checked 97800/142859 files...
2026-03-13 03:06:33 [INFO]    Checked 97900/142859 files...
2026-03-13 03:06:42 [INFO]    Checked 98000/142859 files...
2026-03-13 03:06:52 [INFO]    Checked 98100/142859 files...
2026-03-13 03:07:02 [INFO]    Checked 98200/142859 files...
2026-03-13 03:07:11 [INFO]    Checked 98300/142859 files...
2026-03-13 03:07:21 [INFO]    Checked 98400/142859 files...
2026-03-13 03:07:30 [INFO]    Checked 98500/142859 files...
2026-03-13 03:07:40 [INFO]    Checked 98600/142859 files...
2026-03-13 03:07:49 [INFO]    Checked 98700/142859 files...
2026-03-13 03:07:59 [INFO]    Checked 98800/142859 files...
2026-03-13 03:08:08 [INFO]    Checked 98900/142859 files...
2026-03-13 03:08:18 [INFO]    Checked 99000/142859 files...
2026-03-13 03:08:28 [INFO]    Checked 99100/142859 files...
2026-03-13 03:08:37 [INFO]    Checked 99200/142859 files...
2026-03-13 03:08:47 [INFO]    Checked 99300/142859 files...
2026-03-13 03:08:56 [INFO]    Checked 99400/142859 files...
2026-03-13 03:09:06 [INFO]    Checked 99500/142859 files...
2026-03-13 03:09:15 [INFO]    Checked 99600/142859 files...
2026-03-13 03:09:25 [INFO]    Checked 99700/142859 files...
2026-03-13 03:09:34 [INFO]    Checked 99800/142859 files...
2026-03-13 03:09:44 [INFO]    Checked 99900/142859 files...
2026-03-13 03:09:53 [INFO]    Checked 100000/142859 files...
2026-03-13 03:10:03 [INFO]    Checked 100100/142859 files...
2026-03-13 03:10:12 [INFO]    Checked 100200/142859 files...
2026-03-13 03:10:22 [INFO]    Checked 100300/142859 files...
2026-03-13 03:10:31 [INFO]    Checked 100400/142859 files...
2026-03-13 03:10:41 [INFO]    Checked 100500/142859 files...
2026-03-13 03:10:51 [INFO]    Checked 100600/142859 files...
2026-03-13 03:11:00 [INFO]    Checked 100700/142859 files...
2026-03-13 03:11:09 [INFO]    Checked 100800/142859 files...
2026-03-13 03:11:19 [INFO]    Checked 100900/142859 files...
2026-03-13 03:11:28 [INFO]    Checked 101000/142859 files...
2026-03-13 03:11:38 [INFO]    Checked 101100/142859 files...
2026-03-13 03:11:47 [INFO]    Checked 101200/142859 files...
2026-03-13 03:11:57 [INFO]    Checked 101300/142859 files...
2026-03-13 03:12:06 [INFO]    Checked 101400/142859 files...
2026-03-13 03:12:16 [INFO]    Checked 101500/142859 files...
2026-03-13 03:12:25 [INFO]    Checked 101600/142859 files...
2026-03-13 03:12:35 [INFO]    Checked 101700/142859 files...
2026-03-13 03:12:45 [INFO]    Checked 101800/142859 files...
2026-03-13 03:12:54 [INFO]    Checked 101900/142859 files...
2026-03-13 03:13:04 [INFO]    Checked 102000/142859 files...
2026-03-13 03:13:13 [INFO]    Checked 102100/142859 files...
2026-03-13 03:13:23 [INFO]    Checked 102200/142859 files...
2026-03-13 03:13:32 [INFO]    Checked 102300/142859 files...
2026-03-13 03:13:42 [INFO]    Checked 102400/142859 files...
2026-03-13 03:13:51 [INFO]    Checked 102500/142859 files...
2026-03-13 03:14:01 [INFO]    Checked 102600/142859 files...
2026-03-13 03:14:10 [INFO]    Checked 102700/142859 files...
2026-03-13 03:14:19 [INFO]    Checked 102800/142859 files...
2026-03-13 03:14:29 [INFO]    Checked 102900/142859 files...
2026-03-13 03:14:38 [INFO]    Checked 103000/142859 files...
2026-03-13 03:14:48 [INFO]    Checked 103100/142859 files...
2026-03-13 03:14:57 [INFO]    Checked 103200/142859 files...
2026-03-13 03:15:06 [INFO]    Checked 103300/142859 files...
2026-03-13 03:15:16 [INFO]    Checked 103400/142859 files...
2026-03-13 03:15:25 [INFO]    Checked 103500/142859 files...
2026-03-13 03:15:35 [INFO]    Checked 103600/142859 files...
2026-03-13 03:15:44 [INFO]    Checked 103700/142859 files...
2026-03-13 03:15:54 [INFO]    Checked 103800/142859 files...
2026-03-13 03:16:03 [INFO]    Checked 103900/142859 files...
2026-03-13 03:16:13 [INFO]    Checked 104000/142859 files...
2026-03-13 03:16:22 [INFO]    Checked 104100/142859 files...
2026-03-13 03:16:32 [INFO]    Checked 104200/142859 files...
2026-03-13 03:16:41 [INFO]    Checked 104300/142859 files...
2026-03-13 03:16:51 [INFO]    Checked 104400/142859 files...
2026-03-13 03:17:00 [INFO]    Checked 104500/142859 files...
2026-03-13 03:17:10 [INFO]    Checked 104600/142859 files...
2026-03-13 03:17:19 [INFO]    Checked 104700/142859 files...
2026-03-13 03:17:29 [INFO]    Checked 104800/142859 files...
2026-03-13 03:17:38 [INFO]    Checked 104900/142859 files...
2026-03-13 03:17:48 [INFO]    Checked 105000/142859 files...
2026-03-13 03:17:57 [INFO]    Checked 105100/142859 files...
2026-03-13 03:18:07 [INFO]    Checked 105200/142859 files...
2026-03-13 03:18:16 [INFO]    Checked 105300/142859 files...
2026-03-13 03:18:26 [INFO]    Checked 105400/142859 files...
2026-03-13 03:18:35 [INFO]    Checked 105500/142859 files...
2026-03-13 03:18:45 [INFO]    Checked 105600/142859 files...
2026-03-13 03:18:54 [INFO]    Checked 105700/142859 files...
2026-03-13 03:19:04 [INFO]    Checked 105800/142859 files...
2026-03-13 03:19:13 [INFO]    Checked 105900/142859 files...
2026-03-13 03:19:22 [INFO]    Checked 106000/142859 files...
2026-03-13 03:19:32 [INFO]    Checked 106100/142859 files...
2026-03-13 03:19:42 [INFO]    Checked 106200/142859 files...
2026-03-13 03:19:51 [INFO]    Checked 106300/142859 files...
2026-03-13 03:20:01 [INFO]    Checked 106400/142859 files...
2026-03-13 03:20:10 [INFO]    Checked 106500/142859 files...
2026-03-13 03:20:20 [INFO]    Checked 106600/142859 files...
2026-03-13 03:20:29 [INFO]    Checked 106700/142859 files...
2026-03-13 03:20:39 [INFO]    Checked 106800/142859 files...
2026-03-13 03:20:48 [INFO]    Checked 106900/142859 files...
2026-03-13 03:20:58 [INFO]    Checked 107000/142859 files...
2026-03-13 03:21:07 [INFO]    Checked 107100/142859 files...
2026-03-13 03:21:17 [INFO]    Checked 107200/142859 files...
2026-03-13 03:21:26 [INFO]    Checked 107300/142859 files...
2026-03-13 03:21:36 [INFO]    Checked 107400/142859 files...
2026-03-13 03:21:46 [INFO]    Checked 107500/142859 files...
2026-03-13 03:21:55 [INFO]    Checked 107600/142859 files...
2026-03-13 03:22:05 [INFO]    Checked 107700/142859 files...
2026-03-13 03:22:14 [INFO]    Checked 107800/142859 files...
2026-03-13 03:22:24 [INFO]    Checked 107900/142859 files...
2026-03-13 03:22:33 [INFO]    Checked 108000/142859 files...
2026-03-13 03:22:43 [INFO]    Checked 108100/142859 files...
2026-03-13 03:22:52 [INFO]    Checked 108200/142859 files...
2026-03-13 03:23:02 [INFO]    Checked 108300/142859 files...
2026-03-13 03:23:12 [INFO]    Checked 108400/142859 files...
2026-03-13 03:23:21 [INFO]    Checked 108500/142859 files...
2026-03-13 03:23:31 [INFO]    Checked 108600/142859 files...
2026-03-13 03:23:40 [INFO]    Checked 108700/142859 files...
2026-03-13 03:23:50 [INFO]    Checked 108800/142859 files...
2026-03-13 03:24:00 [INFO]    Checked 108900/142859 files...
2026-03-13 03:24:09 [INFO]    Checked 109000/142859 files...
2026-03-13 03:24:19 [INFO]    Checked 109100/142859 files...
2026-03-13 03:24:28 [INFO]    Checked 109200/142859 files...
2026-03-13 03:24:38 [INFO]    Checked 109300/142859 files...
2026-03-13 03:24:47 [INFO]    Checked 109400/142859 files...
2026-03-13 03:24:57 [INFO]    Checked 109500/142859 files...
2026-03-13 03:25:07 [INFO]    Checked 109600/142859 files...
2026-03-13 03:25:16 [INFO]    Checked 109700/142859 files...
2026-03-13 03:25:26 [INFO]    Checked 109800/142859 files...
2026-03-13 03:25:35 [INFO]    Checked 109900/142859 files...
2026-03-13 03:25:45 [INFO]    Checked 110000/142859 files...
2026-03-13 03:25:54 [INFO]    Checked 110100/142859 files...
2026-03-13 03:26:04 [INFO]    Checked 110200/142859 files...
2026-03-13 03:26:14 [INFO]    Checked 110300/142859 files...
2026-03-13 03:26:23 [INFO]    Checked 110400/142859 files...
2026-03-13 03:26:33 [INFO]    Checked 110500/142859 files...
2026-03-13 03:26:42 [INFO]    Checked 110600/142859 files...
2026-03-13 03:26:52 [INFO]    Checked 110700/142859 files...
2026-03-13 03:27:01 [INFO]    Checked 110800/142859 files...
2026-03-13 03:27:11 [INFO]    Checked 110900/142859 files...
2026-03-13 03:27:20 [INFO]    Checked 111000/142859 files...
2026-03-13 03:27:30 [INFO]    Checked 111100/142859 files...
2026-03-13 03:27:39 [INFO]    Checked 111200/142859 files...
2026-03-13 03:27:49 [INFO]    Checked 111300/142859 files...
2026-03-13 03:27:58 [INFO]    Checked 111400/142859 files...
2026-03-13 03:28:08 [INFO]    Checked 111500/142859 files...
2026-03-13 03:28:18 [INFO]    Checked 111600/142859 files...
2026-03-13 03:28:27 [INFO]    Checked 111700/142859 files...
2026-03-13 03:28:37 [INFO]    Checked 111800/142859 files...
2026-03-13 03:28:46 [INFO]    Checked 111900/142859 files...
2026-03-13 03:28:56 [INFO]    Checked 112000/142859 files...
2026-03-13 03:29:05 [INFO]    Checked 112100/142859 files...
2026-03-13 03:29:15 [INFO]    Checked 112200/142859 files...
2026-03-13 03:29:24 [INFO]    Checked 112300/142859 files...
2026-03-13 03:29:34 [INFO]    Checked 112400/142859 files...
2026-03-13 03:29:43 [INFO]    Checked 112500/142859 files...
2026-03-13 03:29:53 [INFO]    Checked 112600/142859 files...
2026-03-13 03:30:02 [INFO]    Checked 112700/142859 files...
2026-03-13 03:30:12 [INFO]    Checked 112800/142859 files...
2026-03-13 03:30:21 [INFO]    Checked 112900/142859 files...
2026-03-13 03:30:31 [INFO]    Checked 113000/142859 files...
2026-03-13 03:30:40 [INFO]    Checked 113100/142859 files...
2026-03-13 03:30:50 [INFO]    Checked 113200/142859 files...
2026-03-13 03:31:00 [INFO]    Checked 113300/142859 files...
2026-03-13 03:31:09 [INFO]    Checked 113400/142859 files...
2026-03-13 03:31:19 [INFO]    Checked 113500/142859 files...
2026-03-13 03:31:28 [INFO]    Checked 113600/142859 files...
2026-03-13 03:31:38 [INFO]    Checked 113700/142859 files...
2026-03-13 03:31:47 [INFO]    Checked 113800/142859 files...
2026-03-13 03:31:57 [INFO]    Checked 113900/142859 files...
2026-03-13 03:32:05 [INFO]    Checked 114000/142859 files...
2026-03-13 03:32:15 [INFO]    Checked 114100/142859 files...
2026-03-13 03:32:24 [INFO]    Checked 114200/142859 files...
2026-03-13 03:32:34 [INFO]    Checked 114300/142859 files...
2026-03-13 03:32:43 [INFO]    Checked 114400/142859 files...
2026-03-13 03:32:53 [INFO]    Checked 114500/142859 files...
2026-03-13 03:33:02 [INFO]    Checked 114600/142859 files...
2026-03-13 03:33:12 [INFO]    Checked 114700/142859 files...
2026-03-13 03:33:21 [INFO]    Checked 114800/142859 files...
2026-03-13 03:33:31 [INFO]    Checked 114900/142859 files...
2026-03-13 03:33:40 [INFO]    Checked 115000/142859 files...
2026-03-13 03:33:50 [INFO]    Checked 115100/142859 files...
2026-03-13 03:34:00 [INFO]    Checked 115200/142859 files...
2026-03-13 03:34:09 [INFO]    Checked 115300/142859 files...
2026-03-13 03:34:19 [INFO]    Checked 115400/142859 files...
2026-03-13 03:34:28 [INFO]    Checked 115500/142859 files...
2026-03-13 03:34:38 [INFO]    Checked 115600/142859 files...
2026-03-13 03:34:47 [INFO]    Checked 115700/142859 files...
2026-03-13 03:34:57 [INFO]    Checked 115800/142859 files...
2026-03-13 03:35:06 [INFO]    Checked 115900/142859 files...
2026-03-13 03:35:16 [INFO]    Checked 116000/142859 files...
2026-03-13 03:35:25 [INFO]    Checked 116100/142859 files...
2026-03-13 03:35:35 [INFO]    Checked 116200/142859 files...
2026-03-13 03:35:44 [INFO]    Checked 116300/142859 files...
2026-03-13 03:35:54 [INFO]    Checked 116400/142859 files...
2026-03-13 03:36:04 [INFO]    Checked 116500/142859 files...
2026-03-13 03:36:13 [INFO]    Checked 116600/142859 files...
2026-03-13 03:36:23 [INFO]    Checked 116700/142859 files...
2026-03-13 03:36:32 [INFO]    Checked 116800/142859 files...
2026-03-13 03:36:42 [INFO]    Checked 116900/142859 files...
2026-03-13 03:36:52 [INFO]    Checked 117000/142859 files...
2026-03-13 03:37:01 [INFO]    Checked 117100/142859 files...
2026-03-13 03:37:11 [INFO]    Checked 117200/142859 files...
2026-03-13 03:37:21 [INFO]    Checked 117300/142859 files...
2026-03-13 03:37:30 [INFO]    Checked 117400/142859 files...
2026-03-13 03:37:40 [INFO]    Checked 117500/142859 files...
2026-03-13 03:37:49 [INFO]    Checked 117600/142859 files...
2026-03-13 03:37:59 [INFO]    Checked 117700/142859 files...
2026-03-13 03:38:08 [INFO]    Checked 117800/142859 files...
2026-03-13 03:38:18 [INFO]    Checked 117900/142859 files...
2026-03-13 03:38:28 [INFO]    Checked 118000/142859 files...
2026-03-13 03:38:37 [INFO]    Checked 118100/142859 files...
2026-03-13 03:38:47 [INFO]    Checked 118200/142859 files...
2026-03-13 03:38:56 [INFO]    Checked 118300/142859 files...
2026-03-13 03:39:06 [INFO]    Checked 118400/142859 files...
2026-03-13 03:39:15 [INFO]    Checked 118500/142859 files...
2026-03-13 03:39:25 [INFO]    Checked 118600/142859 files...
2026-03-13 03:39:34 [INFO]    Checked 118700/142859 files...
2026-03-13 03:39:43 [INFO]    Checked 118800/142859 files...
2026-03-13 03:39:53 [INFO]    Checked 118900/142859 files...
2026-03-13 03:40:02 [INFO]    Checked 119000/142859 files...
2026-03-13 03:40:12 [INFO]    Checked 119100/142859 files...
2026-03-13 03:40:21 [INFO]    Checked 119200/142859 files...
2026-03-13 03:40:31 [INFO]    Checked 119300/142859 files...
2026-03-13 03:40:40 [INFO]    Checked 119400/142859 files...
2026-03-13 03:40:50 [INFO]    Checked 119500/142859 files...
2026-03-13 03:40:59 [INFO]    Checked 119600/142859 files...
2026-03-13 03:41:09 [INFO]    Checked 119700/142859 files...
2026-03-13 03:41:18 [INFO]    Checked 119800/142859 files...
2026-03-13 03:41:28 [INFO]    Checked 119900/142859 files...
2026-03-13 03:41:37 [INFO]    Checked 120000/142859 files...
2026-03-13 03:41:47 [INFO]    Checked 120100/142859 files...
2026-03-13 03:41:56 [INFO]    Checked 120200/142859 files...
2026-03-13 03:42:06 [INFO]    Checked 120300/142859 files...
2026-03-13 03:42:15 [INFO]    Checked 120400/142859 files...
2026-03-13 03:42:25 [INFO]    Checked 120500/142859 files...
2026-03-13 03:42:34 [INFO]    Checked 120600/142859 files...
2026-03-13 03:42:44 [INFO]    Checked 120700/142859 files...
2026-03-13 03:42:53 [INFO]    Checked 120800/142859 files...
2026-03-13 03:43:03 [INFO]    Checked 120900/142859 files...
2026-03-13 03:43:12 [INFO]    Checked 121000/142859 files...
2026-03-13 03:43:22 [INFO]    Checked 121100/142859 files...
2026-03-13 03:43:31 [INFO]    Checked 121200/142859 files...
2026-03-13 03:43:41 [INFO]    Checked 121300/142859 files...
2026-03-13 03:43:50 [INFO]    Checked 121400/142859 files...
2026-03-13 03:44:00 [INFO]    Checked 121500/142859 files...
2026-03-13 03:44:10 [INFO]    Checked 121600/142859 files...
2026-03-13 03:44:19 [INFO]    Checked 121700/142859 files...
2026-03-13 03:44:29 [INFO]    Checked 121800/142859 files...
2026-03-13 03:44:38 [INFO]    Checked 121900/142859 files...
2026-03-13 03:44:48 [INFO]    Checked 122000/142859 files...
2026-03-13 03:44:57 [INFO]    Checked 122100/142859 files...
2026-03-13 03:45:07 [INFO]    Checked 122200/142859 files...
2026-03-13 03:45:17 [INFO]    Checked 122300/142859 files...
2026-03-13 03:45:26 [INFO]    Checked 122400/142859 files...
2026-03-13 03:45:36 [INFO]    Checked 122500/142859 files...
2026-03-13 03:45:45 [INFO]    Checked 122600/142859 files...
2026-03-13 03:45:55 [INFO]    Checked 122700/142859 files...
2026-03-13 03:46:04 [INFO]    Checked 122800/142859 files...
2026-03-13 03:46:14 [INFO]    Checked 122900/142859 files...
2026-03-13 03:46:24 [INFO]    Checked 123000/142859 files...
2026-03-13 03:46:33 [INFO]    Checked 123100/142859 files...
2026-03-13 03:46:43 [INFO]    Checked 123200/142859 files...
2026-03-13 03:46:52 [INFO]    Checked 123300/142859 files...
2026-03-13 03:47:02 [INFO]    Checked 123400/142859 files...
2026-03-13 03:47:11 [INFO]    Checked 123500/142859 files...
2026-03-13 03:47:21 [INFO]    Checked 123600/142859 files...
2026-03-13 03:47:31 [INFO]    Checked 123700/142859 files...
2026-03-13 03:47:40 [INFO]    Checked 123800/142859 files...
2026-03-13 03:47:50 [INFO]    Checked 123900/142859 files...
2026-03-13 03:47:59 [INFO]    Checked 124000/142859 files...
2026-03-13 03:48:09 [INFO]    Checked 124100/142859 files...
2026-03-13 03:48:18 [INFO]    Checked 124200/142859 files...
2026-03-13 03:48:28 [INFO]    Checked 124300/142859 files...
2026-03-13 03:48:38 [INFO]    Checked 124400/142859 files...
2026-03-13 03:48:47 [INFO]    Checked 124500/142859 files...
2026-03-13 03:48:57 [INFO]    Checked 124600/142859 files...
2026-03-13 03:49:06 [INFO]    Checked 124700/142859 files...
2026-03-13 03:49:16 [INFO]    Checked 124800/142859 files...
2026-03-13 03:49:25 [INFO]    Checked 124900/142859 files...
2026-03-13 03:49:35 [INFO]    Checked 125000/142859 files...
2026-03-13 03:49:44 [INFO]    Checked 125100/142859 files...
2026-03-13 03:49:54 [INFO]    Checked 125200/142859 files...
2026-03-13 03:50:03 [INFO]    Checked 125300/142859 files...
2026-03-13 03:50:13 [INFO]    Checked 125400/142859 files...
2026-03-13 03:50:26 [INFO]    Checked 125500/142859 files...
2026-03-13 03:50:35 [INFO]    Checked 125600/142859 files...
2026-03-13 03:50:45 [INFO]    Checked 125700/142859 files...
2026-03-13 03:50:55 [INFO]    Checked 125800/142859 files...
2026-03-13 03:51:04 [INFO]    Checked 125900/142859 files...
2026-03-13 03:51:14 [INFO]    Checked 126000/142859 files...
2026-03-13 03:51:23 [INFO]    Checked 126100/142859 files...
2026-03-13 03:51:33 [INFO]    Checked 126200/142859 files...
2026-03-13 03:51:42 [INFO]    Checked 126300/142859 files...
2026-03-13 03:51:52 [INFO]    Checked 126400/142859 files...
2026-03-13 03:52:01 [INFO]    Checked 126500/142859 files...
2026-03-13 03:52:11 [INFO]    Checked 126600/142859 files...
2026-03-13 03:52:20 [INFO]    Checked 126700/142859 files...
2026-03-13 03:52:30 [INFO]    Checked 126800/142859 files...
2026-03-13 03:52:39 [INFO]    Checked 126900/142859 files...
2026-03-13 03:52:49 [INFO]    Checked 127000/142859 files...
2026-03-13 03:52:58 [INFO]    Checked 127100/142859 files...
2026-03-13 03:53:08 [INFO]    Checked 127200/142859 files...
2026-03-13 03:53:17 [INFO]    Checked 127300/142859 files...
2026-03-13 03:53:27 [INFO]    Checked 127400/142859 files...
2026-03-13 03:53:36 [INFO]    Checked 127500/142859 files...
2026-03-13 03:53:46 [INFO]    Checked 127600/142859 files...
2026-03-13 03:53:55 [INFO]    Checked 127700/142859 files...
2026-03-13 03:54:05 [INFO]    Checked 127800/142859 files...
2026-03-13 03:54:15 [INFO]    Checked 127900/142859 files...
2026-03-13 03:54:24 [INFO]    Checked 128000/142859 files...
2026-03-13 03:54:34 [INFO]    Checked 128100/142859 files...
2026-03-13 03:54:43 [INFO]    Checked 128200/142859 files...
2026-03-13 03:54:53 [INFO]    Checked 128300/142859 files...
2026-03-13 03:55:03 [INFO]    Checked 128400/142859 files...
2026-03-13 03:55:12 [INFO]    Checked 128500/142859 files...
2026-03-13 03:55:21 [INFO]    Checked 128600/142859 files...
2026-03-13 03:55:31 [INFO]    Checked 128700/142859 files...
2026-03-13 03:55:40 [INFO]    Checked 128800/142859 files...
2026-03-13 03:55:50 [INFO]    Checked 128900/142859 files...
2026-03-13 03:56:00 [INFO]    Checked 129000/142859 files...
2026-03-13 03:56:09 [INFO]    Checked 129100/142859 files...
2026-03-13 03:56:18 [INFO]    Checked 129200/142859 files...
2026-03-13 03:56:28 [INFO]    Checked 129300/142859 files...
2026-03-13 03:56:37 [INFO]    Checked 129400/142859 files...
2026-03-13 03:56:47 [INFO]    Checked 129500/142859 files...
2026-03-13 03:56:56 [INFO]    Checked 129600/142859 files...
2026-03-13 03:57:06 [INFO]    Checked 129700/142859 files...
2026-03-13 03:57:15 [INFO]    Checked 129800/142859 files...
2026-03-13 03:57:25 [INFO]    Checked 129900/142859 files...
2026-03-13 03:57:34 [INFO]    Checked 130000/142859 files...
2026-03-13 03:57:43 [INFO]    Checked 130100/142859 files...
2026-03-13 03:57:53 [INFO]    Checked 130200/142859 files...
2026-03-13 03:58:02 [INFO]    Checked 130300/142859 files...
2026-03-13 03:58:12 [INFO]    Checked 130400/142859 files...
2026-03-13 03:58:21 [INFO]    Checked 130500/142859 files...
2026-03-13 03:58:31 [INFO]    Checked 130600/142859 files...
2026-03-13 03:58:40 [INFO]    Checked 130700/142859 files...
2026-03-13 03:58:50 [INFO]    Checked 130800/142859 files...
2026-03-13 03:58:59 [INFO]    Checked 130900/142859 files...
2026-03-13 03:59:09 [INFO]    Checked 131000/142859 files...
2026-03-13 03:59:18 [INFO]    Checked 131100/142859 files...
2026-03-13 03:59:28 [INFO]    Checked 131200/142859 files...
2026-03-13 03:59:37 [INFO]    Checked 131300/142859 files...
2026-03-13 03:59:47 [INFO]    Checked 131400/142859 files...
2026-03-13 03:59:56 [INFO]    Checked 131500/142859 files...
2026-03-13 04:00:06 [INFO]    Checked 131600/142859 files...
2026-03-13 04:00:15 [INFO]    Checked 131700/142859 files...
2026-03-13 04:00:25 [INFO]    Checked 131800/142859 files...
2026-03-13 04:00:34 [INFO]    Checked 131900/142859 files...
2026-03-13 04:00:44 [INFO]    Checked 132000/142859 files...
2026-03-13 04:00:53 [INFO]    Checked 132100/142859 files...
2026-03-13 04:01:03 [INFO]    Checked 132200/142859 files...
2026-03-13 04:01:12 [INFO]    Checked 132300/142859 files...
2026-03-13 04:01:21 [INFO]    Checked 132400/142859 files...
2026-03-13 04:01:31 [INFO]    Checked 132500/142859 files...
2026-03-13 04:01:40 [INFO]    Checked 132600/142859 files...
2026-03-13 04:01:50 [INFO]    Checked 132700/142859 files...
2026-03-13 04:01:59 [INFO]    Checked 132800/142859 files...
2026-03-13 04:02:09 [INFO]    Checked 132900/142859 files...
2026-03-13 04:02:18 [INFO]    Checked 133000/142859 files...
2026-03-13 04:02:27 [INFO]    Checked 133100/142859 files...
2026-03-13 04:02:37 [INFO]    Checked 133200/142859 files...
2026-03-13 04:02:46 [INFO]    Checked 133300/142859 files...
2026-03-13 04:02:56 [INFO]    Checked 133400/142859 files...
2026-03-13 04:03:05 [INFO]    Checked 133500/142859 files...
2026-03-13 04:03:15 [INFO]    Checked 133600/142859 files...
2026-03-13 04:03:24 [INFO]    Checked 133700/142859 files...
2026-03-13 04:03:34 [INFO]    Checked 133800/142859 files...
2026-03-13 04:03:43 [INFO]    Checked 133900/142859 files...
2026-03-13 04:03:52 [INFO]    Checked 134000/142859 files...
2026-03-13 04:04:02 [INFO]    Checked 134100/142859 files...
2026-03-13 04:04:11 [INFO]    Checked 134200/142859 files...
2026-03-13 04:04:20 [INFO]    Checked 134300/142859 files...
2026-03-13 04:04:30 [INFO]    Checked 134400/142859 files...
2026-03-13 04:04:39 [INFO]    Checked 134500/142859 files...
2026-03-13 04:04:49 [INFO]    Checked 134600/142859 files...
2026-03-13 04:04:58 [INFO]    Checked 134700/142859 files...
2026-03-13 04:05:08 [INFO]    Checked 134800/142859 files...
2026-03-13 04:05:18 [INFO]    Checked 134900/142859 files...
2026-03-13 04:05:27 [INFO]    Checked 135000/142859 files...
2026-03-13 04:05:36 [INFO]    Checked 135100/142859 files...
2026-03-13 04:05:46 [INFO]    Checked 135200/142859 files...
2026-03-13 04:05:54 [INFO]    Checked 135300/142859 files...
2026-03-13 04:06:04 [INFO]    Checked 135400/142859 files...
2026-03-13 04:06:13 [INFO]    Checked 135500/142859 files...
2026-03-13 04:06:23 [INFO]    Checked 135600/142859 files...
2026-03-13 04:06:33 [INFO]    Checked 135700/142859 files...
2026-03-13 04:06:42 [INFO]    Checked 135800/142859 files...
2026-03-13 04:06:52 [INFO]    Checked 135900/142859 files...
2026-03-13 04:07:01 [INFO]    Checked 136000/142859 files...
2026-03-13 04:07:11 [INFO]    Checked 136100/142859 files...
2026-03-13 04:07:20 [INFO]    Checked 136200/142859 files...
2026-03-13 04:07:30 [INFO]    Checked 136300/142859 files...
2026-03-13 04:07:39 [INFO]    Checked 136400/142859 files...
2026-03-13 04:07:49 [INFO]    Checked 136500/142859 files...
2026-03-13 04:07:58 [INFO]    Checked 136600/142859 files...
2026-03-13 04:08:07 [INFO]    Checked 136700/142859 files...
2026-03-13 04:08:17 [INFO]    Checked 136800/142859 files...
2026-03-13 04:08:27 [INFO]    Checked 136900/142859 files...
2026-03-13 04:08:36 [INFO]    Checked 137000/142859 files...
2026-03-13 04:08:46 [INFO]    Checked 137100/142859 files...
2026-03-13 04:08:55 [INFO]    Checked 137200/142859 files...
2026-03-13 04:09:05 [INFO]    Checked 137300/142859 files...
2026-03-13 04:09:14 [INFO]    Checked 137400/142859 files...
2026-03-13 04:09:24 [INFO]    Checked 137500/142859 files...
2026-03-13 04:09:33 [INFO]    Checked 137600/142859 files...
2026-03-13 04:09:43 [INFO]    Checked 137700/142859 files...
2026-03-13 04:09:52 [INFO]    Checked 137800/142859 files...
2026-03-13 04:10:02 [INFO]    Checked 137900/142859 files...
2026-03-13 04:10:11 [INFO]    Checked 138000/142859 files...
2026-03-13 04:10:21 [INFO]    Checked 138100/142859 files...
2026-03-13 04:10:31 [INFO]    Checked 138200/142859 files...
2026-03-13 04:10:40 [INFO]    Checked 138300/142859 files...
2026-03-13 04:10:50 [INFO]    Checked 138400/142859 files...
2026-03-13 04:10:59 [INFO]    Checked 138500/142859 files...
2026-03-13 04:11:08 [INFO]    Checked 138600/142859 files...
2026-03-13 04:11:18 [INFO]    Checked 138700/142859 files...
2026-03-13 04:11:28 [INFO]    Checked 138800/142859 files...
2026-03-13 04:11:37 [INFO]    Checked 138900/142859 files...
2026-03-13 04:11:47 [INFO]    Checked 139000/142859 files...
2026-03-13 04:11:56 [INFO]    Checked 139100/142859 files...
2026-03-13 04:12:06 [INFO]    Checked 139200/142859 files...
2026-03-13 04:12:15 [INFO]    Checked 139300/142859 files...
2026-03-13 04:12:25 [INFO]    Checked 139400/142859 files...
2026-03-13 04:12:34 [INFO]    Checked 139500/142859 files...
2026-03-13 04:12:44 [INFO]    Checked 139600/142859 files...
2026-03-13 04:12:53 [INFO]    Checked 139700/142859 files...
2026-03-13 04:13:03 [INFO]    Checked 139800/142859 files...
2026-03-13 04:13:12 [INFO]    Checked 139900/142859 files...
2026-03-13 04:13:22 [INFO]    Checked 140000/142859 files...
2026-03-13 04:13:31 [INFO]    Checked 140100/142859 files...
2026-03-13 04:13:41 [INFO]    Checked 140200/142859 files...
2026-03-13 04:13:50 [INFO]    Checked 140300/142859 files...
2026-03-13 04:14:00 [INFO]    Checked 140400/142859 files...
2026-03-13 04:14:09 [INFO]    Checked 140500/142859 files...
2026-03-13 04:14:18 [INFO]    Checked 140600/142859 files...
2026-03-13 04:14:28 [INFO]    Checked 140700/142859 files...
2026-03-13 04:14:38 [INFO]    Checked 140800/142859 files...
2026-03-13 04:14:47 [INFO]    Checked 140900/142859 files...
2026-03-13 04:14:57 [INFO]    Checked 141000/142859 files...
2026-03-13 04:15:06 [INFO]    Checked 141100/142859 files...
2026-03-13 04:15:15 [INFO]    Checked 141200/142859 files...
2026-03-13 04:15:25 [INFO]    Checked 141300/142859 files...
2026-03-13 04:15:34 [INFO]    Checked 141400/142859 files...
2026-03-13 04:15:44 [INFO]    Checked 141500/142859 files...
2026-03-13 04:15:53 [INFO]    Checked 141600/142859 files...
2026-03-13 04:16:03 [INFO]    Checked 141700/142859 files...
2026-03-13 04:16:12 [INFO]    Checked 141800/142859 files...
2026-03-13 04:16:22 [INFO]    Checked 141900/142859 files...
2026-03-13 04:16:31 [INFO]    Checked 142000/142859 files...
2026-03-13 04:16:41 [INFO]    Checked 142100/142859 files...
2026-03-13 04:16:50 [INFO]    Checked 142200/142859 files...
2026-03-13 04:17:00 [INFO]    Checked 142300/142859 files...
2026-03-13 04:17:09 [INFO]    Checked 142400/142859 files...
2026-03-13 04:17:18 [INFO]    Checked 142500/142859 files...
2026-03-13 04:17:28 [INFO]    Checked 142600/142859 files...
2026-03-13 04:17:37 [INFO]    Checked 142700/142859 files...
2026-03-13 04:17:47 [INFO]    Checked 142800/142859 files...
2026-03-13 04:17:52 [INFO]    >>> Verification Finished. Pass: 142859 | Fail: 0
2026-03-13 04:17:52 [INFO]    All embeddings appear valid and distinct.
2026-03-13 04:17:52 [INFO] ========== [Step 4] Build Graphs (Parallel) ==========
2026-03-13 04:18:03 [INFO]    >> [构图] Progress: 100/142859
2026-03-13 04:18:03 [INFO]    >> [构图] Progress: 200/142859
2026-03-13 04:18:03 [INFO]    >> [构图] Progress: 300/142859
2026-03-13 04:18:03 [INFO]    >> [构图] Progress: 400/142859
2026-03-13 04:18:03 [INFO]    >> [构图] Progress: 500/142859
2026-03-13 04:18:04 [INFO]    >> [构图] Progress: 600/142859
2026-03-13 04:18:04 [INFO]    >> [构图] Progress: 700/142859
2026-03-13 04:18:04 [INFO]    >> [构图] Progress: 800/142859
2026-03-13 04:18:04 [INFO]    >> [构图] Progress: 900/142859
2026-03-13 04:18:04 [INFO]    >> [构图] Progress: 1000/142859
2026-03-13 04:18:04 [INFO]    >> [构图] Progress: 1100/142859
2026-03-13 04:18:04 [INFO]    >> [构图] Progress: 1200/142859
2026-03-13 04:18:04 [INFO]    >> [构图] Progress: 1300/142859
2026-03-13 04:18:04 [INFO]    >> [构图] Progress: 1400/142859
2026-03-13 04:18:04 [INFO]    >> [构图] Progress: 1500/142859
2026-03-13 04:18:04 [INFO]    >> [构图] Progress: 1600/142859
2026-03-13 04:18:04 [INFO]    >> [构图] Progress: 1700/142859
2026-03-13 04:18:04 [INFO]    >> [构图] Progress: 1800/142859
2026-03-13 04:18:04 [INFO]    >> [构图] Progress: 1900/142859
2026-03-13 04:18:04 [INFO]    >> [构图] Progress: 2000/142859
2026-03-13 04:18:04 [INFO]    >> [构图] Progress: 2100/142859
2026-03-13 04:18:04 [INFO]    >> [构图] Progress: 2200/142859
2026-03-13 04:18:04 [INFO]    >> [构图] Progress: 2300/142859
2026-03-13 04:18:04 [INFO]    >> [构图] Progress: 2400/142859
2026-03-13 04:18:04 [INFO]    >> [构图] Progress: 2500/142859
2026-03-13 04:18:04 [INFO]    >> [构图] Progress: 2600/142859
2026-03-13 04:18:04 [INFO]    >> [构图] Progress: 2700/142859
2026-03-13 04:18:04 [INFO]    >> [构图] Progress: 2800/142859
2026-03-13 04:18:05 [INFO]    >> [构图] Progress: 2900/142859
2026-03-13 04:18:05 [INFO]    >> [构图] Progress: 3000/142859
2026-03-13 04:18:05 [INFO]    >> [构图] Progress: 3100/142859
2026-03-13 04:18:05 [INFO]    >> [构图] Progress: 3200/142859
2026-03-13 04:18:05 [INFO]    >> [构图] Progress: 3300/142859
2026-03-13 04:18:05 [INFO]    >> [构图] Progress: 3400/142859
2026-03-13 04:18:05 [INFO]    >> [构图] Progress: 3500/142859
2026-03-13 04:18:05 [INFO]    >> [构图] Progress: 3600/142859
2026-03-13 04:18:05 [INFO]    >> [构图] Progress: 3700/142859
2026-03-13 04:18:05 [INFO]    >> [构图] Progress: 3800/142859
2026-03-13 04:18:05 [INFO]    >> [构图] Progress: 3900/142859
2026-03-13 04:18:05 [INFO]    >> [构图] Progress: 4000/142859
2026-03-13 04:18:05 [INFO]    >> [构图] Progress: 4100/142859
2026-03-13 04:18:05 [INFO]    >> [构图] Progress: 4200/142859
2026-03-13 04:18:05 [INFO]    >> [构图] Progress: 4300/142859
2026-03-13 04:18:05 [INFO]    >> [构图] Progress: 4400/142859
2026-03-13 04:18:05 [INFO]    >> [构图] Progress: 4500/142859
2026-03-13 04:18:05 [INFO]    >> [构图] Progress: 4600/142859
2026-03-13 04:18:05 [INFO]    >> [构图] Progress: 4700/142859
2026-03-13 04:18:05 [INFO]    >> [构图] Progress: 4800/142859
2026-03-13 04:18:05 [INFO]    >> [构图] Progress: 4900/142859
2026-03-13 04:18:06 [INFO]    >> [构图] Progress: 5000/142859
2026-03-13 04:18:06 [INFO]    >> [构图] Progress: 5100/142859
2026-03-13 04:18:06 [INFO]    >> [构图] Progress: 5200/142859
2026-03-13 04:18:06 [INFO]    >> [构图] Progress: 5300/142859
2026-03-13 04:18:06 [INFO]    >> [构图] Progress: 5400/142859
2026-03-13 04:18:06 [INFO]    >> [构图] Progress: 5500/142859
2026-03-13 04:18:06 [INFO]    >> [构图] Progress: 5600/142859
2026-03-13 04:18:06 [INFO]    >> [构图] Progress: 5700/142859
2026-03-13 04:18:06 [INFO]    >> [构图] Progress: 5800/142859
2026-03-13 04:18:06 [INFO]    >> [构图] Progress: 5900/142859
2026-03-13 04:18:06 [INFO]    >> [构图] Progress: 6000/142859
2026-03-13 04:18:06 [INFO]    >> [构图] Progress: 6100/142859
2026-03-13 04:18:06 [INFO]    >> [构图] Progress: 6200/142859
2026-03-13 04:18:06 [INFO]    >> [构图] Progress: 6300/142859
2026-03-13 04:18:06 [INFO]    >> [构图] Progress: 6400/142859
2026-03-13 04:18:06 [INFO]    >> [构图] Progress: 6500/142859
2026-03-13 04:18:06 [INFO]    >> [构图] Progress: 6600/142859
2026-03-13 04:18:06 [INFO]    >> [构图] Progress: 6700/142859
2026-03-13 04:18:06 [INFO]    >> [构图] Progress: 6800/142859
2026-03-13 04:18:06 [INFO]    >> [构图] Progress: 6900/142859
2026-03-13 04:18:06 [INFO]    >> [构图] Progress: 7000/142859
2026-03-13 04:18:07 [INFO]    >> [构图] Progress: 7100/142859
2026-03-13 04:18:07 [INFO]    >> [构图] Progress: 7200/142859
2026-03-13 04:18:07 [INFO]    >> [构图] Progress: 7300/142859
2026-03-13 04:18:07 [INFO]    >> [构图] Progress: 7400/142859
2026-03-13 04:18:07 [INFO]    >> [构图] Progress: 7500/142859
2026-03-13 04:18:07 [INFO]    >> [构图] Progress: 7600/142859
2026-03-13 04:18:07 [INFO]    >> [构图] Progress: 7700/142859
2026-03-13 04:18:07 [INFO]    >> [构图] Progress: 7800/142859
2026-03-13 04:18:07 [INFO]    >> [构图] Progress: 7900/142859
2026-03-13 04:18:07 [INFO]    >> [构图] Progress: 8000/142859
2026-03-13 04:18:07 [INFO]    >> [构图] Progress: 8100/142859
2026-03-13 04:18:07 [INFO]    >> [构图] Progress: 8200/142859
2026-03-13 04:18:07 [INFO]    >> [构图] Progress: 8300/142859
2026-03-13 04:18:07 [INFO]    >> [构图] Progress: 8400/142859
2026-03-13 04:18:07 [INFO]    >> [构图] Progress: 8500/142859
2026-03-13 04:18:07 [INFO]    >> [构图] Progress: 8600/142859
2026-03-13 04:18:07 [INFO]    >> [构图] Progress: 8700/142859
2026-03-13 04:18:07 [INFO]    >> [构图] Progress: 8800/142859
2026-03-13 04:18:07 [INFO]    >> [构图] Progress: 8900/142859
2026-03-13 04:18:07 [INFO]    >> [构图] Progress: 9000/142859
2026-03-13 04:18:08 [INFO]    >> [构图] Progress: 9100/142859
2026-03-13 04:18:08 [INFO]    >> [构图] Progress: 9200/142859
2026-03-13 04:18:08 [INFO]    >> [构图] Progress: 9300/142859
2026-03-13 04:18:08 [INFO]    >> [构图] Progress: 9400/142859
2026-03-13 04:18:08 [INFO]    >> [构图] Progress: 9500/142859
2026-03-13 04:18:08 [INFO]    >> [构图] Progress: 9600/142859
2026-03-13 04:18:08 [INFO]    >> [构图] Progress: 9700/142859
2026-03-13 04:18:08 [INFO]    >> [构图] Progress: 9800/142859
2026-03-13 04:18:08 [INFO]    >> [构图] Progress: 9900/142859
2026-03-13 04:18:08 [INFO]    >> [构图] Progress: 10000/142859
2026-03-13 04:18:08 [INFO]    >> [构图] Progress: 10100/142859
2026-03-13 04:18:08 [INFO]    >> [构图] Progress: 10200/142859
2026-03-13 04:18:08 [INFO]    >> [构图] Progress: 10300/142859
2026-03-13 04:18:08 [INFO]    >> [构图] Progress: 10400/142859
2026-03-13 04:18:08 [INFO]    >> [构图] Progress: 10500/142859
2026-03-13 04:18:08 [INFO]    >> [构图] Progress: 10600/142859
2026-03-13 04:18:08 [INFO]    >> [构图] Progress: 10700/142859
2026-03-13 04:18:08 [INFO]    >> [构图] Progress: 10800/142859
2026-03-13 04:18:08 [INFO]    >> [构图] Progress: 10900/142859
2026-03-13 04:18:08 [INFO]    >> [构图] Progress: 11000/142859
2026-03-13 04:18:08 [INFO]    >> [构图] Progress: 11100/142859
2026-03-13 04:18:08 [INFO]    >> [构图] Progress: 11200/142859
2026-03-13 04:18:08 [INFO]    >> [构图] Progress: 11300/142859
2026-03-13 04:18:08 [INFO]    >> [构图] Progress: 11400/142859
2026-03-13 04:18:09 [INFO]    >> [构图] Progress: 11500/142859
2026-03-13 04:18:09 [INFO]    >> [构图] Progress: 11600/142859
2026-03-13 04:18:09 [INFO]    >> [构图] Progress: 11700/142859
2026-03-13 04:18:09 [INFO]    >> [构图] Progress: 11800/142859
2026-03-13 04:18:09 [INFO]    >> [构图] Progress: 11900/142859
2026-03-13 04:18:09 [INFO]    >> [构图] Progress: 12000/142859
2026-03-13 04:18:09 [INFO]    >> [构图] Progress: 12100/142859
2026-03-13 04:18:09 [INFO]    >> [构图] Progress: 12200/142859
2026-03-13 04:18:09 [INFO]    >> [构图] Progress: 12300/142859
2026-03-13 04:18:09 [INFO]    >> [构图] Progress: 12400/142859
2026-03-13 04:18:09 [INFO]    >> [构图] Progress: 12500/142859
2026-03-13 04:18:09 [INFO]    >> [构图] Progress: 12600/142859
2026-03-13 04:18:09 [INFO]    >> [构图] Progress: 12700/142859
2026-03-13 04:18:09 [INFO]    >> [构图] Progress: 12800/142859
2026-03-13 04:18:09 [INFO]    >> [构图] Progress: 12900/142859
2026-03-13 04:18:09 [INFO]    >> [构图] Progress: 13000/142859
2026-03-13 04:18:09 [INFO]    >> [构图] Progress: 13100/142859
2026-03-13 04:18:09 [INFO]    >> [构图] Progress: 13200/142859
2026-03-13 04:18:09 [INFO]    >> [构图] Progress: 13300/142859
2026-03-13 04:18:09 [INFO]    >> [构图] Progress: 13400/142859
2026-03-13 04:18:09 [INFO]    >> [构图] Progress: 13500/142859
2026-03-13 04:18:09 [INFO]    >> [构图] Progress: 13600/142859
2026-03-13 04:18:09 [INFO]    >> [构图] Progress: 13700/142859
2026-03-13 04:18:09 [INFO]    >> [构图] Progress: 13800/142859
2026-03-13 04:18:10 [INFO]    >> [构图] Progress: 13900/142859
2026-03-13 04:18:10 [INFO]    >> [构图] Progress: 14000/142859
2026-03-13 04:18:10 [INFO]    >> [构图] Progress: 14100/142859
2026-03-13 04:18:10 [INFO]    >> [构图] Progress: 14200/142859
2026-03-13 04:18:10 [INFO]    >> [构图] Progress: 14300/142859
2026-03-13 04:18:10 [INFO]    >> [构图] Progress: 14400/142859
2026-03-13 04:18:10 [INFO]    >> [构图] Progress: 14500/142859
2026-03-13 04:18:10 [INFO]    >> [构图] Progress: 14600/142859
2026-03-13 04:18:10 [INFO]    >> [构图] Progress: 14700/142859
2026-03-13 04:18:10 [INFO]    >> [构图] Progress: 14800/142859
2026-03-13 04:18:10 [INFO]    >> [构图] Progress: 14900/142859
2026-03-13 04:18:10 [INFO]    >> [构图] Progress: 15000/142859
2026-03-13 04:18:10 [INFO]    >> [构图] Progress: 15100/142859
2026-03-13 04:18:10 [INFO]    >> [构图] Progress: 15200/142859
2026-03-13 04:18:10 [INFO]    >> [构图] Progress: 15300/142859
2026-03-13 04:18:10 [INFO]    >> [构图] Progress: 15400/142859
2026-03-13 04:18:10 [INFO]    >> [构图] Progress: 15500/142859
2026-03-13 04:18:10 [INFO]    >> [构图] Progress: 15600/142859
2026-03-13 04:18:10 [INFO]    >> [构图] Progress: 15700/142859
2026-03-13 04:18:11 [INFO]    >> [构图] Progress: 15800/142859
2026-03-13 04:18:11 [INFO]    >> [构图] Progress: 15900/142859
2026-03-13 04:18:11 [INFO]    >> [构图] Progress: 16000/142859
2026-03-13 04:18:11 [INFO]    >> [构图] Progress: 16100/142859
2026-03-13 04:18:11 [INFO]    >> [构图] Progress: 16200/142859
2026-03-13 04:18:11 [INFO]    >> [构图] Progress: 16300/142859
2026-03-13 04:18:11 [INFO]    >> [构图] Progress: 16400/142859
2026-03-13 04:18:11 [INFO]    >> [构图] Progress: 16500/142859
2026-03-13 04:18:11 [INFO]    >> [构图] Progress: 16600/142859
2026-03-13 04:18:11 [INFO]    >> [构图] Progress: 16700/142859
2026-03-13 04:18:11 [INFO]    >> [构图] Progress: 16800/142859
2026-03-13 04:18:11 [INFO]    >> [构图] Progress: 16900/142859
2026-03-13 04:18:11 [INFO]    >> [构图] Progress: 17000/142859
2026-03-13 04:18:11 [INFO]    >> [构图] Progress: 17100/142859
2026-03-13 04:18:11 [INFO]    >> [构图] Progress: 17200/142859
2026-03-13 04:18:11 [INFO]    >> [构图] Progress: 17300/142859
2026-03-13 04:18:11 [INFO]    >> [构图] Progress: 17400/142859
2026-03-13 04:18:11 [INFO]    >> [构图] Progress: 17500/142859
2026-03-13 04:18:11 [INFO]    >> [构图] Progress: 17600/142859
2026-03-13 04:18:11 [INFO]    >> [构图] Progress: 17700/142859
2026-03-13 04:18:11 [INFO]    >> [构图] Progress: 17800/142859
2026-03-13 04:18:12 [INFO]    >> [构图] Progress: 17900/142859
2026-03-13 04:18:12 [INFO]    >> [构图] Progress: 18000/142859
2026-03-13 04:18:12 [INFO]    >> [构图] Progress: 18100/142859
2026-03-13 04:18:12 [INFO]    >> [构图] Progress: 18200/142859
2026-03-13 04:18:12 [INFO]    >> [构图] Progress: 18300/142859
2026-03-13 04:18:12 [INFO]    >> [构图] Progress: 18400/142859
2026-03-13 04:18:12 [INFO]    >> [构图] Progress: 18500/142859
2026-03-13 04:18:12 [INFO]    >> [构图] Progress: 18600/142859
2026-03-13 04:18:12 [INFO]    >> [构图] Progress: 18700/142859
2026-03-13 04:18:12 [INFO]    >> [构图] Progress: 18800/142859
2026-03-13 04:18:12 [INFO]    >> [构图] Progress: 18900/142859
2026-03-13 04:18:12 [INFO]    >> [构图] Progress: 19000/142859
2026-03-13 04:18:12 [INFO]    >> [构图] Progress: 19100/142859
2026-03-13 04:18:12 [INFO]    >> [构图] Progress: 19200/142859
2026-03-13 04:18:12 [INFO]    >> [构图] Progress: 19300/142859
2026-03-13 04:18:12 [INFO]    >> [构图] Progress: 19400/142859
2026-03-13 04:18:12 [INFO]    >> [构图] Progress: 19500/142859
2026-03-13 04:18:12 [INFO]    >> [构图] Progress: 19600/142859
2026-03-13 04:18:12 [INFO]    >> [构图] Progress: 19700/142859
2026-03-13 04:18:12 [INFO]    >> [构图] Progress: 19800/142859
2026-03-13 04:18:12 [INFO]    >> [构图] Progress: 19900/142859
2026-03-13 04:18:12 [INFO]    >> [构图] Progress: 20000/142859
2026-03-13 04:18:12 [INFO]    >> [构图] Progress: 20100/142859
2026-03-13 04:18:12 [INFO]    >> [构图] Progress: 20200/142859
2026-03-13 04:18:12 [INFO]    >> [构图] Progress: 20300/142859
2026-03-13 04:18:13 [INFO]    >> [构图] Progress: 20400/142859
2026-03-13 04:18:13 [INFO]    >> [构图] Progress: 20500/142859
2026-03-13 04:18:13 [INFO]    >> [构图] Progress: 20600/142859
2026-03-13 04:18:13 [INFO]    >> [构图] Progress: 20700/142859
2026-03-13 04:18:13 [INFO]    >> [构图] Progress: 20800/142859
2026-03-13 04:18:13 [INFO]    >> [构图] Progress: 20900/142859
2026-03-13 04:18:13 [INFO]    >> [构图] Progress: 21000/142859
2026-03-13 04:18:13 [INFO]    >> [构图] Progress: 21100/142859
2026-03-13 04:18:13 [INFO]    >> [构图] Progress: 21200/142859
2026-03-13 04:18:13 [INFO]    >> [构图] Progress: 21300/142859
2026-03-13 04:18:13 [INFO]    >> [构图] Progress: 21400/142859
2026-03-13 04:18:13 [INFO]    >> [构图] Progress: 21500/142859
2026-03-13 04:18:13 [INFO]    >> [构图] Progress: 21600/142859
2026-03-13 04:18:13 [INFO]    >> [构图] Progress: 21700/142859
2026-03-13 04:18:13 [INFO]    >> [构图] Progress: 21800/142859
2026-03-13 04:18:13 [INFO]    >> [构图] Progress: 21900/142859
2026-03-13 04:18:13 [INFO]    >> [构图] Progress: 22000/142859
2026-03-13 04:18:13 [INFO]    >> [构图] Progress: 22100/142859
2026-03-13 04:18:13 [INFO]    >> [构图] Progress: 22200/142859
2026-03-13 04:18:13 [INFO]    >> [构图] Progress: 22300/142859
2026-03-13 04:18:14 [INFO]    >> [构图] Progress: 22400/142859
2026-03-13 04:18:14 [INFO]    >> [构图] Progress: 22500/142859
2026-03-13 04:18:14 [INFO]    >> [构图] Progress: 22600/142859
2026-03-13 04:18:14 [INFO]    >> [构图] Progress: 22700/142859
2026-03-13 04:18:14 [INFO]    >> [构图] Progress: 22800/142859
2026-03-13 04:18:14 [INFO]    >> [构图] Progress: 22900/142859
2026-03-13 04:18:14 [INFO]    >> [构图] Progress: 23000/142859
2026-03-13 04:18:14 [INFO]    >> [构图] Progress: 23100/142859
2026-03-13 04:18:14 [INFO]    >> [构图] Progress: 23200/142859
2026-03-13 04:18:14 [INFO]    >> [构图] Progress: 23300/142859
2026-03-13 04:18:14 [INFO]    >> [构图] Progress: 23400/142859
2026-03-13 04:18:14 [INFO]    >> [构图] Progress: 23500/142859
2026-03-13 04:18:14 [INFO]    >> [构图] Progress: 23600/142859
2026-03-13 04:18:14 [INFO]    >> [构图] Progress: 23700/142859
2026-03-13 04:18:14 [INFO]    >> [构图] Progress: 23800/142859
2026-03-13 04:18:14 [INFO]    >> [构图] Progress: 23900/142859
2026-03-13 04:18:14 [INFO]    >> [构图] Progress: 24000/142859
2026-03-13 04:18:14 [INFO]    >> [构图] Progress: 24100/142859
2026-03-13 04:18:14 [INFO]    >> [构图] Progress: 24200/142859
2026-03-13 04:18:14 [INFO]    >> [构图] Progress: 24300/142859
2026-03-13 04:18:14 [INFO]    >> [构图] Progress: 24400/142859
2026-03-13 04:18:14 [INFO]    >> [构图] Progress: 24500/142859
2026-03-13 04:18:14 [INFO]    >> [构图] Progress: 24600/142859
2026-03-13 04:18:14 [INFO]    >> [构图] Progress: 24700/142859
2026-03-13 04:18:14 [INFO]    >> [构图] Progress: 24800/142859
2026-03-13 04:18:14 [INFO]    >> [构图] Progress: 24900/142859
2026-03-13 04:18:14 [INFO]    >> [构图] Progress: 25000/142859
2026-03-13 04:18:15 [INFO]    >> [构图] Progress: 25100/142859
2026-03-13 04:18:15 [INFO]    >> [构图] Progress: 25200/142859
2026-03-13 04:18:15 [INFO]    >> [构图] Progress: 25300/142859
2026-03-13 04:18:15 [INFO]    >> [构图] Progress: 25400/142859
2026-03-13 04:18:15 [INFO]    >> [构图] Progress: 25500/142859
2026-03-13 04:18:15 [INFO]    >> [构图] Progress: 25600/142859
2026-03-13 04:18:15 [INFO]    >> [构图] Progress: 25700/142859
2026-03-13 04:18:15 [INFO]    >> [构图] Progress: 25800/142859
2026-03-13 04:18:15 [INFO]    >> [构图] Progress: 25900/142859
2026-03-13 04:18:15 [INFO]    >> [构图] Progress: 26000/142859
2026-03-13 04:18:15 [INFO]    >> [构图] Progress: 26100/142859
2026-03-13 04:18:15 [INFO]    >> [构图] Progress: 26200/142859
2026-03-13 04:18:15 [INFO]    >> [构图] Progress: 26300/142859
2026-03-13 04:18:15 [INFO]    >> [构图] Progress: 26400/142859
2026-03-13 04:18:15 [INFO]    >> [构图] Progress: 26500/142859
2026-03-13 04:18:15 [INFO]    >> [构图] Progress: 26600/142859
2026-03-13 04:18:15 [INFO]    >> [构图] Progress: 26700/142859
2026-03-13 04:18:15 [INFO]    >> [构图] Progress: 26800/142859
2026-03-13 04:18:15 [INFO]    >> [构图] Progress: 26900/142859
2026-03-13 04:18:15 [INFO]    >> [构图] Progress: 27000/142859
2026-03-13 04:18:15 [INFO]    >> [构图] Progress: 27100/142859
2026-03-13 04:18:15 [INFO]    >> [构图] Progress: 27200/142859
2026-03-13 04:18:15 [INFO]    >> [构图] Progress: 27300/142859
2026-03-13 04:18:15 [INFO]    >> [构图] Progress: 27400/142859
2026-03-13 04:18:15 [INFO]    >> [构图] Progress: 27500/142859
2026-03-13 04:18:15 [INFO]    >> [构图] Progress: 27600/142859
2026-03-13 04:18:16 [INFO]    >> [构图] Progress: 27700/142859
2026-03-13 04:18:16 [INFO]    >> [构图] Progress: 27800/142859
2026-03-13 04:18:16 [INFO]    >> [构图] Progress: 27900/142859
2026-03-13 04:18:16 [INFO]    >> [构图] Progress: 28000/142859
2026-03-13 04:18:16 [INFO]    >> [构图] Progress: 28100/142859
2026-03-13 04:18:16 [INFO]    >> [构图] Progress: 28200/142859
2026-03-13 04:18:16 [INFO]    >> [构图] Progress: 28300/142859
2026-03-13 04:18:16 [INFO]    >> [构图] Progress: 28400/142859
2026-03-13 04:18:16 [INFO]    >> [构图] Progress: 28500/142859
2026-03-13 04:18:16 [INFO]    >> [构图] Progress: 28600/142859
2026-03-13 04:18:16 [INFO]    >> [构图] Progress: 28700/142859
2026-03-13 04:18:16 [INFO]    >> [构图] Progress: 28800/142859
2026-03-13 04:18:16 [INFO]    >> [构图] Progress: 28900/142859
2026-03-13 04:18:16 [INFO]    >> [构图] Progress: 29000/142859
2026-03-13 04:18:16 [INFO]    >> [构图] Progress: 29100/142859
2026-03-13 04:18:16 [INFO]    >> [构图] Progress: 29200/142859
2026-03-13 04:18:16 [INFO]    >> [构图] Progress: 29300/142859
2026-03-13 04:18:16 [INFO]    >> [构图] Progress: 29400/142859
2026-03-13 04:18:16 [INFO]    >> [构图] Progress: 29500/142859
2026-03-13 04:18:17 [INFO]    >> [构图] Progress: 29600/142859
2026-03-13 04:18:17 [INFO]    >> [构图] Progress: 29700/142859
2026-03-13 04:18:17 [INFO]    >> [构图] Progress: 29800/142859
2026-03-13 04:18:17 [INFO]    >> [构图] Progress: 29900/142859
2026-03-13 04:18:17 [INFO]    >> [构图] Progress: 30000/142859
2026-03-13 04:18:17 [INFO]    >> [构图] Progress: 30100/142859
2026-03-13 04:18:17 [INFO]    >> [构图] Progress: 30200/142859
2026-03-13 04:18:17 [INFO]    >> [构图] Progress: 30300/142859
2026-03-13 04:18:17 [INFO]    >> [构图] Progress: 30400/142859
2026-03-13 04:18:17 [INFO]    >> [构图] Progress: 30500/142859
2026-03-13 04:18:17 [INFO]    >> [构图] Progress: 30600/142859
2026-03-13 04:18:17 [INFO]    >> [构图] Progress: 30700/142859
2026-03-13 04:18:17 [INFO]    >> [构图] Progress: 30800/142859
2026-03-13 04:18:17 [INFO]    >> [构图] Progress: 30900/142859
2026-03-13 04:18:17 [INFO]    >> [构图] Progress: 31000/142859
2026-03-13 04:18:17 [INFO]    >> [构图] Progress: 31100/142859
2026-03-13 04:18:17 [INFO]    >> [构图] Progress: 31200/142859
2026-03-13 04:18:17 [INFO]    >> [构图] Progress: 31300/142859
2026-03-13 04:18:18 [INFO]    >> [构图] Progress: 31400/142859
2026-03-13 04:18:18 [INFO]    >> [构图] Progress: 31500/142859
2026-03-13 04:18:18 [INFO]    >> [构图] Progress: 31600/142859
2026-03-13 04:18:18 [INFO]    >> [构图] Progress: 31700/142859
2026-03-13 04:18:18 [INFO]    >> [构图] Progress: 31800/142859
2026-03-13 04:18:18 [INFO]    >> [构图] Progress: 31900/142859
2026-03-13 04:18:18 [INFO]    >> [构图] Progress: 32000/142859
2026-03-13 04:18:18 [INFO]    >> [构图] Progress: 32100/142859
2026-03-13 04:18:18 [INFO]    >> [构图] Progress: 32200/142859
2026-03-13 04:18:18 [INFO]    >> [构图] Progress: 32300/142859
2026-03-13 04:18:18 [INFO]    >> [构图] Progress: 32400/142859
2026-03-13 04:18:18 [INFO]    >> [构图] Progress: 32500/142859
2026-03-13 04:18:18 [INFO]    >> [构图] Progress: 32600/142859
2026-03-13 04:18:18 [INFO]    >> [构图] Progress: 32700/142859
2026-03-13 04:18:18 [INFO]    >> [构图] Progress: 32800/142859
2026-03-13 04:18:18 [INFO]    >> [构图] Progress: 32900/142859
2026-03-13 04:18:18 [INFO]    >> [构图] Progress: 33000/142859
2026-03-13 04:18:18 [INFO]    >> [构图] Progress: 33100/142859
2026-03-13 04:18:18 [INFO]    >> [构图] Progress: 33200/142859
2026-03-13 04:18:19 [INFO]    >> [构图] Progress: 33300/142859
2026-03-13 04:18:19 [INFO]    >> [构图] Progress: 33400/142859
2026-03-13 04:18:19 [INFO]    >> [构图] Progress: 33500/142859
2026-03-13 04:18:19 [INFO]    >> [构图] Progress: 33600/142859
2026-03-13 04:18:19 [INFO]    >> [构图] Progress: 33700/142859
2026-03-13 04:18:19 [INFO]    >> [构图] Progress: 33800/142859
2026-03-13 04:18:19 [INFO]    >> [构图] Progress: 33900/142859
2026-03-13 04:18:19 [INFO]    >> [构图] Progress: 34000/142859
2026-03-13 04:18:19 [INFO]    >> [构图] Progress: 34100/142859
2026-03-13 04:18:19 [INFO]    >> [构图] Progress: 34200/142859
2026-03-13 04:18:19 [INFO]    >> [构图] Progress: 34300/142859
2026-03-13 04:18:19 [INFO]    >> [构图] Progress: 34400/142859
2026-03-13 04:18:19 [INFO]    >> [构图] Progress: 34500/142859
2026-03-13 04:18:19 [INFO]    >> [构图] Progress: 34600/142859
2026-03-13 04:18:19 [INFO]    >> [构图] Progress: 34700/142859
2026-03-13 04:18:19 [INFO]    >> [构图] Progress: 34800/142859
2026-03-13 04:18:19 [INFO]    >> [构图] Progress: 34900/142859
2026-03-13 04:18:19 [INFO]    >> [构图] Progress: 35000/142859
2026-03-13 04:18:20 [INFO]    >> [构图] Progress: 35100/142859
2026-03-13 04:18:20 [INFO]    >> [构图] Progress: 35200/142859
2026-03-13 04:18:20 [INFO]    >> [构图] Progress: 35300/142859
2026-03-13 04:18:20 [INFO]    >> [构图] Progress: 35400/142859
2026-03-13 04:18:20 [INFO]    >> [构图] Progress: 35500/142859
2026-03-13 04:18:20 [INFO]    >> [构图] Progress: 35600/142859
2026-03-13 04:18:20 [INFO]    >> [构图] Progress: 35700/142859
2026-03-13 04:18:20 [INFO]    >> [构图] Progress: 35800/142859
2026-03-13 04:18:20 [INFO]    >> [构图] Progress: 35900/142859
2026-03-13 04:18:20 [INFO]    >> [构图] Progress: 36000/142859
2026-03-13 04:18:20 [INFO]    >> [构图] Progress: 36100/142859
2026-03-13 04:18:20 [INFO]    >> [构图] Progress: 36200/142859
2026-03-13 04:18:20 [INFO]    >> [构图] Progress: 36300/142859
2026-03-13 04:18:20 [INFO]    >> [构图] Progress: 36400/142859
2026-03-13 04:18:20 [INFO]    >> [构图] Progress: 36500/142859
2026-03-13 04:18:20 [INFO]    >> [构图] Progress: 36600/142859
2026-03-13 04:18:20 [INFO]    >> [构图] Progress: 36700/142859
2026-03-13 04:18:21 [INFO]    >> [构图] Progress: 36800/142859
2026-03-13 04:18:21 [INFO]    >> [构图] Progress: 36900/142859
2026-03-13 04:18:21 [INFO]    >> [构图] Progress: 37000/142859
2026-03-13 04:18:21 [INFO]    >> [构图] Progress: 37100/142859
2026-03-13 04:18:21 [INFO]    >> [构图] Progress: 37200/142859
2026-03-13 04:18:21 [INFO]    >> [构图] Progress: 37300/142859
2026-03-13 04:18:21 [INFO]    >> [构图] Progress: 37400/142859
2026-03-13 04:18:21 [INFO]    >> [构图] Progress: 37500/142859
2026-03-13 04:18:21 [INFO]    >> [构图] Progress: 37600/142859
2026-03-13 04:18:21 [INFO]    >> [构图] Progress: 37700/142859
2026-03-13 04:18:21 [INFO]    >> [构图] Progress: 37800/142859
2026-03-13 04:18:21 [INFO]    >> [构图] Progress: 37900/142859
2026-03-13 04:18:21 [INFO]    >> [构图] Progress: 38000/142859
2026-03-13 04:18:21 [INFO]    >> [构图] Progress: 38100/142859
2026-03-13 04:18:21 [INFO]    >> [构图] Progress: 38200/142859
2026-03-13 04:18:21 [INFO]    >> [构图] Progress: 38300/142859
2026-03-13 04:18:21 [INFO]    >> [构图] Progress: 38400/142859
2026-03-13 04:18:22 [INFO]    >> [构图] Progress: 38500/142859
2026-03-13 04:18:22 [INFO]    >> [构图] Progress: 38600/142859
2026-03-13 04:18:22 [INFO]    >> [构图] Progress: 38700/142859
2026-03-13 04:18:22 [INFO]    >> [构图] Progress: 38800/142859
2026-03-13 04:18:22 [INFO]    >> [构图] Progress: 38900/142859
2026-03-13 04:18:22 [INFO]    >> [构图] Progress: 39000/142859
2026-03-13 04:18:22 [INFO]    >> [构图] Progress: 39100/142859
2026-03-13 04:18:22 [INFO]    >> [构图] Progress: 39200/142859
2026-03-13 04:18:22 [INFO]    >> [构图] Progress: 39300/142859
2026-03-13 04:18:22 [INFO]    >> [构图] Progress: 39400/142859
2026-03-13 04:18:22 [INFO]    >> [构图] Progress: 39500/142859
2026-03-13 04:18:22 [INFO]    >> [构图] Progress: 39600/142859
2026-03-13 04:18:22 [INFO]    >> [构图] Progress: 39700/142859
2026-03-13 04:18:22 [INFO]    >> [构图] Progress: 39800/142859
2026-03-13 04:18:22 [INFO]    >> [构图] Progress: 39900/142859
2026-03-13 04:18:22 [INFO]    >> [构图] Progress: 40000/142859
2026-03-13 04:18:22 [INFO]    >> [构图] Progress: 40100/142859
2026-03-13 04:18:22 [INFO]    >> [构图] Progress: 40200/142859
2026-03-13 04:18:22 [INFO]    >> [构图] Progress: 40300/142859
2026-03-13 04:18:22 [INFO]    >> [构图] Progress: 40400/142859
2026-03-13 04:18:22 [INFO]    >> [构图] Progress: 40500/142859
2026-03-13 04:18:22 [INFO]    >> [构图] Progress: 40600/142859
2026-03-13 04:18:23 [INFO]    >> [构图] Progress: 40700/142859
2026-03-13 04:18:23 [INFO]    >> [构图] Progress: 40800/142859
2026-03-13 04:18:23 [INFO]    >> [构图] Progress: 40900/142859
2026-03-13 04:18:23 [INFO]    >> [构图] Progress: 41000/142859
2026-03-13 04:18:23 [INFO]    >> [构图] Progress: 41100/142859
2026-03-13 04:18:23 [INFO]    >> [构图] Progress: 41200/142859
2026-03-13 04:18:23 [INFO]    >> [构图] Progress: 41300/142859
2026-03-13 04:18:23 [INFO]    >> [构图] Progress: 41400/142859
2026-03-13 04:18:23 [INFO]    >> [构图] Progress: 41500/142859
2026-03-13 04:18:23 [INFO]    >> [构图] Progress: 41600/142859
2026-03-13 04:18:23 [INFO]    >> [构图] Progress: 41700/142859
2026-03-13 04:18:23 [INFO]    >> [构图] Progress: 41800/142859
2026-03-13 04:18:23 [INFO]    >> [构图] Progress: 41900/142859
2026-03-13 04:18:23 [INFO]    >> [构图] Progress: 42000/142859
2026-03-13 04:18:23 [INFO]    >> [构图] Progress: 42100/142859
2026-03-13 04:18:23 [INFO]    >> [构图] Progress: 42200/142859
2026-03-13 04:18:23 [INFO]    >> [构图] Progress: 42300/142859
2026-03-13 04:18:23 [INFO]    >> [构图] Progress: 42400/142859
2026-03-13 04:18:23 [INFO]    >> [构图] Progress: 42500/142859
2026-03-13 04:18:23 [INFO]    >> [构图] Progress: 42600/142859
2026-03-13 04:18:23 [INFO]    >> [构图] Progress: 42700/142859
2026-03-13 04:18:23 [INFO]    >> [构图] Progress: 42800/142859
2026-03-13 04:18:23 [INFO]    >> [构图] Progress: 42900/142859
2026-03-13 04:18:23 [INFO]    >> [构图] Progress: 43000/142859
2026-03-13 04:18:23 [INFO]    >> [构图] Progress: 43100/142859
2026-03-13 04:18:23 [INFO]    >> [构图] Progress: 43200/142859
2026-03-13 04:18:24 [INFO]    >> [构图] Progress: 43300/142859
2026-03-13 04:18:24 [INFO]    >> [构图] Progress: 43400/142859
2026-03-13 04:18:24 [INFO]    >> [构图] Progress: 43500/142859
2026-03-13 04:18:24 [INFO]    >> [构图] Progress: 43600/142859
2026-03-13 04:18:24 [INFO]    >> [构图] Progress: 43700/142859
2026-03-13 04:18:24 [INFO]    >> [构图] Progress: 43800/142859
2026-03-13 04:18:24 [INFO]    >> [构图] Progress: 43900/142859
2026-03-13 04:18:24 [INFO]    >> [构图] Progress: 44000/142859
2026-03-13 04:18:24 [INFO]    >> [构图] Progress: 44100/142859
2026-03-13 04:18:24 [INFO]    >> [构图] Progress: 44200/142859
2026-03-13 04:18:24 [INFO]    >> [构图] Progress: 44300/142859
2026-03-13 04:18:24 [INFO]    >> [构图] Progress: 44400/142859
2026-03-13 04:18:24 [INFO]    >> [构图] Progress: 44500/142859
2026-03-13 04:18:24 [INFO]    >> [构图] Progress: 44600/142859
2026-03-13 04:18:24 [INFO]    >> [构图] Progress: 44700/142859
2026-03-13 04:18:24 [INFO]    >> [构图] Progress: 44800/142859
2026-03-13 04:18:24 [INFO]    >> [构图] Progress: 44900/142859
2026-03-13 04:18:24 [INFO]    >> [构图] Progress: 45000/142859
2026-03-13 04:18:24 [INFO]    >> [构图] Progress: 45100/142859
2026-03-13 04:18:25 [INFO]    >> [构图] Progress: 45200/142859
2026-03-13 04:18:25 [INFO]    >> [构图] Progress: 45300/142859
2026-03-13 04:18:25 [INFO]    >> [构图] Progress: 45400/142859
2026-03-13 04:18:25 [INFO]    >> [构图] Progress: 45500/142859
2026-03-13 04:18:25 [INFO]    >> [构图] Progress: 45600/142859
2026-03-13 04:18:25 [INFO]    >> [构图] Progress: 45700/142859
2026-03-13 04:18:25 [INFO]    >> [构图] Progress: 45800/142859
2026-03-13 04:18:25 [INFO]    >> [构图] Progress: 45900/142859
2026-03-13 04:18:25 [INFO]    >> [构图] Progress: 46000/142859
2026-03-13 04:18:25 [INFO]    >> [构图] Progress: 46100/142859
2026-03-13 04:18:25 [INFO]    >> [构图] Progress: 46200/142859
2026-03-13 04:18:25 [INFO]    >> [构图] Progress: 46300/142859
2026-03-13 04:18:25 [INFO]    >> [构图] Progress: 46400/142859
2026-03-13 04:18:25 [INFO]    >> [构图] Progress: 46500/142859
2026-03-13 04:18:25 [INFO]    >> [构图] Progress: 46600/142859
2026-03-13 04:18:25 [INFO]    >> [构图] Progress: 46700/142859
2026-03-13 04:18:25 [INFO]    >> [构图] Progress: 46800/142859
2026-03-13 04:18:25 [INFO]    >> [构图] Progress: 46900/142859
2026-03-13 04:18:25 [INFO]    >> [构图] Progress: 47000/142859
2026-03-13 04:18:26 [INFO]    >> [构图] Progress: 47100/142859
2026-03-13 04:18:26 [INFO]    >> [构图] Progress: 47200/142859
2026-03-13 04:18:26 [INFO]    >> [构图] Progress: 47300/142859
2026-03-13 04:18:26 [INFO]    >> [构图] Progress: 47400/142859
2026-03-13 04:18:26 [INFO]    >> [构图] Progress: 47500/142859
2026-03-13 04:18:26 [INFO]    >> [构图] Progress: 47600/142859
2026-03-13 04:18:26 [INFO]    >> [构图] Progress: 47700/142859
2026-03-13 04:18:26 [INFO]    >> [构图] Progress: 47800/142859
2026-03-13 04:18:26 [INFO]    >> [构图] Progress: 47900/142859
2026-03-13 04:18:26 [INFO]    >> [构图] Progress: 48000/142859
2026-03-13 04:18:26 [INFO]    >> [构图] Progress: 48100/142859
2026-03-13 04:18:26 [INFO]    >> [构图] Progress: 48200/142859
2026-03-13 04:18:26 [INFO]    >> [构图] Progress: 48300/142859
2026-03-13 04:18:26 [INFO]    >> [构图] Progress: 48400/142859
2026-03-13 04:18:26 [INFO]    >> [构图] Progress: 48500/142859
2026-03-13 04:18:26 [INFO]    >> [构图] Progress: 48600/142859
2026-03-13 04:18:26 [INFO]    >> [构图] Progress: 48700/142859
2026-03-13 04:18:27 [INFO]    >> [构图] Progress: 48800/142859
2026-03-13 04:18:27 [INFO]    >> [构图] Progress: 48900/142859
2026-03-13 04:18:27 [INFO]    >> [构图] Progress: 49000/142859
2026-03-13 04:18:27 [INFO]    >> [构图] Progress: 49100/142859
2026-03-13 04:18:27 [INFO]    >> [构图] Progress: 49200/142859
2026-03-13 04:18:27 [INFO]    >> [构图] Progress: 49300/142859
2026-03-13 04:18:27 [INFO]    >> [构图] Progress: 49400/142859
2026-03-13 04:18:27 [INFO]    >> [构图] Progress: 49500/142859
2026-03-13 04:18:27 [INFO]    >> [构图] Progress: 49600/142859
2026-03-13 04:18:27 [INFO]    >> [构图] Progress: 49700/142859
2026-03-13 04:18:27 [INFO]    >> [构图] Progress: 49800/142859
2026-03-13 04:18:27 [INFO]    >> [构图] Progress: 49900/142859
2026-03-13 04:18:27 [INFO]    >> [构图] Progress: 50000/142859
2026-03-13 04:18:27 [INFO]    >> [构图] Progress: 50100/142859
2026-03-13 04:18:27 [INFO]    >> [构图] Progress: 50200/142859
2026-03-13 04:18:27 [INFO]    >> [构图] Progress: 50300/142859
2026-03-13 04:18:27 [INFO]    >> [构图] Progress: 50400/142859
2026-03-13 04:18:28 [INFO]    >> [构图] Progress: 50500/142859
2026-03-13 04:18:28 [INFO]    >> [构图] Progress: 50600/142859
2026-03-13 04:18:28 [INFO]    >> [构图] Progress: 50700/142859
2026-03-13 04:18:28 [INFO]    >> [构图] Progress: 50800/142859
2026-03-13 04:18:28 [INFO]    >> [构图] Progress: 50900/142859
2026-03-13 04:18:28 [INFO]    >> [构图] Progress: 51000/142859
2026-03-13 04:18:28 [INFO]    >> [构图] Progress: 51100/142859
2026-03-13 04:18:28 [INFO]    >> [构图] Progress: 51200/142859
2026-03-13 04:18:28 [INFO]    >> [构图] Progress: 51300/142859
2026-03-13 04:18:28 [INFO]    >> [构图] Progress: 51400/142859
2026-03-13 04:18:28 [INFO]    >> [构图] Progress: 51500/142859
2026-03-13 04:18:28 [INFO]    >> [构图] Progress: 51600/142859
2026-03-13 04:18:28 [INFO]    >> [构图] Progress: 51700/142859
2026-03-13 04:18:28 [INFO]    >> [构图] Progress: 51800/142859
2026-03-13 04:18:28 [INFO]    >> [构图] Progress: 51900/142859
2026-03-13 04:18:28 [INFO]    >> [构图] Progress: 52000/142859
2026-03-13 04:18:28 [INFO]    >> [构图] Progress: 52100/142859
2026-03-13 04:18:28 [INFO]    >> [构图] Progress: 52200/142859
2026-03-13 04:18:29 [INFO]    >> [构图] Progress: 52300/142859
2026-03-13 04:18:29 [INFO]    >> [构图] Progress: 52400/142859
2026-03-13 04:18:29 [INFO]    >> [构图] Progress: 52500/142859
2026-03-13 04:18:29 [INFO]    >> [构图] Progress: 52600/142859
2026-03-13 04:18:29 [INFO]    >> [构图] Progress: 52700/142859
2026-03-13 04:18:29 [INFO]    >> [构图] Progress: 52800/142859
2026-03-13 04:18:29 [INFO]    >> [构图] Progress: 52900/142859
2026-03-13 04:18:29 [INFO]    >> [构图] Progress: 53000/142859
2026-03-13 04:18:29 [INFO]    >> [构图] Progress: 53100/142859
2026-03-13 04:18:29 [INFO]    >> [构图] Progress: 53200/142859
2026-03-13 04:18:29 [INFO]    >> [构图] Progress: 53300/142859
2026-03-13 04:18:29 [INFO]    >> [构图] Progress: 53400/142859
2026-03-13 04:18:29 [INFO]    >> [构图] Progress: 53500/142859
2026-03-13 04:18:29 [INFO]    >> [构图] Progress: 53600/142859
2026-03-13 04:18:29 [INFO]    >> [构图] Progress: 53700/142859
2026-03-13 04:18:29 [INFO]    >> [构图] Progress: 53800/142859
2026-03-13 04:18:29 [INFO]    >> [构图] Progress: 53900/142859
2026-03-13 04:18:29 [INFO]    >> [构图] Progress: 54000/142859
2026-03-13 04:18:29 [INFO]    >> [构图] Progress: 54100/142859
2026-03-13 04:18:30 [INFO]    >> [构图] Progress: 54200/142859
2026-03-13 04:18:30 [INFO]    >> [构图] Progress: 54300/142859
2026-03-13 04:18:30 [INFO]    >> [构图] Progress: 54400/142859
2026-03-13 04:18:30 [INFO]    >> [构图] Progress: 54500/142859
2026-03-13 04:18:30 [INFO]    >> [构图] Progress: 54600/142859
2026-03-13 04:18:30 [INFO]    >> [构图] Progress: 54700/142859
2026-03-13 04:18:30 [INFO]    >> [构图] Progress: 54800/142859
2026-03-13 04:18:30 [INFO]    >> [构图] Progress: 54900/142859
2026-03-13 04:18:30 [INFO]    >> [构图] Progress: 55000/142859
2026-03-13 04:18:30 [INFO]    >> [构图] Progress: 55100/142859
2026-03-13 04:18:30 [INFO]    >> [构图] Progress: 55200/142859
2026-03-13 04:18:30 [INFO]    >> [构图] Progress: 55300/142859
2026-03-13 04:18:30 [INFO]    >> [构图] Progress: 55400/142859
2026-03-13 04:18:30 [INFO]    >> [构图] Progress: 55500/142859
2026-03-13 04:18:30 [INFO]    >> [构图] Progress: 55600/142859
2026-03-13 04:18:30 [INFO]    >> [构图] Progress: 55700/142859
2026-03-13 04:18:30 [INFO]    >> [构图] Progress: 55800/142859
2026-03-13 04:18:30 [INFO]    >> [构图] Progress: 55900/142859
2026-03-13 04:18:30 [INFO]    >> [构图] Progress: 56000/142859
2026-03-13 04:18:31 [INFO]    >> [构图] Progress: 56100/142859
2026-03-13 04:18:31 [INFO]    >> [构图] Progress: 56200/142859
2026-03-13 04:18:31 [INFO]    >> [构图] Progress: 56300/142859
2026-03-13 04:18:31 [INFO]    >> [构图] Progress: 56400/142859
2026-03-13 04:18:31 [INFO]    >> [构图] Progress: 56500/142859
2026-03-13 04:18:31 [INFO]    >> [构图] Progress: 56600/142859
2026-03-13 04:18:31 [INFO]    >> [构图] Progress: 56700/142859
2026-03-13 04:18:31 [INFO]    >> [构图] Progress: 56800/142859
2026-03-13 04:18:31 [INFO]    >> [构图] Progress: 56900/142859
2026-03-13 04:18:31 [INFO]    >> [构图] Progress: 57000/142859
2026-03-13 04:18:31 [INFO]    >> [构图] Progress: 57100/142859
2026-03-13 04:18:31 [INFO]    >> [构图] Progress: 57200/142859
2026-03-13 04:18:31 [INFO]    >> [构图] Progress: 57300/142859
2026-03-13 04:18:31 [INFO]    >> [构图] Progress: 57400/142859
2026-03-13 04:18:31 [INFO]    >> [构图] Progress: 57500/142859
2026-03-13 04:18:31 [INFO]    >> [构图] Progress: 57600/142859
2026-03-13 04:18:32 [INFO]    >> [构图] Progress: 57700/142859
2026-03-13 04:18:32 [INFO]    >> [构图] Progress: 57800/142859
2026-03-13 04:18:32 [INFO]    >> [构图] Progress: 57900/142859
2026-03-13 04:18:32 [INFO]    >> [构图] Progress: 58000/142859
2026-03-13 04:18:32 [INFO]    >> [构图] Progress: 58100/142859
2026-03-13 04:18:32 [INFO]    >> [构图] Progress: 58200/142859
2026-03-13 04:18:32 [INFO]    >> [构图] Progress: 58300/142859
2026-03-13 04:18:32 [INFO]    >> [构图] Progress: 58400/142859
2026-03-13 04:18:32 [INFO]    >> [构图] Progress: 58500/142859
2026-03-13 04:18:32 [INFO]    >> [构图] Progress: 58600/142859
2026-03-13 04:18:32 [INFO]    >> [构图] Progress: 58700/142859
2026-03-13 04:18:32 [INFO]    >> [构图] Progress: 58800/142859
2026-03-13 04:18:32 [INFO]    >> [构图] Progress: 58900/142859
2026-03-13 04:18:32 [INFO]    >> [构图] Progress: 59000/142859
2026-03-13 04:18:32 [INFO]    >> [构图] Progress: 59100/142859
2026-03-13 04:18:32 [INFO]    >> [构图] Progress: 59200/142859
2026-03-13 04:18:33 [INFO]    >> [构图] Progress: 59300/142859
2026-03-13 04:18:33 [INFO]    >> [构图] Progress: 59400/142859
2026-03-13 04:18:33 [INFO]    >> [构图] Progress: 59500/142859
2026-03-13 04:18:33 [INFO]    >> [构图] Progress: 59600/142859
2026-03-13 04:18:33 [INFO]    >> [构图] Progress: 59700/142859
2026-03-13 04:18:33 [INFO]    >> [构图] Progress: 59800/142859
2026-03-13 04:18:33 [INFO]    >> [构图] Progress: 59900/142859
2026-03-13 04:18:33 [INFO]    >> [构图] Progress: 60000/142859
2026-03-13 04:18:33 [INFO]    >> [构图] Progress: 60100/142859
2026-03-13 04:18:33 [INFO]    >> [构图] Progress: 60200/142859
2026-03-13 04:18:33 [INFO]    >> [构图] Progress: 60300/142859
2026-03-13 04:18:33 [INFO]    >> [构图] Progress: 60400/142859
2026-03-13 04:18:33 [INFO]    >> [构图] Progress: 60500/142859
2026-03-13 04:18:33 [INFO]    >> [构图] Progress: 60600/142859
2026-03-13 04:18:33 [INFO]    >> [构图] Progress: 60700/142859
2026-03-13 04:18:33 [INFO]    >> [构图] Progress: 60800/142859
2026-03-13 04:18:33 [INFO]    >> [构图] Progress: 60900/142859
2026-03-13 04:18:34 [INFO]    >> [构图] Progress: 61000/142859
2026-03-13 04:18:34 [INFO]    >> [构图] Progress: 61100/142859
2026-03-13 04:18:34 [INFO]    >> [构图] Progress: 61200/142859
2026-03-13 04:18:34 [INFO]    >> [构图] Progress: 61300/142859
2026-03-13 04:18:34 [INFO]    >> [构图] Progress: 61400/142859
2026-03-13 04:18:34 [INFO]    >> [构图] Progress: 61500/142859
2026-03-13 04:18:34 [INFO]    >> [构图] Progress: 61600/142859
2026-03-13 04:18:34 [INFO]    >> [构图] Progress: 61700/142859
2026-03-13 04:18:34 [INFO]    >> [构图] Progress: 61800/142859
2026-03-13 04:18:34 [INFO]    >> [构图] Progress: 61900/142859
2026-03-13 04:18:34 [INFO]    >> [构图] Progress: 62000/142859
2026-03-13 04:18:34 [INFO]    >> [构图] Progress: 62100/142859
2026-03-13 04:18:34 [INFO]    >> [构图] Progress: 62200/142859
2026-03-13 04:18:34 [INFO]    >> [构图] Progress: 62300/142859
2026-03-13 04:18:34 [INFO]    >> [构图] Progress: 62400/142859
2026-03-13 04:18:34 [INFO]    >> [构图] Progress: 62500/142859
2026-03-13 04:18:34 [INFO]    >> [构图] Progress: 62600/142859
2026-03-13 04:18:34 [INFO]    >> [构图] Progress: 62700/142859
2026-03-13 04:18:34 [INFO]    >> [构图] Progress: 62800/142859
2026-03-13 04:18:34 [INFO]    >> [构图] Progress: 62900/142859
2026-03-13 04:18:35 [INFO]    >> [构图] Progress: 63000/142859
2026-03-13 04:18:35 [INFO]    >> [构图] Progress: 63100/142859
2026-03-13 04:18:35 [INFO]    >> [构图] Progress: 63200/142859
2026-03-13 04:18:35 [INFO]    >> [构图] Progress: 63300/142859
2026-03-13 04:18:35 [INFO]    >> [构图] Progress: 63400/142859
2026-03-13 04:18:35 [INFO]    >> [构图] Progress: 63500/142859
2026-03-13 04:18:35 [INFO]    >> [构图] Progress: 63600/142859
2026-03-13 04:18:35 [INFO]    >> [构图] Progress: 63700/142859
2026-03-13 04:18:35 [INFO]    >> [构图] Progress: 63800/142859
2026-03-13 04:18:35 [INFO]    >> [构图] Progress: 63900/142859
2026-03-13 04:18:35 [INFO]    >> [构图] Progress: 64000/142859
2026-03-13 04:18:35 [INFO]    >> [构图] Progress: 64100/142859
2026-03-13 04:18:35 [INFO]    >> [构图] Progress: 64200/142859
2026-03-13 04:18:35 [INFO]    >> [构图] Progress: 64300/142859
2026-03-13 04:18:35 [INFO]    >> [构图] Progress: 64400/142859
2026-03-13 04:18:35 [INFO]    >> [构图] Progress: 64500/142859
2026-03-13 04:18:35 [INFO]    >> [构图] Progress: 64600/142859
2026-03-13 04:18:35 [INFO]    >> [构图] Progress: 64700/142859
2026-03-13 04:18:35 [INFO]    >> [构图] Progress: 64800/142859
2026-03-13 04:18:35 [INFO]    >> [构图] Progress: 64900/142859
2026-03-13 04:18:35 [INFO]    >> [构图] Progress: 65000/142859
2026-03-13 04:18:35 [INFO]    >> [构图] Progress: 65100/142859
2026-03-13 04:18:35 [INFO]    >> [构图] Progress: 65200/142859
2026-03-13 04:18:36 [INFO]    >> [构图] Progress: 65300/142859
2026-03-13 04:18:36 [INFO]    >> [构图] Progress: 65400/142859
2026-03-13 04:18:36 [INFO]    >> [构图] Progress: 65500/142859
2026-03-13 04:18:36 [INFO]    >> [构图] Progress: 65600/142859
2026-03-13 04:18:36 [INFO]    >> [构图] Progress: 65700/142859
2026-03-13 04:18:36 [INFO]    >> [构图] Progress: 65800/142859
2026-03-13 04:18:36 [INFO]    >> [构图] Progress: 65900/142859
2026-03-13 04:18:36 [INFO]    >> [构图] Progress: 66000/142859
2026-03-13 04:18:36 [INFO]    >> [构图] Progress: 66100/142859
2026-03-13 04:18:36 [INFO]    >> [构图] Progress: 66200/142859
2026-03-13 04:18:36 [INFO]    >> [构图] Progress: 66300/142859
2026-03-13 04:18:36 [INFO]    >> [构图] Progress: 66400/142859
2026-03-13 04:18:36 [INFO]    >> [构图] Progress: 66500/142859
2026-03-13 04:18:36 [INFO]    >> [构图] Progress: 66600/142859
2026-03-13 04:18:36 [INFO]    >> [构图] Progress: 66700/142859
2026-03-13 04:18:36 [INFO]    >> [构图] Progress: 66800/142859
2026-03-13 04:18:36 [INFO]    >> [构图] Progress: 66900/142859
2026-03-13 04:18:36 [INFO]    >> [构图] Progress: 67000/142859
2026-03-13 04:18:36 [INFO]    >> [构图] Progress: 67100/142859
2026-03-13 04:18:36 [INFO]    >> [构图] Progress: 67200/142859
2026-03-13 04:18:37 [INFO]    >> [构图] Progress: 67300/142859
2026-03-13 04:18:37 [INFO]    >> [构图] Progress: 67400/142859
2026-03-13 04:18:37 [INFO]    >> [构图] Progress: 67500/142859
2026-03-13 04:18:37 [INFO]    >> [构图] Progress: 67600/142859
2026-03-13 04:18:37 [INFO]    >> [构图] Progress: 67700/142859
2026-03-13 04:18:37 [INFO]    >> [构图] Progress: 67800/142859
2026-03-13 04:18:37 [INFO]    >> [构图] Progress: 67900/142859
2026-03-13 04:18:37 [INFO]    >> [构图] Progress: 68000/142859
2026-03-13 04:18:37 [INFO]    >> [构图] Progress: 68100/142859
2026-03-13 04:18:37 [INFO]    >> [构图] Progress: 68200/142859
2026-03-13 04:18:37 [INFO]    >> [构图] Progress: 68300/142859
2026-03-13 04:18:37 [INFO]    >> [构图] Progress: 68400/142859
2026-03-13 04:18:37 [INFO]    >> [构图] Progress: 68500/142859
2026-03-13 04:18:37 [INFO]    >> [构图] Progress: 68600/142859
2026-03-13 04:18:37 [INFO]    >> [构图] Progress: 68700/142859
2026-03-13 04:18:37 [INFO]    >> [构图] Progress: 68800/142859
2026-03-13 04:18:37 [INFO]    >> [构图] Progress: 68900/142859
2026-03-13 04:18:37 [INFO]    >> [构图] Progress: 69000/142859
2026-03-13 04:18:37 [INFO]    >> [构图] Progress: 69100/142859
2026-03-13 04:18:37 [INFO]    >> [构图] Progress: 69200/142859
2026-03-13 04:18:38 [INFO]    >> [构图] Progress: 69300/142859
2026-03-13 04:18:38 [INFO]    >> [构图] Progress: 69400/142859
2026-03-13 04:18:38 [INFO]    >> [构图] Progress: 69500/142859
2026-03-13 04:18:38 [INFO]    >> [构图] Progress: 69600/142859
2026-03-13 04:18:38 [INFO]    >> [构图] Progress: 69700/142859
2026-03-13 04:18:38 [INFO]    >> [构图] Progress: 69800/142859
2026-03-13 04:18:38 [INFO]    >> [构图] Progress: 69900/142859
2026-03-13 04:18:38 [INFO]    >> [构图] Progress: 70000/142859
2026-03-13 04:18:38 [INFO]    >> [构图] Progress: 70100/142859
2026-03-13 04:18:38 [INFO]    >> [构图] Progress: 70200/142859
2026-03-13 04:18:38 [INFO]    >> [构图] Progress: 70300/142859
2026-03-13 04:18:38 [INFO]    >> [构图] Progress: 70400/142859
2026-03-13 04:18:38 [INFO]    >> [构图] Progress: 70500/142859
2026-03-13 04:18:38 [INFO]    >> [构图] Progress: 70600/142859
2026-03-13 04:18:38 [INFO]    >> [构图] Progress: 70700/142859
2026-03-13 04:18:38 [INFO]    >> [构图] Progress: 70800/142859
2026-03-13 04:18:39 [INFO]    >> [构图] Progress: 70900/142859
2026-03-13 04:18:39 [INFO]    >> [构图] Progress: 71000/142859
2026-03-13 04:18:39 [INFO]    >> [构图] Progress: 71100/142859
2026-03-13 04:18:39 [INFO]    >> [构图] Progress: 71200/142859
2026-03-13 04:18:39 [INFO]    >> [构图] Progress: 71300/142859
2026-03-13 04:18:39 [INFO]    >> [构图] Progress: 71400/142859
2026-03-13 04:18:39 [INFO]    >> [构图] Progress: 71500/142859
2026-03-13 04:18:39 [INFO]    >> [构图] Progress: 71600/142859
2026-03-13 04:18:39 [INFO]    >> [构图] Progress: 71700/142859
2026-03-13 04:18:39 [INFO]    >> [构图] Progress: 71800/142859
2026-03-13 04:18:39 [INFO]    >> [构图] Progress: 71900/142859
2026-03-13 04:18:39 [INFO]    >> [构图] Progress: 72000/142859
2026-03-13 04:18:39 [INFO]    >> [构图] Progress: 72100/142859
2026-03-13 04:18:39 [INFO]    >> [构图] Progress: 72200/142859
2026-03-13 04:18:39 [INFO]    >> [构图] Progress: 72300/142859
2026-03-13 04:18:39 [INFO]    >> [构图] Progress: 72400/142859
2026-03-13 04:18:40 [INFO]    >> [构图] Progress: 72500/142859
2026-03-13 04:18:40 [INFO]    >> [构图] Progress: 72600/142859
2026-03-13 04:18:40 [INFO]    >> [构图] Progress: 72700/142859
2026-03-13 04:18:40 [INFO]    >> [构图] Progress: 72800/142859
2026-03-13 04:18:40 [INFO]    >> [构图] Progress: 72900/142859
2026-03-13 04:18:40 [INFO]    >> [构图] Progress: 73000/142859
2026-03-13 04:18:40 [INFO]    >> [构图] Progress: 73100/142859
2026-03-13 04:18:40 [INFO]    >> [构图] Progress: 73200/142859
2026-03-13 04:18:40 [INFO]    >> [构图] Progress: 73300/142859
2026-03-13 04:18:40 [INFO]    >> [构图] Progress: 73400/142859
2026-03-13 04:18:40 [INFO]    >> [构图] Progress: 73500/142859
2026-03-13 04:18:40 [INFO]    >> [构图] Progress: 73600/142859
2026-03-13 04:18:40 [INFO]    >> [构图] Progress: 73700/142859
2026-03-13 04:18:40 [INFO]    >> [构图] Progress: 73800/142859
2026-03-13 04:18:40 [INFO]    >> [构图] Progress: 73900/142859
2026-03-13 04:18:40 [INFO]    >> [构图] Progress: 74000/142859
2026-03-13 04:18:40 [INFO]    >> [构图] Progress: 74100/142859
2026-03-13 04:18:40 [INFO]    >> [构图] Progress: 74200/142859
2026-03-13 04:18:41 [INFO]    >> [构图] Progress: 74300/142859
2026-03-13 04:18:41 [INFO]    >> [构图] Progress: 74400/142859
2026-03-13 04:18:41 [INFO]    >> [构图] Progress: 74500/142859
2026-03-13 04:18:41 [INFO]    >> [构图] Progress: 74600/142859
2026-03-13 04:18:41 [INFO]    >> [构图] Progress: 74700/142859
2026-03-13 04:18:41 [INFO]    >> [构图] Progress: 74800/142859
2026-03-13 04:18:41 [INFO]    >> [构图] Progress: 74900/142859
2026-03-13 04:18:41 [INFO]    >> [构图] Progress: 75000/142859
2026-03-13 04:18:41 [INFO]    >> [构图] Progress: 75100/142859
2026-03-13 04:18:41 [INFO]    >> [构图] Progress: 75200/142859
2026-03-13 04:18:41 [INFO]    >> [构图] Progress: 75300/142859
2026-03-13 04:18:41 [INFO]    >> [构图] Progress: 75400/142859
2026-03-13 04:18:41 [INFO]    >> [构图] Progress: 75500/142859
2026-03-13 04:18:41 [INFO]    >> [构图] Progress: 75600/142859
2026-03-13 04:18:41 [INFO]    >> [构图] Progress: 75700/142859
2026-03-13 04:18:41 [INFO]    >> [构图] Progress: 75800/142859
2026-03-13 04:18:41 [INFO]    >> [构图] Progress: 75900/142859
2026-03-13 04:18:41 [INFO]    >> [构图] Progress: 76000/142859
2026-03-13 04:18:42 [INFO]    >> [构图] Progress: 76100/142859
2026-03-13 04:18:42 [INFO]    >> [构图] Progress: 76200/142859
2026-03-13 04:18:42 [INFO]    >> [构图] Progress: 76300/142859
2026-03-13 04:18:42 [INFO]    >> [构图] Progress: 76400/142859
2026-03-13 04:18:42 [INFO]    >> [构图] Progress: 76500/142859
2026-03-13 04:18:42 [INFO]    >> [构图] Progress: 76600/142859
2026-03-13 04:18:42 [INFO]    >> [构图] Progress: 76700/142859
2026-03-13 04:18:42 [INFO]    >> [构图] Progress: 76800/142859
2026-03-13 04:18:42 [INFO]    >> [构图] Progress: 76900/142859
2026-03-13 04:18:42 [INFO]    >> [构图] Progress: 77000/142859
2026-03-13 04:18:42 [INFO]    >> [构图] Progress: 77100/142859
2026-03-13 04:18:42 [INFO]    >> [构图] Progress: 77200/142859
2026-03-13 04:18:42 [INFO]    >> [构图] Progress: 77300/142859
2026-03-13 04:18:42 [INFO]    >> [构图] Progress: 77400/142859
2026-03-13 04:18:42 [INFO]    >> [构图] Progress: 77500/142859
2026-03-13 04:18:42 [INFO]    >> [构图] Progress: 77600/142859
2026-03-13 04:18:43 [INFO]    >> [构图] Progress: 77700/142859
2026-03-13 04:18:43 [INFO]    >> [构图] Progress: 77800/142859
2026-03-13 04:18:43 [INFO]    >> [构图] Progress: 77900/142859
2026-03-13 04:18:43 [INFO]    >> [构图] Progress: 78000/142859
2026-03-13 04:18:43 [INFO]    >> [构图] Progress: 78100/142859
2026-03-13 04:18:43 [INFO]    >> [构图] Progress: 78200/142859
2026-03-13 04:18:43 [INFO]    >> [构图] Progress: 78300/142859
2026-03-13 04:18:43 [INFO]    >> [构图] Progress: 78400/142859
2026-03-13 04:18:43 [INFO]    >> [构图] Progress: 78500/142859
2026-03-13 04:18:43 [INFO]    >> [构图] Progress: 78600/142859
2026-03-13 04:18:43 [INFO]    >> [构图] Progress: 78700/142859
2026-03-13 04:18:43 [INFO]    >> [构图] Progress: 78800/142859
2026-03-13 04:18:43 [INFO]    >> [构图] Progress: 78900/142859
2026-03-13 04:18:43 [INFO]    >> [构图] Progress: 79000/142859
2026-03-13 04:18:43 [INFO]    >> [构图] Progress: 79100/142859
2026-03-13 04:18:43 [INFO]    >> [构图] Progress: 79200/142859
2026-03-13 04:18:43 [INFO]    >> [构图] Progress: 79300/142859
2026-03-13 04:18:43 [INFO]    >> [构图] Progress: 79400/142859
2026-03-13 04:18:44 [INFO]    >> [构图] Progress: 79500/142859
2026-03-13 04:18:44 [INFO]    >> [构图] Progress: 79600/142859
2026-03-13 04:18:44 [INFO]    >> [构图] Progress: 79700/142859
2026-03-13 04:18:44 [INFO]    >> [构图] Progress: 79800/142859
2026-03-13 04:18:44 [INFO]    >> [构图] Progress: 79900/142859
2026-03-13 04:18:44 [INFO]    >> [构图] Progress: 80000/142859
2026-03-13 04:18:44 [INFO]    >> [构图] Progress: 80100/142859
2026-03-13 04:18:44 [INFO]    >> [构图] Progress: 80200/142859
2026-03-13 04:18:44 [INFO]    >> [构图] Progress: 80300/142859
2026-03-13 04:18:44 [INFO]    >> [构图] Progress: 80400/142859
2026-03-13 04:18:44 [INFO]    >> [构图] Progress: 80500/142859
2026-03-13 04:18:44 [INFO]    >> [构图] Progress: 80600/142859
2026-03-13 04:18:44 [INFO]    >> [构图] Progress: 80700/142859
2026-03-13 04:18:44 [INFO]    >> [构图] Progress: 80800/142859
2026-03-13 04:18:44 [INFO]    >> [构图] Progress: 80900/142859
2026-03-13 04:18:44 [INFO]    >> [构图] Progress: 81000/142859
2026-03-13 04:18:44 [INFO]    >> [构图] Progress: 81100/142859
2026-03-13 04:18:44 [INFO]    >> [构图] Progress: 81200/142859
2026-03-13 04:18:44 [INFO]    >> [构图] Progress: 81300/142859
2026-03-13 04:18:44 [INFO]    >> [构图] Progress: 81400/142859
2026-03-13 04:18:44 [INFO]    >> [构图] Progress: 81500/142859
2026-03-13 04:18:44 [INFO]    >> [构图] Progress: 81600/142859
2026-03-13 04:18:44 [INFO]    >> [构图] Progress: 81700/142859
2026-03-13 04:18:45 [INFO]    >> [构图] Progress: 81800/142859
2026-03-13 04:18:45 [INFO]    >> [构图] Progress: 81900/142859
2026-03-13 04:18:45 [INFO]    >> [构图] Progress: 82000/142859
2026-03-13 04:18:45 [INFO]    >> [构图] Progress: 82100/142859
2026-03-13 04:18:45 [INFO]    >> [构图] Progress: 82200/142859
2026-03-13 04:18:45 [INFO]    >> [构图] Progress: 82300/142859
2026-03-13 04:18:45 [INFO]    >> [构图] Progress: 82400/142859
2026-03-13 04:18:45 [INFO]    >> [构图] Progress: 82500/142859
2026-03-13 04:18:45 [INFO]    >> [构图] Progress: 82600/142859
2026-03-13 04:18:45 [INFO]    >> [构图] Progress: 82700/142859
2026-03-13 04:18:45 [INFO]    >> [构图] Progress: 82800/142859
2026-03-13 04:18:45 [INFO]    >> [构图] Progress: 82900/142859
2026-03-13 04:18:45 [INFO]    >> [构图] Progress: 83000/142859
2026-03-13 04:18:45 [INFO]    >> [构图] Progress: 83100/142859
2026-03-13 04:18:45 [INFO]    >> [构图] Progress: 83200/142859
2026-03-13 04:18:45 [INFO]    >> [构图] Progress: 83300/142859
2026-03-13 04:18:45 [INFO]    >> [构图] Progress: 83400/142859
2026-03-13 04:18:45 [INFO]    >> [构图] Progress: 83500/142859
2026-03-13 04:18:45 [INFO]    >> [构图] Progress: 83600/142859
2026-03-13 04:18:45 [INFO]    >> [构图] Progress: 83700/142859
2026-03-13 04:18:46 [INFO]    >> [构图] Progress: 83800/142859
2026-03-13 04:18:46 [INFO]    >> [构图] Progress: 83900/142859
2026-03-13 04:18:46 [INFO]    >> [构图] Progress: 84000/142859
2026-03-13 04:18:46 [INFO]    >> [构图] Progress: 84100/142859
2026-03-13 04:18:46 [INFO]    >> [构图] Progress: 84200/142859
2026-03-13 04:18:46 [INFO]    >> [构图] Progress: 84300/142859
2026-03-13 04:18:46 [INFO]    >> [构图] Progress: 84400/142859
2026-03-13 04:18:46 [INFO]    >> [构图] Progress: 84500/142859
2026-03-13 04:18:46 [INFO]    >> [构图] Progress: 84600/142859
2026-03-13 04:18:46 [INFO]    >> [构图] Progress: 84700/142859
2026-03-13 04:18:46 [INFO]    >> [构图] Progress: 84800/142859
2026-03-13 04:18:46 [INFO]    >> [构图] Progress: 84900/142859
2026-03-13 04:18:46 [INFO]    >> [构图] Progress: 85000/142859
2026-03-13 04:18:46 [INFO]    >> [构图] Progress: 85100/142859
2026-03-13 04:18:46 [INFO]    >> [构图] Progress: 85200/142859
2026-03-13 04:18:46 [INFO]    >> [构图] Progress: 85300/142859
2026-03-13 04:18:46 [INFO]    >> [构图] Progress: 85400/142859
2026-03-13 04:18:46 [INFO]    >> [构图] Progress: 85500/142859
2026-03-13 04:18:47 [INFO]    >> [构图] Progress: 85600/142859
2026-03-13 04:18:47 [INFO]    >> [构图] Progress: 85700/142859
2026-03-13 04:18:47 [INFO]    >> [构图] Progress: 85800/142859
2026-03-13 04:18:47 [INFO]    >> [构图] Progress: 85900/142859
2026-03-13 04:18:47 [INFO]    >> [构图] Progress: 86000/142859
2026-03-13 04:18:47 [INFO]    >> [构图] Progress: 86100/142859
2026-03-13 04:18:47 [INFO]    >> [构图] Progress: 86200/142859
2026-03-13 04:18:47 [INFO]    >> [构图] Progress: 86300/142859
2026-03-13 04:18:47 [INFO]    >> [构图] Progress: 86400/142859
2026-03-13 04:18:47 [INFO]    >> [构图] Progress: 86500/142859
2026-03-13 04:18:47 [INFO]    >> [构图] Progress: 86600/142859
2026-03-13 04:18:47 [INFO]    >> [构图] Progress: 86700/142859
2026-03-13 04:18:47 [INFO]    >> [构图] Progress: 86800/142859
2026-03-13 04:18:47 [INFO]    >> [构图] Progress: 86900/142859
2026-03-13 04:18:47 [INFO]    >> [构图] Progress: 87000/142859
2026-03-13 04:18:47 [INFO]    >> [构图] Progress: 87100/142859
2026-03-13 04:18:47 [INFO]    >> [构图] Progress: 87200/142859
2026-03-13 04:18:47 [INFO]    >> [构图] Progress: 87300/142859
2026-03-13 04:18:48 [INFO]    >> [构图] Progress: 87400/142859
2026-03-13 04:18:48 [INFO]    >> [构图] Progress: 87500/142859
2026-03-13 04:18:48 [INFO]    >> [构图] Progress: 87600/142859
2026-03-13 04:18:48 [INFO]    >> [构图] Progress: 87700/142859
2026-03-13 04:18:48 [INFO]    >> [构图] Progress: 87800/142859
2026-03-13 04:18:48 [INFO]    >> [构图] Progress: 87900/142859
2026-03-13 04:18:48 [INFO]    >> [构图] Progress: 88000/142859
2026-03-13 04:18:48 [INFO]    >> [构图] Progress: 88100/142859
2026-03-13 04:18:48 [INFO]    >> [构图] Progress: 88200/142859
2026-03-13 04:18:48 [INFO]    >> [构图] Progress: 88300/142859
2026-03-13 04:18:48 [INFO]    >> [构图] Progress: 88400/142859
2026-03-13 04:18:48 [INFO]    >> [构图] Progress: 88500/142859
2026-03-13 04:18:48 [INFO]    >> [构图] Progress: 88600/142859
2026-03-13 04:18:48 [INFO]    >> [构图] Progress: 88700/142859
2026-03-13 04:18:48 [INFO]    >> [构图] Progress: 88800/142859
2026-03-13 04:18:48 [INFO]    >> [构图] Progress: 88900/142859
2026-03-13 04:18:48 [INFO]    >> [构图] Progress: 89000/142859
2026-03-13 04:18:48 [INFO]    >> [构图] Progress: 89100/142859
2026-03-13 04:18:49 [INFO]    >> [构图] Progress: 89200/142859
2026-03-13 04:18:49 [INFO]    >> [构图] Progress: 89300/142859
2026-03-13 04:18:49 [INFO]    >> [构图] Progress: 89400/142859
2026-03-13 04:18:49 [INFO]    >> [构图] Progress: 89500/142859
2026-03-13 04:18:49 [INFO]    >> [构图] Progress: 89600/142859
2026-03-13 04:18:49 [INFO]    >> [构图] Progress: 89700/142859
2026-03-13 04:18:49 [INFO]    >> [构图] Progress: 89800/142859
2026-03-13 04:18:49 [INFO]    >> [构图] Progress: 89900/142859
2026-03-13 04:18:49 [INFO]    >> [构图] Progress: 90000/142859
2026-03-13 04:18:49 [INFO]    >> [构图] Progress: 90100/142859
2026-03-13 04:18:49 [INFO]    >> [构图] Progress: 90200/142859
2026-03-13 04:18:49 [INFO]    >> [构图] Progress: 90300/142859
2026-03-13 04:18:49 [INFO]    >> [构图] Progress: 90400/142859
2026-03-13 04:18:49 [INFO]    >> [构图] Progress: 90500/142859
2026-03-13 04:18:49 [INFO]    >> [构图] Progress: 90600/142859
2026-03-13 04:18:49 [INFO]    >> [构图] Progress: 90700/142859
2026-03-13 04:18:49 [INFO]    >> [构图] Progress: 90800/142859
2026-03-13 04:18:49 [INFO]    >> [构图] Progress: 90900/142859
2026-03-13 04:18:49 [INFO]    >> [构图] Progress: 91000/142859
2026-03-13 04:18:50 [INFO]    >> [构图] Progress: 91100/142859
2026-03-13 04:18:50 [INFO]    >> [构图] Progress: 91200/142859
2026-03-13 04:18:50 [INFO]    >> [构图] Progress: 91300/142859
2026-03-13 04:18:50 [INFO]    >> [构图] Progress: 91400/142859
2026-03-13 04:18:50 [INFO]    >> [构图] Progress: 91500/142859
2026-03-13 04:18:50 [INFO]    >> [构图] Progress: 91600/142859
2026-03-13 04:18:50 [INFO]    >> [构图] Progress: 91700/142859
2026-03-13 04:18:50 [INFO]    >> [构图] Progress: 91800/142859
2026-03-13 04:18:50 [INFO]    >> [构图] Progress: 91900/142859
2026-03-13 04:18:50 [INFO]    >> [构图] Progress: 92000/142859
2026-03-13 04:18:50 [INFO]    >> [构图] Progress: 92100/142859
2026-03-13 04:18:50 [INFO]    >> [构图] Progress: 92200/142859
2026-03-13 04:18:50 [INFO]    >> [构图] Progress: 92300/142859
2026-03-13 04:18:50 [INFO]    >> [构图] Progress: 92400/142859
2026-03-13 04:18:50 [INFO]    >> [构图] Progress: 92500/142859
2026-03-13 04:18:50 [INFO]    >> [构图] Progress: 92600/142859
2026-03-13 04:18:50 [INFO]    >> [构图] Progress: 92700/142859
2026-03-13 04:18:51 [INFO]    >> [构图] Progress: 92800/142859
2026-03-13 04:18:51 [INFO]    >> [构图] Progress: 92900/142859
2026-03-13 04:18:51 [INFO]    >> [构图] Progress: 93000/142859
2026-03-13 04:18:51 [INFO]    >> [构图] Progress: 93100/142859
2026-03-13 04:18:51 [INFO]    >> [构图] Progress: 93200/142859
2026-03-13 04:18:51 [INFO]    >> [构图] Progress: 93300/142859
2026-03-13 04:18:51 [INFO]    >> [构图] Progress: 93400/142859
2026-03-13 04:18:51 [INFO]    >> [构图] Progress: 93500/142859
2026-03-13 04:18:51 [INFO]    >> [构图] Progress: 93600/142859
2026-03-13 04:18:51 [INFO]    >> [构图] Progress: 93700/142859
2026-03-13 04:18:51 [INFO]    >> [构图] Progress: 93800/142859
2026-03-13 04:18:51 [INFO]    >> [构图] Progress: 93900/142859
2026-03-13 04:18:51 [INFO]    >> [构图] Progress: 94000/142859
2026-03-13 04:18:51 [INFO]    >> [构图] Progress: 94100/142859
2026-03-13 04:18:51 [INFO]    >> [构图] Progress: 94200/142859
2026-03-13 04:18:51 [INFO]    >> [构图] Progress: 94300/142859
2026-03-13 04:18:51 [INFO]    >> [构图] Progress: 94400/142859
2026-03-13 04:18:51 [INFO]    >> [构图] Progress: 94500/142859
2026-03-13 04:18:52 [INFO]    >> [构图] Progress: 94600/142859
2026-03-13 04:18:52 [INFO]    >> [构图] Progress: 94700/142859
2026-03-13 04:18:52 [INFO]    >> [构图] Progress: 94800/142859
2026-03-13 04:18:52 [INFO]    >> [构图] Progress: 94900/142859
2026-03-13 04:18:52 [INFO]    >> [构图] Progress: 95000/142859
2026-03-13 04:18:52 [INFO]    >> [构图] Progress: 95100/142859
2026-03-13 04:18:52 [INFO]    >> [构图] Progress: 95200/142859
2026-03-13 04:18:52 [INFO]    >> [构图] Progress: 95300/142859
2026-03-13 04:18:52 [INFO]    >> [构图] Progress: 95400/142859
2026-03-13 04:18:52 [INFO]    >> [构图] Progress: 95500/142859
2026-03-13 04:18:52 [INFO]    >> [构图] Progress: 95600/142859
2026-03-13 04:18:52 [INFO]    >> [构图] Progress: 95700/142859
2026-03-13 04:18:52 [INFO]    >> [构图] Progress: 95800/142859
2026-03-13 04:18:52 [INFO]    >> [构图] Progress: 95900/142859
2026-03-13 04:18:52 [INFO]    >> [构图] Progress: 96000/142859
2026-03-13 04:18:52 [INFO]    >> [构图] Progress: 96100/142859
2026-03-13 04:18:52 [INFO]    >> [构图] Progress: 96200/142859
2026-03-13 04:18:52 [INFO]    >> [构图] Progress: 96300/142859
2026-03-13 04:18:52 [INFO]    >> [构图] Progress: 96400/142859
2026-03-13 04:18:52 [INFO]    >> [构图] Progress: 96500/142859
2026-03-13 04:18:53 [INFO]    >> [构图] Progress: 96600/142859
2026-03-13 04:18:53 [INFO]    >> [构图] Progress: 96700/142859
2026-03-13 04:18:53 [INFO]    >> [构图] Progress: 96800/142859
2026-03-13 04:18:53 [INFO]    >> [构图] Progress: 96900/142859
2026-03-13 04:18:53 [INFO]    >> [构图] Progress: 97000/142859
2026-03-13 04:18:53 [INFO]    >> [构图] Progress: 97100/142859
2026-03-13 04:18:53 [INFO]    >> [构图] Progress: 97200/142859
2026-03-13 04:18:53 [INFO]    >> [构图] Progress: 97300/142859
2026-03-13 04:18:53 [INFO]    >> [构图] Progress: 97400/142859
2026-03-13 04:18:53 [INFO]    >> [构图] Progress: 97500/142859
2026-03-13 04:18:53 [INFO]    >> [构图] Progress: 97600/142859
2026-03-13 04:18:53 [INFO]    >> [构图] Progress: 97700/142859
2026-03-13 04:18:53 [INFO]    >> [构图] Progress: 97800/142859
2026-03-13 04:18:53 [INFO]    >> [构图] Progress: 97900/142859
2026-03-13 04:18:53 [INFO]    >> [构图] Progress: 98000/142859
2026-03-13 04:18:53 [INFO]    >> [构图] Progress: 98100/142859
2026-03-13 04:18:53 [INFO]    >> [构图] Progress: 98200/142859
2026-03-13 04:18:53 [INFO]    >> [构图] Progress: 98300/142859
2026-03-13 04:18:53 [INFO]    >> [构图] Progress: 98400/142859
2026-03-13 04:18:53 [INFO]    >> [构图] Progress: 98500/142859
2026-03-13 04:18:54 [INFO]    >> [构图] Progress: 98600/142859
2026-03-13 04:18:54 [INFO]    >> [构图] Progress: 98700/142859
2026-03-13 04:18:54 [INFO]    >> [构图] Progress: 98800/142859
2026-03-13 04:18:54 [INFO]    >> [构图] Progress: 98900/142859
2026-03-13 04:18:54 [INFO]    >> [构图] Progress: 99000/142859
2026-03-13 04:18:54 [INFO]    >> [构图] Progress: 99100/142859
2026-03-13 04:18:54 [INFO]    >> [构图] Progress: 99200/142859
2026-03-13 04:18:54 [INFO]    >> [构图] Progress: 99300/142859
2026-03-13 04:18:54 [INFO]    >> [构图] Progress: 99400/142859
2026-03-13 04:18:54 [INFO]    >> [构图] Progress: 99500/142859
2026-03-13 04:18:54 [INFO]    >> [构图] Progress: 99600/142859
2026-03-13 04:18:54 [INFO]    >> [构图] Progress: 99700/142859
2026-03-13 04:18:54 [INFO]    >> [构图] Progress: 99800/142859
2026-03-13 04:18:54 [INFO]    >> [构图] Progress: 99900/142859
2026-03-13 04:18:54 [INFO]    >> [构图] Progress: 100000/142859
2026-03-13 04:18:54 [INFO]    >> [构图] Progress: 100100/142859
2026-03-13 04:18:54 [INFO]    >> [构图] Progress: 100200/142859
2026-03-13 04:18:55 [INFO]    >> [构图] Progress: 100300/142859
2026-03-13 04:18:55 [INFO]    >> [构图] Progress: 100400/142859
2026-03-13 04:18:55 [INFO]    >> [构图] Progress: 100500/142859
2026-03-13 04:18:55 [INFO]    >> [构图] Progress: 100600/142859
2026-03-13 04:18:55 [INFO]    >> [构图] Progress: 100700/142859
2026-03-13 04:18:55 [INFO]    >> [构图] Progress: 100800/142859
2026-03-13 04:18:55 [INFO]    >> [构图] Progress: 100900/142859
2026-03-13 04:18:55 [INFO]    >> [构图] Progress: 101000/142859
2026-03-13 04:18:55 [INFO]    >> [构图] Progress: 101100/142859
2026-03-13 04:18:55 [INFO]    >> [构图] Progress: 101200/142859
2026-03-13 04:18:55 [INFO]    >> [构图] Progress: 101300/142859
2026-03-13 04:18:55 [INFO]    >> [构图] Progress: 101400/142859
2026-03-13 04:18:55 [INFO]    >> [构图] Progress: 101500/142859
2026-03-13 04:18:55 [INFO]    >> [构图] Progress: 101600/142859
2026-03-13 04:18:55 [INFO]    >> [构图] Progress: 101700/142859
2026-03-13 04:18:55 [INFO]    >> [构图] Progress: 101800/142859
2026-03-13 04:18:55 [INFO]    >> [构图] Progress: 101900/142859
2026-03-13 04:18:55 [INFO]    >> [构图] Progress: 102000/142859
2026-03-13 04:18:55 [INFO]    >> [构图] Progress: 102100/142859
2026-03-13 04:18:55 [INFO]    >> [构图] Progress: 102200/142859
2026-03-13 04:18:55 [INFO]    >> [构图] Progress: 102300/142859
2026-03-13 04:18:55 [INFO]    >> [构图] Progress: 102400/142859
2026-03-13 04:18:55 [INFO]    >> [构图] Progress: 102500/142859
2026-03-13 04:18:55 [INFO]    >> [构图] Progress: 102600/142859
2026-03-13 04:18:56 [INFO]    >> [构图] Progress: 102700/142859
2026-03-13 04:18:56 [INFO]    >> [构图] Progress: 102800/142859
2026-03-13 04:18:56 [INFO]    >> [构图] Progress: 102900/142859
2026-03-13 04:18:56 [INFO]    >> [构图] Progress: 103000/142859
2026-03-13 04:18:56 [INFO]    >> [构图] Progress: 103100/142859
2026-03-13 04:18:56 [INFO]    >> [构图] Progress: 103200/142859
2026-03-13 04:18:56 [INFO]    >> [构图] Progress: 103300/142859
2026-03-13 04:18:56 [INFO]    >> [构图] Progress: 103400/142859
2026-03-13 04:18:56 [INFO]    >> [构图] Progress: 103500/142859
2026-03-13 04:18:56 [INFO]    >> [构图] Progress: 103600/142859
2026-03-13 04:18:56 [INFO]    >> [构图] Progress: 103700/142859
2026-03-13 04:18:56 [INFO]    >> [构图] Progress: 103800/142859
2026-03-13 04:18:56 [INFO]    >> [构图] Progress: 103900/142859
2026-03-13 04:18:56 [INFO]    >> [构图] Progress: 104000/142859
2026-03-13 04:18:56 [INFO]    >> [构图] Progress: 104100/142859
2026-03-13 04:18:56 [INFO]    >> [构图] Progress: 104200/142859
2026-03-13 04:18:56 [INFO]    >> [构图] Progress: 104300/142859
2026-03-13 04:18:56 [INFO]    >> [构图] Progress: 104400/142859
2026-03-13 04:18:56 [INFO]    >> [构图] Progress: 104500/142859
2026-03-13 04:18:56 [INFO]    >> [构图] Progress: 104600/142859
2026-03-13 04:18:56 [INFO]    >> [构图] Progress: 104700/142859
2026-03-13 04:18:56 [INFO]    >> [构图] Progress: 104800/142859
2026-03-13 04:18:56 [INFO]    >> [构图] Progress: 104900/142859
2026-03-13 04:18:56 [INFO]    >> [构图] Progress: 105000/142859
2026-03-13 04:18:57 [INFO]    >> [构图] Progress: 105100/142859
2026-03-13 04:18:57 [INFO]    >> [构图] Progress: 105200/142859
2026-03-13 04:18:57 [INFO]    >> [构图] Progress: 105300/142859
2026-03-13 04:18:57 [INFO]    >> [构图] Progress: 105400/142859
2026-03-13 04:18:57 [INFO]    >> [构图] Progress: 105500/142859
2026-03-13 04:18:57 [INFO]    >> [构图] Progress: 105600/142859
2026-03-13 04:18:57 [INFO]    >> [构图] Progress: 105700/142859
2026-03-13 04:18:57 [INFO]    >> [构图] Progress: 105800/142859
2026-03-13 04:18:57 [INFO]    >> [构图] Progress: 105900/142859
2026-03-13 04:18:57 [INFO]    >> [构图] Progress: 106000/142859
2026-03-13 04:18:57 [INFO]    >> [构图] Progress: 106100/142859
2026-03-13 04:18:57 [INFO]    >> [构图] Progress: 106200/142859
2026-03-13 04:18:57 [INFO]    >> [构图] Progress: 106300/142859
2026-03-13 04:18:57 [INFO]    >> [构图] Progress: 106400/142859
2026-03-13 04:18:57 [INFO]    >> [构图] Progress: 106500/142859
2026-03-13 04:18:57 [INFO]    >> [构图] Progress: 106600/142859
2026-03-13 04:18:57 [INFO]    >> [构图] Progress: 106700/142859
2026-03-13 04:18:58 [INFO]    >> [构图] Progress: 106800/142859
2026-03-13 04:18:58 [INFO]    >> [构图] Progress: 106900/142859
2026-03-13 04:18:58 [INFO]    >> [构图] Progress: 107000/142859
2026-03-13 04:18:58 [INFO]    >> [构图] Progress: 107100/142859
2026-03-13 04:18:58 [INFO]    >> [构图] Progress: 107200/142859
2026-03-13 04:18:58 [INFO]    >> [构图] Progress: 107300/142859
2026-03-13 04:18:58 [INFO]    >> [构图] Progress: 107400/142859
2026-03-13 04:18:58 [INFO]    >> [构图] Progress: 107500/142859
2026-03-13 04:18:58 [INFO]    >> [构图] Progress: 107600/142859
2026-03-13 04:18:58 [INFO]    >> [构图] Progress: 107700/142859
2026-03-13 04:18:58 [INFO]    >> [构图] Progress: 107800/142859
2026-03-13 04:18:58 [INFO]    >> [构图] Progress: 107900/142859
2026-03-13 04:18:58 [INFO]    >> [构图] Progress: 108000/142859
2026-03-13 04:18:58 [INFO]    >> [构图] Progress: 108100/142859
2026-03-13 04:18:58 [INFO]    >> [构图] Progress: 108200/142859
2026-03-13 04:18:58 [INFO]    >> [构图] Progress: 108300/142859
2026-03-13 04:18:58 [INFO]    >> [构图] Progress: 108400/142859
2026-03-13 04:18:58 [INFO]    >> [构图] Progress: 108500/142859
2026-03-13 04:18:58 [INFO]    >> [构图] Progress: 108600/142859
2026-03-13 04:18:59 [INFO]    >> [构图] Progress: 108700/142859
2026-03-13 04:18:59 [INFO]    >> [构图] Progress: 108800/142859
2026-03-13 04:18:59 [INFO]    >> [构图] Progress: 108900/142859
2026-03-13 04:18:59 [INFO]    >> [构图] Progress: 109000/142859
2026-03-13 04:18:59 [INFO]    >> [构图] Progress: 109100/142859
2026-03-13 04:18:59 [INFO]    >> [构图] Progress: 109200/142859
2026-03-13 04:18:59 [INFO]    >> [构图] Progress: 109300/142859
2026-03-13 04:18:59 [INFO]    >> [构图] Progress: 109400/142859
2026-03-13 04:18:59 [INFO]    >> [构图] Progress: 109500/142859
2026-03-13 04:18:59 [INFO]    >> [构图] Progress: 109600/142859
2026-03-13 04:18:59 [INFO]    >> [构图] Progress: 109700/142859
2026-03-13 04:18:59 [INFO]    >> [构图] Progress: 109800/142859
2026-03-13 04:18:59 [INFO]    >> [构图] Progress: 109900/142859
2026-03-13 04:18:59 [INFO]    >> [构图] Progress: 110000/142859
2026-03-13 04:18:59 [INFO]    >> [构图] Progress: 110100/142859
2026-03-13 04:18:59 [INFO]    >> [构图] Progress: 110200/142859
2026-03-13 04:18:59 [INFO]    >> [构图] Progress: 110300/142859
2026-03-13 04:18:59 [INFO]    >> [构图] Progress: 110400/142859
2026-03-13 04:18:59 [INFO]    >> [构图] Progress: 110500/142859
2026-03-13 04:18:59 [INFO]    >> [构图] Progress: 110600/142859
2026-03-13 04:18:59 [INFO]    >> [构图] Progress: 110700/142859
2026-03-13 04:18:59 [INFO]    >> [构图] Progress: 110800/142859
2026-03-13 04:18:59 [INFO]    >> [构图] Progress: 110900/142859
2026-03-13 04:18:59 [INFO]    >> [构图] Progress: 111000/142859
2026-03-13 04:19:00 [INFO]    >> [构图] Progress: 111100/142859
2026-03-13 04:19:00 [INFO]    >> [构图] Progress: 111200/142859
2026-03-13 04:19:00 [INFO]    >> [构图] Progress: 111300/142859
2026-03-13 04:19:00 [INFO]    >> [构图] Progress: 111400/142859
2026-03-13 04:19:00 [INFO]    >> [构图] Progress: 111500/142859
2026-03-13 04:19:00 [INFO]    >> [构图] Progress: 111600/142859
2026-03-13 04:19:00 [INFO]    >> [构图] Progress: 111700/142859
2026-03-13 04:19:00 [INFO]    >> [构图] Progress: 111800/142859
2026-03-13 04:19:00 [INFO]    >> [构图] Progress: 111900/142859
2026-03-13 04:19:00 [INFO]    >> [构图] Progress: 112000/142859
2026-03-13 04:19:00 [INFO]    >> [构图] Progress: 112100/142859
2026-03-13 04:19:00 [INFO]    >> [构图] Progress: 112200/142859
2026-03-13 04:19:00 [INFO]    >> [构图] Progress: 112300/142859
2026-03-13 04:19:00 [INFO]    >> [构图] Progress: 112400/142859
2026-03-13 04:19:00 [INFO]    >> [构图] Progress: 112500/142859
2026-03-13 04:19:00 [INFO]    >> [构图] Progress: 112600/142859
2026-03-13 04:19:00 [INFO]    >> [构图] Progress: 112700/142859
2026-03-13 04:19:00 [INFO]    >> [构图] Progress: 112800/142859
2026-03-13 04:19:00 [INFO]    >> [构图] Progress: 112900/142859
2026-03-13 04:19:00 [INFO]    >> [构图] Progress: 113000/142859
2026-03-13 04:19:00 [INFO]    >> [构图] Progress: 113100/142859
2026-03-13 04:19:00 [INFO]    >> [构图] Progress: 113200/142859
2026-03-13 04:19:00 [INFO]    >> [构图] Progress: 113300/142859
2026-03-13 04:19:01 [INFO]    >> [构图] Progress: 113400/142859
2026-03-13 04:19:01 [INFO]    >> [构图] Progress: 113500/142859
2026-03-13 04:19:01 [INFO]    >> [构图] Progress: 113600/142859
2026-03-13 04:19:01 [INFO]    >> [构图] Progress: 113700/142859
2026-03-13 04:19:01 [INFO]    >> [构图] Progress: 113800/142859
2026-03-13 04:19:01 [INFO]    >> [构图] Progress: 113900/142859
2026-03-13 04:19:01 [INFO]    >> [构图] Progress: 114000/142859
2026-03-13 04:19:01 [INFO]    >> [构图] Progress: 114100/142859
2026-03-13 04:19:01 [INFO]    >> [构图] Progress: 114200/142859
2026-03-13 04:19:01 [INFO]    >> [构图] Progress: 114300/142859
2026-03-13 04:19:01 [INFO]    >> [构图] Progress: 114400/142859
2026-03-13 04:19:01 [INFO]    >> [构图] Progress: 114500/142859
2026-03-13 04:19:01 [INFO]    >> [构图] Progress: 114600/142859
2026-03-13 04:19:01 [INFO]    >> [构图] Progress: 114700/142859
2026-03-13 04:19:01 [INFO]    >> [构图] Progress: 114800/142859
2026-03-13 04:19:01 [INFO]    >> [构图] Progress: 114900/142859
2026-03-13 04:19:01 [INFO]    >> [构图] Progress: 115000/142859
2026-03-13 04:19:01 [INFO]    >> [构图] Progress: 115100/142859
2026-03-13 04:19:01 [INFO]    >> [构图] Progress: 115200/142859
2026-03-13 04:19:01 [INFO]    >> [构图] Progress: 115300/142859
2026-03-13 04:19:02 [INFO]    >> [构图] Progress: 115400/142859
2026-03-13 04:19:02 [INFO]    >> [构图] Progress: 115500/142859
2026-03-13 04:19:02 [INFO]    >> [构图] Progress: 115600/142859
2026-03-13 04:19:02 [INFO]    >> [构图] Progress: 115700/142859
2026-03-13 04:19:02 [INFO]    >> [构图] Progress: 115800/142859
2026-03-13 04:19:02 [INFO]    >> [构图] Progress: 115900/142859
2026-03-13 04:19:02 [INFO]    >> [构图] Progress: 116000/142859
2026-03-13 04:19:02 [INFO]    >> [构图] Progress: 116100/142859
2026-03-13 04:19:02 [INFO]    >> [构图] Progress: 116200/142859
2026-03-13 04:19:02 [INFO]    >> [构图] Progress: 116300/142859
2026-03-13 04:19:02 [INFO]    >> [构图] Progress: 116400/142859
2026-03-13 04:19:02 [INFO]    >> [构图] Progress: 116500/142859
2026-03-13 04:19:02 [INFO]    >> [构图] Progress: 116600/142859
2026-03-13 04:19:02 [INFO]    >> [构图] Progress: 116700/142859
2026-03-13 04:19:02 [INFO]    >> [构图] Progress: 116800/142859
2026-03-13 04:19:02 [INFO]    >> [构图] Progress: 116900/142859
2026-03-13 04:19:02 [INFO]    >> [构图] Progress: 117000/142859
2026-03-13 04:19:02 [INFO]    >> [构图] Progress: 117100/142859
2026-03-13 04:19:03 [INFO]    >> [构图] Progress: 117200/142859
2026-03-13 04:19:03 [INFO]    >> [构图] Progress: 117300/142859
2026-03-13 04:19:03 [INFO]    >> [构图] Progress: 117400/142859
2026-03-13 04:19:03 [INFO]    >> [构图] Progress: 117500/142859
2026-03-13 04:19:03 [INFO]    >> [构图] Progress: 117600/142859
2026-03-13 04:19:03 [INFO]    >> [构图] Progress: 117700/142859
2026-03-13 04:19:03 [INFO]    >> [构图] Progress: 117800/142859
2026-03-13 04:19:03 [INFO]    >> [构图] Progress: 117900/142859
2026-03-13 04:19:03 [INFO]    >> [构图] Progress: 118000/142859
2026-03-13 04:19:03 [INFO]    >> [构图] Progress: 118100/142859
2026-03-13 04:19:03 [INFO]    >> [构图] Progress: 118200/142859
2026-03-13 04:19:03 [INFO]    >> [构图] Progress: 118300/142859
2026-03-13 04:19:03 [INFO]    >> [构图] Progress: 118400/142859
2026-03-13 04:19:03 [INFO]    >> [构图] Progress: 118500/142859
2026-03-13 04:19:03 [INFO]    >> [构图] Progress: 118600/142859
2026-03-13 04:19:04 [INFO]    >> [构图] Progress: 118700/142859
2026-03-13 04:19:04 [INFO]    >> [构图] Progress: 118800/142859
2026-03-13 04:19:04 [INFO]    >> [构图] Progress: 118900/142859
2026-03-13 04:19:04 [INFO]    >> [构图] Progress: 119000/142859
2026-03-13 04:19:04 [INFO]    >> [构图] Progress: 119100/142859
2026-03-13 04:19:04 [INFO]    >> [构图] Progress: 119200/142859
2026-03-13 04:19:04 [INFO]    >> [构图] Progress: 119300/142859
2026-03-13 04:19:04 [INFO]    >> [构图] Progress: 119400/142859
2026-03-13 04:19:04 [INFO]    >> [构图] Progress: 119500/142859
2026-03-13 04:19:04 [INFO]    >> [构图] Progress: 119600/142859
2026-03-13 04:19:04 [INFO]    >> [构图] Progress: 119700/142859
2026-03-13 04:19:04 [INFO]    >> [构图] Progress: 119800/142859
2026-03-13 04:19:04 [INFO]    >> [构图] Progress: 119900/142859
2026-03-13 04:19:04 [INFO]    >> [构图] Progress: 120000/142859
2026-03-13 04:19:04 [INFO]    >> [构图] Progress: 120100/142859
2026-03-13 04:19:04 [INFO]    >> [构图] Progress: 120200/142859
2026-03-13 04:19:04 [INFO]    >> [构图] Progress: 120300/142859
2026-03-13 04:19:04 [INFO]    >> [构图] Progress: 120400/142859
2026-03-13 04:19:04 [INFO]    >> [构图] Progress: 120500/142859
2026-03-13 04:19:05 [INFO]    >> [构图] Progress: 120600/142859
2026-03-13 04:19:05 [INFO]    >> [构图] Progress: 120700/142859
2026-03-13 04:19:05 [INFO]    >> [构图] Progress: 120800/142859
2026-03-13 04:19:05 [INFO]    >> [构图] Progress: 120900/142859
2026-03-13 04:19:05 [INFO]    >> [构图] Progress: 121000/142859
2026-03-13 04:19:05 [INFO]    >> [构图] Progress: 121100/142859
2026-03-13 04:19:05 [INFO]    >> [构图] Progress: 121200/142859
2026-03-13 04:19:05 [INFO]    >> [构图] Progress: 121300/142859
2026-03-13 04:19:05 [INFO]    >> [构图] Progress: 121400/142859
2026-03-13 04:19:05 [INFO]    >> [构图] Progress: 121500/142859
2026-03-13 04:19:05 [INFO]    >> [构图] Progress: 121600/142859
2026-03-13 04:19:05 [INFO]    >> [构图] Progress: 121700/142859
2026-03-13 04:19:05 [INFO]    >> [构图] Progress: 121800/142859
2026-03-13 04:19:05 [INFO]    >> [构图] Progress: 121900/142859
2026-03-13 04:19:05 [INFO]    >> [构图] Progress: 122000/142859
2026-03-13 04:19:05 [INFO]    >> [构图] Progress: 122100/142859
2026-03-13 04:19:05 [INFO]    >> [构图] Progress: 122200/142859
2026-03-13 04:19:05 [INFO]    >> [构图] Progress: 122300/142859
2026-03-13 04:19:05 [INFO]    >> [构图] Progress: 122400/142859
2026-03-13 04:19:06 [INFO]    >> [构图] Progress: 122500/142859
2026-03-13 04:19:06 [INFO]    >> [构图] Progress: 122600/142859
2026-03-13 04:19:06 [INFO]    >> [构图] Progress: 122700/142859
2026-03-13 04:19:06 [INFO]    >> [构图] Progress: 122800/142859
2026-03-13 04:19:06 [INFO]    >> [构图] Progress: 122900/142859
2026-03-13 04:19:06 [INFO]    >> [构图] Progress: 123000/142859
2026-03-13 04:19:06 [INFO]    >> [构图] Progress: 123100/142859
2026-03-13 04:19:06 [INFO]    >> [构图] Progress: 123200/142859
2026-03-13 04:19:06 [INFO]    >> [构图] Progress: 123300/142859
2026-03-13 04:19:06 [INFO]    >> [构图] Progress: 123400/142859
2026-03-13 04:19:06 [INFO]    >> [构图] Progress: 123500/142859
2026-03-13 04:19:06 [INFO]    >> [构图] Progress: 123600/142859
2026-03-13 04:19:06 [INFO]    >> [构图] Progress: 123700/142859
2026-03-13 04:19:06 [INFO]    >> [构图] Progress: 123800/142859
2026-03-13 04:19:06 [INFO]    >> [构图] Progress: 123900/142859
2026-03-13 04:19:06 [INFO]    >> [构图] Progress: 124000/142859
2026-03-13 04:19:06 [INFO]    >> [构图] Progress: 124100/142859
2026-03-13 04:19:06 [INFO]    >> [构图] Progress: 124200/142859
2026-03-13 04:19:06 [INFO]    >> [构图] Progress: 124300/142859
2026-03-13 04:19:06 [INFO]    >> [构图] Progress: 124400/142859
2026-03-13 04:19:07 [INFO]    >> [构图] Progress: 124500/142859
2026-03-13 04:19:07 [INFO]    >> [构图] Progress: 124600/142859
2026-03-13 04:19:07 [INFO]    >> [构图] Progress: 124700/142859
2026-03-13 04:19:07 [INFO]    >> [构图] Progress: 124800/142859
2026-03-13 04:19:07 [INFO]    >> [构图] Progress: 124900/142859
2026-03-13 04:19:07 [INFO]    >> [构图] Progress: 125000/142859
2026-03-13 04:19:07 [INFO]    >> [构图] Progress: 125100/142859
2026-03-13 04:19:07 [INFO]    >> [构图] Progress: 125200/142859
2026-03-13 04:19:07 [INFO]    >> [构图] Progress: 125300/142859
2026-03-13 04:19:07 [INFO]    >> [构图] Progress: 125400/142859
2026-03-13 04:19:07 [INFO]    >> [构图] Progress: 125500/142859
2026-03-13 04:19:07 [INFO]    >> [构图] Progress: 125600/142859
2026-03-13 04:19:07 [INFO]    >> [构图] Progress: 125700/142859
2026-03-13 04:19:07 [INFO]    >> [构图] Progress: 125800/142859
2026-03-13 04:19:07 [INFO]    >> [构图] Progress: 125900/142859
2026-03-13 04:19:07 [INFO]    >> [构图] Progress: 126000/142859
2026-03-13 04:19:07 [INFO]    >> [构图] Progress: 126100/142859
2026-03-13 04:19:07 [INFO]    >> [构图] Progress: 126200/142859
2026-03-13 04:19:07 [INFO]    >> [构图] Progress: 126300/142859
2026-03-13 04:19:08 [INFO]    >> [构图] Progress: 126400/142859
2026-03-13 04:19:08 [INFO]    >> [构图] Progress: 126500/142859
2026-03-13 04:19:08 [INFO]    >> [构图] Progress: 126600/142859
2026-03-13 04:19:08 [INFO]    >> [构图] Progress: 126700/142859
2026-03-13 04:19:08 [INFO]    >> [构图] Progress: 126800/142859
2026-03-13 04:19:08 [INFO]    >> [构图] Progress: 126900/142859
2026-03-13 04:19:08 [INFO]    >> [构图] Progress: 127000/142859
2026-03-13 04:19:08 [INFO]    >> [构图] Progress: 127100/142859
2026-03-13 04:19:08 [INFO]    >> [构图] Progress: 127200/142859
2026-03-13 04:19:08 [INFO]    >> [构图] Progress: 127300/142859
2026-03-13 04:19:08 [INFO]    >> [构图] Progress: 127400/142859
2026-03-13 04:19:08 [INFO]    >> [构图] Progress: 127500/142859
2026-03-13 04:19:08 [INFO]    >> [构图] Progress: 127600/142859
2026-03-13 04:19:08 [INFO]    >> [构图] Progress: 127700/142859
2026-03-13 04:19:08 [INFO]    >> [构图] Progress: 127800/142859
2026-03-13 04:19:08 [INFO]    >> [构图] Progress: 127900/142859
2026-03-13 04:19:08 [INFO]    >> [构图] Progress: 128000/142859
2026-03-13 04:19:08 [INFO]    >> [构图] Progress: 128100/142859
2026-03-13 04:19:08 [INFO]    >> [构图] Progress: 128200/142859
2026-03-13 04:19:08 [INFO]    >> [构图] Progress: 128300/142859
2026-03-13 04:19:09 [INFO]    >> [构图] Progress: 128400/142859
2026-03-13 04:19:09 [INFO]    >> [构图] Progress: 128500/142859
2026-03-13 04:19:09 [INFO]    >> [构图] Progress: 128600/142859
2026-03-13 04:19:09 [INFO]    >> [构图] Progress: 128700/142859
2026-03-13 04:19:09 [INFO]    >> [构图] Progress: 128800/142859
2026-03-13 04:19:09 [INFO]    >> [构图] Progress: 128900/142859
2026-03-13 04:19:09 [INFO]    >> [构图] Progress: 129000/142859
2026-03-13 04:19:09 [INFO]    >> [构图] Progress: 129100/142859
2026-03-13 04:19:09 [INFO]    >> [构图] Progress: 129200/142859
2026-03-13 04:19:09 [INFO]    >> [构图] Progress: 129300/142859
2026-03-13 04:19:09 [INFO]    >> [构图] Progress: 129400/142859
2026-03-13 04:19:09 [INFO]    >> [构图] Progress: 129500/142859
2026-03-13 04:19:09 [INFO]    >> [构图] Progress: 129600/142859
2026-03-13 04:19:09 [INFO]    >> [构图] Progress: 129700/142859
2026-03-13 04:19:09 [INFO]    >> [构图] Progress: 129800/142859
2026-03-13 04:19:09 [INFO]    >> [构图] Progress: 129900/142859
2026-03-13 04:19:09 [INFO]    >> [构图] Progress: 130000/142859
2026-03-13 04:19:09 [INFO]    >> [构图] Progress: 130100/142859
2026-03-13 04:19:09 [INFO]    >> [构图] Progress: 130200/142859
2026-03-13 04:19:10 [INFO]    >> [构图] Progress: 130300/142859
2026-03-13 04:19:10 [INFO]    >> [构图] Progress: 130400/142859
2026-03-13 04:19:10 [INFO]    >> [构图] Progress: 130500/142859
2026-03-13 04:19:10 [INFO]    >> [构图] Progress: 130600/142859
2026-03-13 04:19:10 [INFO]    >> [构图] Progress: 130700/142859
2026-03-13 04:19:10 [INFO]    >> [构图] Progress: 130800/142859
2026-03-13 04:19:10 [INFO]    >> [构图] Progress: 130900/142859
2026-03-13 04:19:10 [INFO]    >> [构图] Progress: 131000/142859
2026-03-13 04:19:10 [INFO]    >> [构图] Progress: 131100/142859
2026-03-13 04:19:10 [INFO]    >> [构图] Progress: 131200/142859
2026-03-13 04:19:10 [INFO]    >> [构图] Progress: 131300/142859
2026-03-13 04:19:10 [INFO]    >> [构图] Progress: 131400/142859
2026-03-13 04:19:10 [INFO]    >> [构图] Progress: 131500/142859
2026-03-13 04:19:10 [INFO]    >> [构图] Progress: 131600/142859
2026-03-13 04:19:10 [INFO]    >> [构图] Progress: 131700/142859
2026-03-13 04:19:10 [INFO]    >> [构图] Progress: 131800/142859
2026-03-13 04:19:10 [INFO]    >> [构图] Progress: 131900/142859
2026-03-13 04:19:10 [INFO]    >> [构图] Progress: 132000/142859
2026-03-13 04:19:11 [INFO]    >> [构图] Progress: 132100/142859
2026-03-13 04:19:11 [INFO]    >> [构图] Progress: 132200/142859
2026-03-13 04:19:11 [INFO]    >> [构图] Progress: 132300/142859
2026-03-13 04:19:11 [INFO]    >> [构图] Progress: 132400/142859
2026-03-13 04:19:11 [INFO]    >> [构图] Progress: 132500/142859
2026-03-13 04:19:11 [INFO]    >> [构图] Progress: 132600/142859
2026-03-13 04:19:11 [INFO]    >> [构图] Progress: 132700/142859
2026-03-13 04:19:11 [INFO]    >> [构图] Progress: 132800/142859
2026-03-13 04:19:11 [INFO]    >> [构图] Progress: 132900/142859
2026-03-13 04:19:11 [INFO]    >> [构图] Progress: 133000/142859
2026-03-13 04:19:11 [INFO]    >> [构图] Progress: 133100/142859
2026-03-13 04:19:11 [INFO]    >> [构图] Progress: 133200/142859
2026-03-13 04:19:11 [INFO]    >> [构图] Progress: 133300/142859
2026-03-13 04:19:11 [INFO]    >> [构图] Progress: 133400/142859
2026-03-13 04:19:11 [INFO]    >> [构图] Progress: 133500/142859
2026-03-13 04:19:11 [INFO]    >> [构图] Progress: 133600/142859
2026-03-13 04:19:11 [INFO]    >> [构图] Progress: 133700/142859
2026-03-13 04:19:11 [INFO]    >> [构图] Progress: 133800/142859
2026-03-13 04:19:11 [INFO]    >> [构图] Progress: 133900/142859
2026-03-13 04:19:11 [INFO]    >> [构图] Progress: 134000/142859
2026-03-13 04:19:12 [INFO]    >> [构图] Progress: 134100/142859
2026-03-13 04:19:12 [INFO]    >> [构图] Progress: 134200/142859
2026-03-13 04:19:12 [INFO]    >> [构图] Progress: 134300/142859
2026-03-13 04:19:12 [INFO]    >> [构图] Progress: 134400/142859
2026-03-13 04:19:12 [INFO]    >> [构图] Progress: 134500/142859
2026-03-13 04:19:12 [INFO]    >> [构图] Progress: 134600/142859
2026-03-13 04:19:12 [INFO]    >> [构图] Progress: 134700/142859
2026-03-13 04:19:12 [INFO]    >> [构图] Progress: 134800/142859
2026-03-13 04:19:12 [INFO]    >> [构图] Progress: 134900/142859
2026-03-13 04:19:12 [INFO]    >> [构图] Progress: 135000/142859
2026-03-13 04:19:12 [INFO]    >> [构图] Progress: 135100/142859
2026-03-13 04:19:12 [INFO]    >> [构图] Progress: 135200/142859
2026-03-13 04:19:12 [INFO]    >> [构图] Progress: 135300/142859
2026-03-13 04:19:12 [INFO]    >> [构图] Progress: 135400/142859
2026-03-13 04:19:12 [INFO]    >> [构图] Progress: 135500/142859
2026-03-13 04:19:13 [INFO]    >> [构图] Progress: 135600/142859
2026-03-13 04:19:13 [INFO]    >> [构图] Progress: 135700/142859
2026-03-13 04:19:13 [INFO]    >> [构图] Progress: 135800/142859
2026-03-13 04:19:13 [INFO]    >> [构图] Progress: 135900/142859
2026-03-13 04:19:13 [INFO]    >> [构图] Progress: 136000/142859
2026-03-13 04:19:13 [INFO]    >> [构图] Progress: 136100/142859
2026-03-13 04:19:13 [INFO]    >> [构图] Progress: 136200/142859
2026-03-13 04:19:13 [INFO]    >> [构图] Progress: 136300/142859
2026-03-13 04:19:13 [INFO]    >> [构图] Progress: 136400/142859
2026-03-13 04:19:13 [INFO]    >> [构图] Progress: 136500/142859
2026-03-13 04:19:13 [INFO]    >> [构图] Progress: 136600/142859
2026-03-13 04:19:13 [INFO]    >> [构图] Progress: 136700/142859
2026-03-13 04:19:13 [INFO]    >> [构图] Progress: 136800/142859
2026-03-13 04:19:13 [INFO]    >> [构图] Progress: 136900/142859
2026-03-13 04:19:13 [INFO]    >> [构图] Progress: 137000/142859
2026-03-13 04:19:13 [INFO]    >> [构图] Progress: 137100/142859
2026-03-13 04:19:13 [INFO]    >> [构图] Progress: 137200/142859
2026-03-13 04:19:13 [INFO]    >> [构图] Progress: 137300/142859
2026-03-13 04:19:13 [INFO]    >> [构图] Progress: 137400/142859
2026-03-13 04:19:13 [INFO]    >> [构图] Progress: 137500/142859
2026-03-13 04:19:13 [INFO]    >> [构图] Progress: 137600/142859
2026-03-13 04:19:14 [INFO]    >> [构图] Progress: 137700/142859
2026-03-13 04:19:14 [INFO]    >> [构图] Progress: 137800/142859
2026-03-13 04:19:14 [INFO]    >> [构图] Progress: 137900/142859
2026-03-13 04:19:14 [INFO]    >> [构图] Progress: 138000/142859
2026-03-13 04:19:14 [INFO]    >> [构图] Progress: 138100/142859
2026-03-13 04:19:14 [INFO]    >> [构图] Progress: 138200/142859
2026-03-13 04:19:14 [INFO]    >> [构图] Progress: 138300/142859
2026-03-13 04:19:14 [INFO]    >> [构图] Progress: 138400/142859
2026-03-13 04:19:14 [INFO]    >> [构图] Progress: 138500/142859
2026-03-13 04:19:14 [INFO]    >> [构图] Progress: 138600/142859
2026-03-13 04:19:14 [INFO]    >> [构图] Progress: 138700/142859
2026-03-13 04:19:14 [INFO]    >> [构图] Progress: 138800/142859
2026-03-13 04:19:14 [INFO]    >> [构图] Progress: 138900/142859
2026-03-13 04:19:14 [INFO]    >> [构图] Progress: 139000/142859
2026-03-13 04:19:14 [INFO]    >> [构图] Progress: 139100/142859
2026-03-13 04:19:14 [INFO]    >> [构图] Progress: 139200/142859
2026-03-13 04:19:14 [INFO]    >> [构图] Progress: 139300/142859
2026-03-13 04:19:14 [INFO]    >> [构图] Progress: 139400/142859
2026-03-13 04:19:14 [INFO]    >> [构图] Progress: 139500/142859
2026-03-13 04:19:14 [INFO]    >> [构图] Progress: 139600/142859
2026-03-13 04:19:14 [INFO]    >> [构图] Progress: 139700/142859
2026-03-13 04:19:15 [INFO]    >> [构图] Progress: 139800/142859
2026-03-13 04:19:15 [INFO]    >> [构图] Progress: 139900/142859
2026-03-13 04:19:15 [INFO]    >> [构图] Progress: 140000/142859
2026-03-13 04:19:15 [INFO]    >> [构图] Progress: 140100/142859
2026-03-13 04:19:15 [INFO]    >> [构图] Progress: 140200/142859
2026-03-13 04:19:15 [INFO]    >> [构图] Progress: 140300/142859
2026-03-13 04:19:15 [INFO]    >> [构图] Progress: 140400/142859
2026-03-13 04:19:15 [INFO]    >> [构图] Progress: 140500/142859
2026-03-13 04:19:15 [INFO]    >> [构图] Progress: 140600/142859
2026-03-13 04:19:15 [INFO]    >> [构图] Progress: 140700/142859
2026-03-13 04:19:15 [INFO]    >> [构图] Progress: 140800/142859
2026-03-13 04:19:15 [INFO]    >> [构图] Progress: 140900/142859
2026-03-13 04:19:15 [INFO]    >> [构图] Progress: 141000/142859
2026-03-13 04:19:15 [INFO]    >> [构图] Progress: 141100/142859
2026-03-13 04:19:15 [INFO]    >> [构图] Progress: 141200/142859
2026-03-13 04:19:15 [INFO]    >> [构图] Progress: 141300/142859
2026-03-13 04:19:15 [INFO]    >> [构图] Progress: 141400/142859
2026-03-13 04:19:15 [INFO]    >> [构图] Progress: 141500/142859
2026-03-13 04:19:15 [INFO]    >> [构图] Progress: 141600/142859
2026-03-13 04:19:15 [INFO]    >> [构图] Progress: 141700/142859
2026-03-13 04:19:15 [INFO]    >> [构图] Progress: 141800/142859
2026-03-13 04:19:15 [INFO]    >> [构图] Progress: 141900/142859
2026-03-13 04:19:16 [INFO]    >> [构图] Progress: 142000/142859
2026-03-13 04:19:16 [INFO]    >> [构图] Progress: 142100/142859
2026-03-13 04:19:16 [INFO]    >> [构图] Progress: 142200/142859
2026-03-13 04:19:16 [INFO]    >> [构图] Progress: 142300/142859
2026-03-13 04:19:16 [INFO]    >> [构图] Progress: 142400/142859
2026-03-13 04:19:16 [INFO]    >> [构图] Progress: 142500/142859
2026-03-13 04:19:16 [INFO]    >> [构图] Progress: 142600/142859
2026-03-13 04:19:16 [INFO]    >> [构图] Progress: 142700/142859
2026-03-13 04:19:16 [INFO]    >> [构图] Progress: 142800/142859
2026-03-13 04:19:17 [INFO]    >>> Graph Generation Finished. New Processed: 0
2026-03-13 04:19:17 [INFO] ==============================================
2026-03-13 04:19:17 [INFO]        Database Initialization Completed      
2026-03-13 04:19:17 [INFO] ==============================================
2026-03-13 04:19:17 [INFO] [INITIALIZE] executed successfully.
