2026-03-17 22:43:22 [INFO] ==============================================
2026-03-17 22:43:22 [INFO]       Starting Engine in Mode: [TRAIN]
2026-03-17 22:43:22 [INFO] ==============================================
2026-03-17 22:43:22 [INFO] ========== Training Configuration ==========
2026-03-17 22:43:22 [INFO]   learning_rate: 0.001
2026-03-17 22:43:22 [INFO]   batch_size: 64
2026-03-17 22:43:22 [INFO]   epochs: 300
2026-03-17 22:43:22 [INFO]   min_epochs: 100
2026-03-17 22:43:22 [INFO]   test_size: 0.3
2026-03-17 22:43:22 [INFO]   focal_loss_alpha: auto
2026-03-17 22:43:22 [INFO]   focal_loss_gamma: 2.0
2026-03-17 22:43:22 [INFO]   random_state: 42
2026-03-17 22:43:22 [INFO]   input_dim: 1536
2026-03-17 22:43:22 [INFO]   hidden_dim: 1024
2026-03-17 22:43:22 [INFO]   num_layers: 4
2026-03-17 22:43:22 [INFO]   heads: 8
2026-03-17 22:43:22 [INFO]   dropout: 0.5
2026-03-17 22:43:22 [INFO]   weight_decay: 0.0005
2026-03-17 22:43:22 [INFO]   lr_patience: 10
2026-03-17 22:43:22 [INFO]   early_stopping_patience: 20
2026-03-17 22:43:22 [INFO] ============================================
2026-03-17 22:43:22 [INFO] Using device: cuda:0 (Distributed: True)
2026-03-17 22:43:22 [INFO] Loading data...
2026-03-17 22:43:29 [INFO] Total samples after filtering: 103015
2026-03-17 22:43:29 [INFO] Total classes: 1765
2026-03-17 22:43:29 [INFO] Class Weights Range: [0.0128, 58.3654]
2026-03-17 22:43:29 [WARNING] Stratified split failed (likely due to classes with < 2 samples). Falling back to random split.
2026-03-17 22:43:29 [INFO] Using graph_dir: /data/lihb/enzyme_functional_annotation/optimal_radius/graph
2026-03-17 22:43:29 [INFO] Initializing dataset with 72110 entries from graph_dir=/data/lihb/enzyme_functional_annotation/optimal_radius/graph ...
2026-03-17 22:43:32 [INFO] Found samples with pdb_id: 2794
2026-03-17 22:43:32 [INFO] Found samples without pdb_id: 69316
2026-03-17 22:43:32 [INFO] Dataset initialized with 72110 valid samples.
2026-03-17 22:43:32 [INFO] Initializing dataset with 30905 entries from graph_dir=/data/lihb/enzyme_functional_annotation/optimal_radius/graph ...
2026-03-17 22:43:33 [INFO] Found samples with pdb_id: 1302
2026-03-17 22:43:33 [INFO] Found samples without pdb_id: 29603
2026-03-17 22:43:33 [INFO] Dataset initialized with 30905 valid samples.
2026-03-17 22:43:33 [INFO] Data loaded. Train steps per epoch (optimizer updates): 564 | Expected: 564 | Train samples: 72110 | Batch/GPU: 64 | World Size: 2 | Global Batch: 128
2026-03-17 22:43:33 [INFO] Data loaded. Test steps per epoch: 242 | Expected: 242 | Test samples: 30905
2026-03-17 22:43:34 [INFO] Using Automatic Class Weights for Focal Loss. Range: [0.0128, 58.3654]
2026-03-17 22:43:34 [INFO] Start training...
2026-03-17 22:43:52 [INFO] Epoch: [1] Step : [1/564] Loss: 7.7881
2026-03-17 22:44:52 [INFO] Epoch: [1] Step : [100/564] Loss: 12.4396
2026-03-17 22:45:50 [INFO] Epoch: [1] Step : [200/564] Loss: 8.9265
2026-03-17 22:46:49 [INFO] Epoch: [1] Step : [300/564] Loss: 2.8981
2026-03-17 22:47:47 [INFO] Epoch: [1] Step : [400/564] Loss: 8.3614
2026-03-17 22:48:43 [INFO] Epoch: [1] Step : [500/564] Loss: 5.7511
2026-03-17 22:49:20 [INFO] Epoch: [1] Step : [564/564] Loss: 2.2850
2026-03-17 22:51:12 [INFO] Epoch 1/300 | Train Loss: 3.4183 | Test Loss: 7.1855 | Acc: 0.0017 | Top-5: 0.0436 | F1(M): 0.0004 | Prec(M): 0.0003 | Rec(M): 0.0038 | Prec(W): 0.0002
2026-03-17 22:51:12 [INFO] --> Best model saved with F1: 0.0004 to /data/lihb/enzyme_functional_annotation/optimal_radius/best_model/train_20260317_2243.pth
2026-03-17 22:51:29 [INFO] Epoch: [2] Step : [1/564] Loss: 6.7861
2026-03-17 22:52:26 [INFO] Epoch: [2] Step : [100/564] Loss: 8.6902
2026-03-17 22:53:23 [INFO] Epoch: [2] Step : [200/564] Loss: 3.0298
2026-03-17 22:54:21 [INFO] Epoch: [2] Step : [300/564] Loss: 4.5926
2026-03-17 22:55:19 [INFO] Epoch: [2] Step : [400/564] Loss: 5.6498
2026-03-17 22:56:18 [INFO] Epoch: [2] Step : [500/564] Loss: 1.7520
2026-03-17 22:56:54 [INFO] Epoch: [2] Step : [564/564] Loss: 5.7096
2026-03-17 22:58:47 [INFO] Epoch 2/300 | Train Loss: 2.7364 | Test Loss: 6.3331 | Acc: 0.0223 | Top-5: 0.1330 | F1(M): 0.0040 | Prec(M): 0.0052 | Rec(M): 0.0143 | Prec(W): 0.0140
2026-03-17 22:58:47 [INFO] --> Best model saved with F1: 0.0040 to /data/lihb/enzyme_functional_annotation/optimal_radius/best_model/train_20260317_2243.pth
2026-03-17 22:59:04 [INFO] Epoch: [3] Step : [1/564] Loss: 4.5010
2026-03-17 23:00:00 [INFO] Epoch: [3] Step : [100/564] Loss: 2.4754
2026-03-17 23:00:58 [INFO] Epoch: [3] Step : [200/564] Loss: 5.3158
2026-03-17 23:01:57 [INFO] Epoch: [3] Step : [300/564] Loss: 3.6392
2026-03-17 23:02:56 [INFO] Epoch: [3] Step : [400/564] Loss: 4.0203
2026-03-17 23:03:54 [INFO] Epoch: [3] Step : [500/564] Loss: 6.9080
2026-03-17 23:04:30 [INFO] Epoch: [3] Step : [564/564] Loss: 2.3456
2026-03-17 23:06:23 [INFO] Epoch 3/300 | Train Loss: 2.1308 | Test Loss: 5.6014 | Acc: 0.0518 | Top-5: 0.2570 | F1(M): 0.0205 | Prec(M): 0.0278 | Rec(M): 0.0437 | Prec(W): 0.0613
2026-03-17 23:06:23 [INFO] --> Best model saved with F1: 0.0205 to /data/lihb/enzyme_functional_annotation/optimal_radius/best_model/train_20260317_2243.pth
2026-03-17 23:06:39 [INFO] Epoch: [4] Step : [1/564] Loss: 1.7852
2026-03-17 23:07:37 [INFO] Epoch: [4] Step : [100/564] Loss: 1.6875
2026-03-17 23:08:34 [INFO] Epoch: [4] Step : [200/564] Loss: 1.5123
2026-03-17 23:09:32 [INFO] Epoch: [4] Step : [300/564] Loss: 1.6776
2026-03-17 23:10:30 [INFO] Epoch: [4] Step : [400/564] Loss: 1.1873
2026-03-17 23:11:27 [INFO] Epoch: [4] Step : [500/564] Loss: 0.9964
2026-03-17 23:12:04 [INFO] Epoch: [4] Step : [564/564] Loss: 0.6132
2026-03-17 23:13:57 [INFO] Epoch 4/300 | Train Loss: 1.7116 | Test Loss: 4.5881 | Acc: 0.2668 | Top-5: 0.5877 | F1(M): 0.1140 | Prec(M): 0.1349 | Rec(M): 0.1725 | Prec(W): 0.3536
2026-03-17 23:13:57 [INFO] --> Best model saved with F1: 0.1140 to /data/lihb/enzyme_functional_annotation/optimal_radius/best_model/train_20260317_2243.pth
2026-03-17 23:14:13 [INFO] Epoch: [5] Step : [1/564] Loss: 2.5926
2026-03-17 23:15:11 [INFO] Epoch: [5] Step : [100/564] Loss: 4.6106
2026-03-17 23:16:09 [INFO] Epoch: [5] Step : [200/564] Loss: 2.7072
2026-03-17 23:17:07 [INFO] Epoch: [5] Step : [300/564] Loss: 4.0951
2026-03-17 23:18:04 [INFO] Epoch: [5] Step : [400/564] Loss: 2.3309
2026-03-17 23:19:03 [INFO] Epoch: [5] Step : [500/564] Loss: 7.0375
2026-03-17 23:19:40 [INFO] Epoch: [5] Step : [564/564] Loss: 4.1209
2026-03-17 23:21:34 [INFO] Epoch 5/300 | Train Loss: 1.5001 | Test Loss: 4.0187 | Acc: 0.5144 | Top-5: 0.7648 | F1(M): 0.2193 | Prec(M): 0.2375 | Rec(M): 0.2934 | Prec(W): 0.6332
2026-03-17 23:21:34 [INFO] --> Best model saved with F1: 0.2193 to /data/lihb/enzyme_functional_annotation/optimal_radius/best_model/train_20260317_2243.pth
2026-03-17 23:21:50 [INFO] Epoch: [6] Step : [1/564] Loss: 1.6120
2026-03-17 23:22:47 [INFO] Epoch: [6] Step : [100/564] Loss: 1.1413
2026-03-17 23:23:45 [INFO] Epoch: [6] Step : [200/564] Loss: 1.9045
2026-03-17 23:24:42 [INFO] Epoch: [6] Step : [300/564] Loss: 1.5798
2026-03-17 23:25:40 [INFO] Epoch: [6] Step : [400/564] Loss: 3.2435
2026-03-17 23:26:38 [INFO] Epoch: [6] Step : [500/564] Loss: 3.3856
2026-03-17 23:27:15 [INFO] Epoch: [6] Step : [564/564] Loss: 0.7033
2026-03-17 23:29:09 [INFO] Epoch 6/300 | Train Loss: 1.3613 | Test Loss: 3.7739 | Acc: 0.4610 | Top-5: 0.7653 | F1(M): 0.2247 | Prec(M): 0.2535 | Rec(M): 0.3017 | Prec(W): 0.6459
2026-03-17 23:29:09 [INFO] --> Best model saved with F1: 0.2247 to /data/lihb/enzyme_functional_annotation/optimal_radius/best_model/train_20260317_2243.pth
2026-03-17 23:29:25 [INFO] Epoch: [7] Step : [1/564] Loss: 4.5681
2026-03-17 23:30:22 [INFO] Epoch: [7] Step : [100/564] Loss: 2.3749
2026-03-17 23:31:21 [INFO] Epoch: [7] Step : [200/564] Loss: 0.8006
2026-03-17 23:32:18 [INFO] Epoch: [7] Step : [300/564] Loss: 2.3481
2026-03-17 23:33:16 [INFO] Epoch: [7] Step : [400/564] Loss: 7.0221
2026-03-17 23:34:14 [INFO] Epoch: [7] Step : [500/564] Loss: 1.9886
2026-03-17 23:34:50 [INFO] Epoch: [7] Step : [564/564] Loss: 2.9232
2026-03-17 23:36:42 [INFO] Epoch 7/300 | Train Loss: 1.2661 | Test Loss: 3.6135 | Acc: 0.4720 | Top-5: 0.7480 | F1(M): 0.2417 | Prec(M): 0.2740 | Rec(M): 0.3048 | Prec(W): 0.6030
2026-03-17 23:36:42 [INFO] --> Best model saved with F1: 0.2417 to /data/lihb/enzyme_functional_annotation/optimal_radius/best_model/train_20260317_2243.pth
2026-03-17 23:36:59 [INFO] Epoch: [8] Step : [1/564] Loss: 1.6803
2026-03-17 23:37:55 [INFO] Epoch: [8] Step : [100/564] Loss: 1.4822
2026-03-17 23:38:54 [INFO] Epoch: [8] Step : [200/564] Loss: 1.1466
2026-03-17 23:39:52 [INFO] Epoch: [8] Step : [300/564] Loss: 2.1872
2026-03-17 23:40:49 [INFO] Epoch: [8] Step : [400/564] Loss: 6.9462
2026-03-17 23:41:47 [INFO] Epoch: [8] Step : [500/564] Loss: 1.9539
2026-03-17 23:42:24 [INFO] Epoch: [8] Step : [564/564] Loss: 0.5869
2026-03-17 23:44:18 [INFO] Epoch 8/300 | Train Loss: 1.2097 | Test Loss: 3.4225 | Acc: 0.5571 | Top-5: 0.7861 | F1(M): 0.2786 | Prec(M): 0.3010 | Rec(M): 0.3502 | Prec(W): 0.6497
2026-03-17 23:44:19 [INFO] --> Best model saved with F1: 0.2786 to /data/lihb/enzyme_functional_annotation/optimal_radius/best_model/train_20260317_2243.pth
2026-03-17 23:44:34 [INFO] Epoch: [9] Step : [1/564] Loss: 5.3828
2026-03-17 23:45:31 [INFO] Epoch: [9] Step : [100/564] Loss: 1.5007
2026-03-17 23:46:30 [INFO] Epoch: [9] Step : [200/564] Loss: 4.1655
2026-03-17 23:47:27 [INFO] Epoch: [9] Step : [300/564] Loss: 1.3412
2026-03-17 23:48:25 [INFO] Epoch: [9] Step : [400/564] Loss: 0.8165
2026-03-17 23:49:22 [INFO] Epoch: [9] Step : [500/564] Loss: 1.5489
2026-03-17 23:49:58 [INFO] Epoch: [9] Step : [564/564] Loss: 3.4512
2026-03-17 23:51:52 [INFO] Epoch 9/300 | Train Loss: 1.1356 | Test Loss: 3.1860 | Acc: 0.6242 | Top-5: 0.8215 | F1(M): 0.3199 | Prec(M): 0.3377 | Rec(M): 0.4009 | Prec(W): 0.7112
2026-03-17 23:51:52 [INFO] --> Best model saved with F1: 0.3199 to /data/lihb/enzyme_functional_annotation/optimal_radius/best_model/train_20260317_2243.pth
2026-03-17 23:52:12 [INFO] Epoch: [10] Step : [1/564] Loss: 1.6983
2026-03-17 23:53:08 [INFO] Epoch: [10] Step : [100/564] Loss: 1.1793
2026-03-17 23:54:06 [INFO] Epoch: [10] Step : [200/564] Loss: 0.6021
2026-03-17 23:55:03 [INFO] Epoch: [10] Step : [300/564] Loss: 1.6601
2026-03-17 23:56:01 [INFO] Epoch: [10] Step : [400/564] Loss: 1.7479
2026-03-17 23:56:58 [INFO] Epoch: [10] Step : [500/564] Loss: 0.7535
2026-03-17 23:57:35 [INFO] Epoch: [10] Step : [564/564] Loss: 1.5469
2026-03-17 23:59:26 [INFO] Epoch 10/300 | Train Loss: 1.1151 | Test Loss: 2.9142 | Acc: 0.6966 | Top-5: 0.8590 | F1(M): 0.3691 | Prec(M): 0.3781 | Rec(M): 0.4567 | Prec(W): 0.7927
2026-03-17 23:59:26 [INFO] --> Best model saved with F1: 0.3691 to /data/lihb/enzyme_functional_annotation/optimal_radius/best_model/train_20260317_2243.pth
2026-03-17 23:59:42 [INFO] Epoch: [11] Step : [1/564] Loss: 0.8909
2026-03-18 00:00:41 [INFO] Epoch: [11] Step : [100/564] Loss: 0.9551
2026-03-18 00:01:38 [INFO] Epoch: [11] Step : [200/564] Loss: 5.1872
2026-03-18 00:02:36 [INFO] Epoch: [11] Step : [300/564] Loss: 2.3268
2026-03-18 00:03:34 [INFO] Epoch: [11] Step : [400/564] Loss: 1.3687
2026-03-18 00:04:30 [INFO] Epoch: [11] Step : [500/564] Loss: 1.4402
2026-03-18 00:05:06 [INFO] Epoch: [11] Step : [564/564] Loss: 1.9900
2026-03-18 00:06:57 [INFO] Epoch 11/300 | Train Loss: 1.1039 | Test Loss: 2.8597 | Acc: 0.6754 | Top-5: 0.8495 | F1(M): 0.3637 | Prec(M): 0.3747 | Rec(M): 0.4520 | Prec(W): 0.7650
2026-03-18 00:07:13 [INFO] Epoch: [12] Step : [1/564] Loss: 1.9868
2026-03-18 00:08:10 [INFO] Epoch: [12] Step : [100/564] Loss: 3.0333
2026-03-18 00:09:08 [INFO] Epoch: [12] Step : [200/564] Loss: 0.7648
2026-03-18 00:10:06 [INFO] Epoch: [12] Step : [300/564] Loss: 0.7901
2026-03-18 00:11:03 [INFO] Epoch: [12] Step : [400/564] Loss: 1.4598
2026-03-18 00:12:01 [INFO] Epoch: [12] Step : [500/564] Loss: 1.5809
2026-03-18 00:12:37 [INFO] Epoch: [12] Step : [564/564] Loss: 2.5633
2026-03-18 00:14:28 [INFO] Epoch 12/300 | Train Loss: 1.0719 | Test Loss: 3.0063 | Acc: 0.6486 | Top-5: 0.8456 | F1(M): 0.3402 | Prec(M): 0.3588 | Rec(M): 0.4210 | Prec(W): 0.7515
2026-03-18 00:14:44 [INFO] Epoch: [13] Step : [1/564] Loss: 1.3153
2026-03-18 00:15:40 [INFO] Epoch: [13] Step : [100/564] Loss: 0.8054
2026-03-18 00:16:38 [INFO] Epoch: [13] Step : [200/564] Loss: 1.9506
2026-03-18 00:17:35 [INFO] Epoch: [13] Step : [300/564] Loss: 5.4283
2026-03-18 00:18:32 [INFO] Epoch: [13] Step : [400/564] Loss: 0.7603
2026-03-18 00:19:30 [INFO] Epoch: [13] Step : [500/564] Loss: 3.0496
2026-03-18 00:20:06 [INFO] Epoch: [13] Step : [564/564] Loss: 0.5814
2026-03-18 00:21:58 [INFO] Epoch 13/300 | Train Loss: 1.0336 | Test Loss: 2.9387 | Acc: 0.6824 | Top-5: 0.8459 | F1(M): 0.3830 | Prec(M): 0.4043 | Rec(M): 0.4578 | Prec(W): 0.8005
2026-03-18 00:21:58 [INFO] --> Best model saved with F1: 0.3830 to /data/lihb/enzyme_functional_annotation/optimal_radius/best_model/train_20260317_2243.pth
2026-03-18 00:22:14 [INFO] Epoch: [14] Step : [1/564] Loss: 1.2496
2026-03-18 00:23:10 [INFO] Epoch: [14] Step : [100/564] Loss: 1.2153
2026-03-18 00:24:08 [INFO] Epoch: [14] Step : [200/564] Loss: 2.5346
2026-03-18 00:25:06 [INFO] Epoch: [14] Step : [300/564] Loss: 1.4916
2026-03-18 00:26:03 [INFO] Epoch: [14] Step : [400/564] Loss: 2.0012
2026-03-18 00:27:01 [INFO] Epoch: [14] Step : [500/564] Loss: 2.6259
2026-03-18 00:27:38 [INFO] Epoch: [14] Step : [564/564] Loss: 0.5080
2026-03-18 00:29:32 [INFO] Epoch 14/300 | Train Loss: 1.0228 | Test Loss: 3.1230 | Acc: 0.6419 | Top-5: 0.8262 | F1(M): 0.3271 | Prec(M): 0.3461 | Rec(M): 0.3955 | Prec(W): 0.7290
2026-03-18 00:29:49 [INFO] Epoch: [15] Step : [1/564] Loss: 2.5358
2026-03-18 00:30:45 [INFO] Epoch: [15] Step : [100/564] Loss: 2.3953
2026-03-18 00:31:43 [INFO] Epoch: [15] Step : [200/564] Loss: 2.0018
2026-03-18 00:32:40 [INFO] Epoch: [15] Step : [300/564] Loss: 0.6950
2026-03-18 00:33:38 [INFO] Epoch: [15] Step : [400/564] Loss: 1.6001
2026-03-18 00:34:38 [INFO] Epoch: [15] Step : [500/564] Loss: 0.9161
2026-03-18 00:35:14 [INFO] Epoch: [15] Step : [564/564] Loss: 0.5337
2026-03-18 00:37:05 [INFO] Epoch 15/300 | Train Loss: 1.0122 | Test Loss: 2.7644 | Acc: 0.7240 | Top-5: 0.8583 | F1(M): 0.3864 | Prec(M): 0.3929 | Rec(M): 0.4786 | Prec(W): 0.7866
2026-03-18 00:37:05 [INFO] --> Best model saved with F1: 0.3864 to /data/lihb/enzyme_functional_annotation/optimal_radius/best_model/train_20260317_2243.pth
2026-03-18 00:37:21 [INFO] Epoch: [16] Step : [1/564] Loss: 0.8447
2026-03-18 00:38:18 [INFO] Epoch: [16] Step : [100/564] Loss: 0.7098
2026-03-18 00:39:15 [INFO] Epoch: [16] Step : [200/564] Loss: 0.6415
2026-03-18 00:40:13 [INFO] Epoch: [16] Step : [300/564] Loss: 1.0720
2026-03-18 00:41:11 [INFO] Epoch: [16] Step : [400/564] Loss: 1.2397
2026-03-18 00:42:09 [INFO] Epoch: [16] Step : [500/564] Loss: 0.4437
2026-03-18 00:42:46 [INFO] Epoch: [16] Step : [564/564] Loss: 2.2992
2026-03-18 00:44:38 [INFO] Epoch 16/300 | Train Loss: 0.9932 | Test Loss: 2.6192 | Acc: 0.7226 | Top-5: 0.8674 | F1(M): 0.4121 | Prec(M): 0.4200 | Rec(M): 0.4929 | Prec(W): 0.7857
2026-03-18 00:44:39 [INFO] --> Best model saved with F1: 0.4121 to /data/lihb/enzyme_functional_annotation/optimal_radius/best_model/train_20260317_2243.pth
2026-03-18 00:44:55 [INFO] Epoch: [17] Step : [1/564] Loss: 3.4475
2026-03-18 00:45:52 [INFO] Epoch: [17] Step : [100/564] Loss: 0.5537
2026-03-18 00:46:49 [INFO] Epoch: [17] Step : [200/564] Loss: 1.0979
2026-03-18 00:47:47 [INFO] Epoch: [17] Step : [300/564] Loss: 1.5952
2026-03-18 00:48:44 [INFO] Epoch: [17] Step : [400/564] Loss: 0.7026
2026-03-18 00:49:43 [INFO] Epoch: [17] Step : [500/564] Loss: 2.6920
2026-03-18 00:50:19 [INFO] Epoch: [17] Step : [564/564] Loss: 1.4727
2026-03-18 00:52:11 [INFO] Epoch 17/300 | Train Loss: 0.9836 | Test Loss: 2.7521 | Acc: 0.7121 | Top-5: 0.8598 | F1(M): 0.4094 | Prec(M): 0.4260 | Rec(M): 0.4924 | Prec(W): 0.8117
2026-03-18 00:52:27 [INFO] Epoch: [18] Step : [1/564] Loss: 0.5696
2026-03-18 00:53:25 [INFO] Epoch: [18] Step : [100/564] Loss: 0.5635
2026-03-18 00:54:23 [INFO] Epoch: [18] Step : [200/564] Loss: 1.5482
2026-03-18 00:55:21 [INFO] Epoch: [18] Step : [300/564] Loss: 0.6191
2026-03-18 00:56:18 [INFO] Epoch: [18] Step : [400/564] Loss: 1.5620
2026-03-18 00:57:15 [INFO] Epoch: [18] Step : [500/564] Loss: 0.7186
2026-03-18 00:57:52 [INFO] Epoch: [18] Step : [564/564] Loss: 1.2256
2026-03-18 00:59:46 [INFO] Epoch 18/300 | Train Loss: 0.9737 | Test Loss: 2.4799 | Acc: 0.7316 | Top-5: 0.8825 | F1(M): 0.4450 | Prec(M): 0.4527 | Rec(M): 0.5356 | Prec(W): 0.8628
2026-03-18 00:59:46 [INFO] --> Best model saved with F1: 0.4450 to /data/lihb/enzyme_functional_annotation/optimal_radius/best_model/train_20260317_2243.pth
2026-03-18 01:00:02 [INFO] Epoch: [19] Step : [1/564] Loss: 0.5436
2026-03-18 01:00:59 [INFO] Epoch: [19] Step : [100/564] Loss: 1.3216
2026-03-18 01:01:57 [INFO] Epoch: [19] Step : [200/564] Loss: 0.5541
2026-03-18 01:02:54 [INFO] Epoch: [19] Step : [300/564] Loss: 2.0996
2026-03-18 01:03:52 [INFO] Epoch: [19] Step : [400/564] Loss: 3.1793
2026-03-18 01:04:51 [INFO] Epoch: [19] Step : [500/564] Loss: 0.7009
2026-03-18 01:05:28 [INFO] Epoch: [19] Step : [564/564] Loss: 0.2154
2026-03-18 01:07:21 [INFO] Epoch 19/300 | Train Loss: 0.9630 | Test Loss: 2.5056 | Acc: 0.7208 | Top-5: 0.8632 | F1(M): 0.4339 | Prec(M): 0.4420 | Rec(M): 0.5194 | Prec(W): 0.7725
2026-03-18 01:07:37 [INFO] Epoch: [20] Step : [1/564] Loss: 1.5319
2026-03-18 01:08:35 [INFO] Epoch: [20] Step : [100/564] Loss: 0.8724
2026-03-18 01:09:33 [INFO] Epoch: [20] Step : [200/564] Loss: 2.6903
2026-03-18 01:10:30 [INFO] Epoch: [20] Step : [300/564] Loss: 0.4503
2026-03-18 01:11:29 [INFO] Epoch: [20] Step : [400/564] Loss: 3.4442
2026-03-18 01:12:27 [INFO] Epoch: [20] Step : [500/564] Loss: 1.3819
2026-03-18 01:13:03 [INFO] Epoch: [20] Step : [564/564] Loss: 0.5570
2026-03-18 01:14:57 [INFO] Epoch 20/300 | Train Loss: 0.9354 | Test Loss: 2.4811 | Acc: 0.7349 | Top-5: 0.8870 | F1(M): 0.4500 | Prec(M): 0.4588 | Rec(M): 0.5377 | Prec(W): 0.8623
2026-03-18 01:14:57 [INFO] --> Best model saved with F1: 0.4500 to /data/lihb/enzyme_functional_annotation/optimal_radius/best_model/train_20260317_2243.pth
2026-03-18 01:15:14 [INFO] Epoch: [21] Step : [1/564] Loss: 1.5258
2026-03-18 01:16:11 [INFO] Epoch: [21] Step : [100/564] Loss: 0.9563
2026-03-18 01:17:09 [INFO] Epoch: [21] Step : [200/564] Loss: 1.5858
2026-03-18 01:18:07 [INFO] Epoch: [21] Step : [300/564] Loss: 1.7240
2026-03-18 01:19:05 [INFO] Epoch: [21] Step : [400/564] Loss: 1.7389
2026-03-18 01:20:03 [INFO] Epoch: [21] Step : [500/564] Loss: 1.9054
2026-03-18 01:20:39 [INFO] Epoch: [21] Step : [564/564] Loss: 2.0459
2026-03-18 01:22:31 [INFO] Epoch 21/300 | Train Loss: 0.9228 | Test Loss: 2.4431 | Acc: 0.7798 | Top-5: 0.9189 | F1(M): 0.4429 | Prec(M): 0.4512 | Rec(M): 0.5268 | Prec(W): 0.8492
2026-03-18 01:22:48 [INFO] Epoch: [22] Step : [1/564] Loss: 1.7341
2026-03-18 01:23:45 [INFO] Epoch: [22] Step : [100/564] Loss: 0.3418
2026-03-18 01:24:43 [INFO] Epoch: [22] Step : [200/564] Loss: 1.3182
2026-03-18 01:25:41 [INFO] Epoch: [22] Step : [300/564] Loss: 5.0711
2026-03-18 01:26:38 [INFO] Epoch: [22] Step : [400/564] Loss: 1.1895
2026-03-18 01:27:36 [INFO] Epoch: [22] Step : [500/564] Loss: 3.4366
2026-03-18 01:28:13 [INFO] Epoch: [22] Step : [564/564] Loss: 5.7354
2026-03-18 01:30:05 [INFO] Epoch 22/300 | Train Loss: 0.9257 | Test Loss: 2.5640 | Acc: 0.7326 | Top-5: 0.8701 | F1(M): 0.4352 | Prec(M): 0.4441 | Rec(M): 0.5182 | Prec(W): 0.8102
2026-03-18 01:30:22 [INFO] Epoch: [23] Step : [1/564] Loss: 0.8615
2026-03-18 01:31:19 [INFO] Epoch: [23] Step : [100/564] Loss: 1.4737
2026-03-18 01:32:16 [INFO] Epoch: [23] Step : [200/564] Loss: 1.5299
2026-03-18 01:33:14 [INFO] Epoch: [23] Step : [300/564] Loss: 4.4431
2026-03-18 01:34:11 [INFO] Epoch: [23] Step : [400/564] Loss: 1.9420
2026-03-18 01:35:09 [INFO] Epoch: [23] Step : [500/564] Loss: 5.0984
2026-03-18 01:35:46 [INFO] Epoch: [23] Step : [564/564] Loss: 1.2713
2026-03-18 01:37:38 [INFO] Epoch 23/300 | Train Loss: 0.9170 | Test Loss: 2.5036 | Acc: 0.7490 | Top-5: 0.8887 | F1(M): 0.4388 | Prec(M): 0.4436 | Rec(M): 0.5393 | Prec(W): 0.8599
2026-03-18 01:37:54 [INFO] Epoch: [24] Step : [1/564] Loss: 1.7487
2026-03-18 01:38:51 [INFO] Epoch: [24] Step : [100/564] Loss: 1.2532
2026-03-18 01:39:49 [INFO] Epoch: [24] Step : [200/564] Loss: 1.1283
2026-03-18 01:40:47 [INFO] Epoch: [24] Step : [300/564] Loss: 0.3145
2026-03-18 01:41:44 [INFO] Epoch: [24] Step : [400/564] Loss: 2.5772
2026-03-18 01:42:42 [INFO] Epoch: [24] Step : [500/564] Loss: 0.7034
2026-03-18 01:43:19 [INFO] Epoch: [24] Step : [564/564] Loss: 0.2003
2026-03-18 01:45:15 [INFO] Epoch 24/300 | Train Loss: 0.9116 | Test Loss: 2.6648 | Acc: 0.6783 | Top-5: 0.8807 | F1(M): 0.4160 | Prec(M): 0.4339 | Rec(M): 0.5039 | Prec(W): 0.8336
2026-03-18 01:45:31 [INFO] Epoch: [25] Step : [1/564] Loss: 2.1016
2026-03-18 01:46:28 [INFO] Epoch: [25] Step : [100/564] Loss: 0.4832
2026-03-18 01:47:27 [INFO] Epoch: [25] Step : [200/564] Loss: 1.0613
2026-03-18 01:48:24 [INFO] Epoch: [25] Step : [300/564] Loss: 1.1274
2026-03-18 01:49:21 [INFO] Epoch: [25] Step : [400/564] Loss: 1.1852
2026-03-18 01:50:19 [INFO] Epoch: [25] Step : [500/564] Loss: 7.2572
2026-03-18 01:50:55 [INFO] Epoch: [25] Step : [564/564] Loss: 4.9514
2026-03-18 01:52:49 [INFO] Epoch 25/300 | Train Loss: 0.8925 | Test Loss: 2.6067 | Acc: 0.6690 | Top-5: 0.8542 | F1(M): 0.4254 | Prec(M): 0.4463 | Rec(M): 0.5021 | Prec(W): 0.7890
2026-03-18 01:53:05 [INFO] Epoch: [26] Step : [1/564] Loss: 1.4773
2026-03-18 01:54:01 [INFO] Epoch: [26] Step : [100/564] Loss: 1.1319
2026-03-18 01:55:00 [INFO] Epoch: [26] Step : [200/564] Loss: 1.0450
2026-03-18 01:55:57 [INFO] Epoch: [26] Step : [300/564] Loss: 0.8068
2026-03-18 01:56:55 [INFO] Epoch: [26] Step : [400/564] Loss: 2.3027
2026-03-18 01:57:52 [INFO] Epoch: [26] Step : [500/564] Loss: 1.7849
2026-03-18 01:58:28 [INFO] Epoch: [26] Step : [564/564] Loss: 6.1604
2026-03-18 02:00:20 [INFO] Epoch 26/300 | Train Loss: 0.8970 | Test Loss: 2.4793 | Acc: 0.7508 | Top-5: 0.8746 | F1(M): 0.4452 | Prec(M): 0.4502 | Rec(M): 0.5358 | Prec(W): 0.8074
2026-03-18 02:00:36 [INFO] Epoch: [27] Step : [1/564] Loss: 1.7121
2026-03-18 02:01:32 [INFO] Epoch: [27] Step : [100/564] Loss: 1.6679
2026-03-18 02:02:31 [INFO] Epoch: [27] Step : [200/564] Loss: 3.1004
2026-03-18 02:03:29 [INFO] Epoch: [27] Step : [300/564] Loss: 5.1072
2026-03-18 02:04:26 [INFO] Epoch: [27] Step : [400/564] Loss: 0.6939
2026-03-18 02:05:24 [INFO] Epoch: [27] Step : [500/564] Loss: 1.0465
2026-03-18 02:06:01 [INFO] Epoch: [27] Step : [564/564] Loss: 3.5157
2026-03-18 02:07:53 [INFO] Epoch 27/300 | Train Loss: 0.8982 | Test Loss: 2.3815 | Acc: 0.7434 | Top-5: 0.8864 | F1(M): 0.4598 | Prec(M): 0.4728 | Rec(M): 0.5473 | Prec(W): 0.8585
2026-03-18 02:07:53 [INFO] --> Best model saved with F1: 0.4598 to /data/lihb/enzyme_functional_annotation/optimal_radius/best_model/train_20260317_2243.pth
2026-03-18 02:08:09 [INFO] Epoch: [28] Step : [1/564] Loss: 2.5247
2026-03-18 02:09:07 [INFO] Epoch: [28] Step : [100/564] Loss: 2.2701
2026-03-18 02:10:05 [INFO] Epoch: [28] Step : [200/564] Loss: 1.4824
2026-03-18 02:11:03 [INFO] Epoch: [28] Step : [300/564] Loss: 0.7778
2026-03-18 02:12:01 [INFO] Epoch: [28] Step : [400/564] Loss: 2.1842
2026-03-18 02:12:59 [INFO] Epoch: [28] Step : [500/564] Loss: 1.2313
2026-03-18 02:13:35 [INFO] Epoch: [28] Step : [564/564] Loss: 1.7663
2026-03-18 02:15:28 [INFO] Epoch 28/300 | Train Loss: 0.8610 | Test Loss: 2.4175 | Acc: 0.7280 | Top-5: 0.8917 | F1(M): 0.4605 | Prec(M): 0.4760 | Rec(M): 0.5499 | Prec(W): 0.8525
2026-03-18 02:15:28 [INFO] --> Best model saved with F1: 0.4605 to /data/lihb/enzyme_functional_annotation/optimal_radius/best_model/train_20260317_2243.pth
2026-03-18 02:15:45 [INFO] Epoch: [29] Step : [1/564] Loss: 3.0819
2026-03-18 02:16:42 [INFO] Epoch: [29] Step : [100/564] Loss: 3.2058
2026-03-18 02:17:40 [INFO] Epoch: [29] Step : [200/564] Loss: 1.4493
2026-03-18 02:18:38 [INFO] Epoch: [29] Step : [300/564] Loss: 1.7000
2026-03-18 02:19:36 [INFO] Epoch: [29] Step : [400/564] Loss: 0.9120
2026-03-18 02:20:34 [INFO] Epoch: [29] Step : [500/564] Loss: 0.6890
2026-03-18 02:21:11 [INFO] Epoch: [29] Step : [564/564] Loss: 1.5814
2026-03-18 02:23:02 [INFO] Epoch 29/300 | Train Loss: 0.8770 | Test Loss: 2.3102 | Acc: 0.7833 | Top-5: 0.9175 | F1(M): 0.4842 | Prec(M): 0.4910 | Rec(M): 0.5744 | Prec(W): 0.8836
2026-03-18 02:23:02 [INFO] --> Best model saved with F1: 0.4842 to /data/lihb/enzyme_functional_annotation/optimal_radius/best_model/train_20260317_2243.pth
2026-03-18 02:23:18 [INFO] Epoch: [30] Step : [1/564] Loss: 1.0021
2026-03-18 02:24:16 [INFO] Epoch: [30] Step : [100/564] Loss: 1.7609
2026-03-18 02:25:13 [INFO] Epoch: [30] Step : [200/564] Loss: 2.3921
2026-03-18 02:26:11 [INFO] Epoch: [30] Step : [300/564] Loss: 1.7743
2026-03-18 02:27:09 [INFO] Epoch: [30] Step : [400/564] Loss: 1.4695
2026-03-18 02:28:07 [INFO] Epoch: [30] Step : [500/564] Loss: 0.5668
2026-03-18 02:28:45 [INFO] Epoch: [30] Step : [564/564] Loss: 3.1090
2026-03-18 02:30:37 [INFO] Epoch 30/300 | Train Loss: 0.8755 | Test Loss: 2.4012 | Acc: 0.7559 | Top-5: 0.8850 | F1(M): 0.4636 | Prec(M): 0.4708 | Rec(M): 0.5509 | Prec(W): 0.8704
2026-03-18 02:30:53 [INFO] Epoch: [31] Step : [1/564] Loss: 0.6091
2026-03-18 02:31:51 [INFO] Epoch: [31] Step : [100/564] Loss: 0.6318
2026-03-18 02:32:49 [INFO] Epoch: [31] Step : [200/564] Loss: 1.0193
2026-03-18 02:33:46 [INFO] Epoch: [31] Step : [300/564] Loss: 1.2136
2026-03-18 02:34:45 [INFO] Epoch: [31] Step : [400/564] Loss: 0.8437
2026-03-18 02:35:42 [INFO] Epoch: [31] Step : [500/564] Loss: 2.3991
2026-03-18 02:36:19 [INFO] Epoch: [31] Step : [564/564] Loss: 2.3541
2026-03-18 02:38:10 [INFO] Epoch 31/300 | Train Loss: 0.8824 | Test Loss: 2.3697 | Acc: 0.7729 | Top-5: 0.9163 | F1(M): 0.4738 | Prec(M): 0.4789 | Rec(M): 0.5581 | Prec(W): 0.8658
2026-03-18 02:38:27 [INFO] Epoch: [32] Step : [1/564] Loss: 0.6539
2026-03-18 02:39:24 [INFO] Epoch: [32] Step : [100/564] Loss: 0.3727
2026-03-18 02:40:22 [INFO] Epoch: [32] Step : [200/564] Loss: 2.5550
2026-03-18 02:41:20 [INFO] Epoch: [32] Step : [300/564] Loss: 1.3490
2026-03-18 02:42:18 [INFO] Epoch: [32] Step : [400/564] Loss: 1.7449
2026-03-18 02:43:16 [INFO] Epoch: [32] Step : [500/564] Loss: 0.9436
2026-03-18 02:43:52 [INFO] Epoch: [32] Step : [564/564] Loss: 3.4290
2026-03-18 02:45:44 [INFO] Epoch 32/300 | Train Loss: 0.8605 | Test Loss: 2.4739 | Acc: 0.7623 | Top-5: 0.9023 | F1(M): 0.4633 | Prec(M): 0.4797 | Rec(M): 0.5428 | Prec(W): 0.8744
2026-03-18 02:46:00 [INFO] Epoch: [33] Step : [1/564] Loss: 0.9993
2026-03-18 02:46:57 [INFO] Epoch: [33] Step : [100/564] Loss: 8.0330
2026-03-18 02:47:55 [INFO] Epoch: [33] Step : [200/564] Loss: 1.1233
2026-03-18 02:48:53 [INFO] Epoch: [33] Step : [300/564] Loss: 0.9966
2026-03-18 02:49:51 [INFO] Epoch: [33] Step : [400/564] Loss: 2.0024
2026-03-18 02:50:49 [INFO] Epoch: [33] Step : [500/564] Loss: 1.1216
2026-03-18 02:51:26 [INFO] Epoch: [33] Step : [564/564] Loss: 0.5721
2026-03-18 02:53:19 [INFO] Epoch 33/300 | Train Loss: 0.8761 | Test Loss: 2.3415 | Acc: 0.7848 | Top-5: 0.9320 | F1(M): 0.4742 | Prec(M): 0.4816 | Rec(M): 0.5660 | Prec(W): 0.8821
2026-03-18 02:53:35 [INFO] Epoch: [34] Step : [1/564] Loss: 0.6028
2026-03-18 02:54:33 [INFO] Epoch: [34] Step : [100/564] Loss: 0.9677
2026-03-18 02:55:30 [INFO] Epoch: [34] Step : [200/564] Loss: 0.4194
2026-03-18 02:56:28 [INFO] Epoch: [34] Step : [300/564] Loss: 0.5389
2026-03-18 02:57:26 [INFO] Epoch: [34] Step : [400/564] Loss: 0.6896
2026-03-18 02:58:25 [INFO] Epoch: [34] Step : [500/564] Loss: 0.9345
2026-03-18 02:59:01 [INFO] Epoch: [34] Step : [564/564] Loss: 0.7618
2026-03-18 03:00:53 [INFO] Epoch 34/300 | Train Loss: 0.8379 | Test Loss: 2.3336 | Acc: 0.7940 | Top-5: 0.9264 | F1(M): 0.4760 | Prec(M): 0.4857 | Rec(M): 0.5564 | Prec(W): 0.8935
2026-03-18 03:01:09 [INFO] Epoch: [35] Step : [1/564] Loss: 0.6340
2026-03-18 03:02:07 [INFO] Epoch: [35] Step : [100/564] Loss: 1.3200
2026-03-18 03:03:06 [INFO] Epoch: [35] Step : [200/564] Loss: 0.8931
2026-03-18 03:04:04 [INFO] Epoch: [35] Step : [300/564] Loss: 0.9631
2026-03-18 03:05:01 [INFO] Epoch: [35] Step : [400/564] Loss: 1.2275
2026-03-18 03:05:59 [INFO] Epoch: [35] Step : [500/564] Loss: 0.9252
2026-03-18 03:06:35 [INFO] Epoch: [35] Step : [564/564] Loss: 0.5762
2026-03-18 03:08:27 [INFO] Epoch 35/300 | Train Loss: 0.8406 | Test Loss: 2.3007 | Acc: 0.7542 | Top-5: 0.9045 | F1(M): 0.4784 | Prec(M): 0.4859 | Rec(M): 0.5715 | Prec(W): 0.8607
2026-03-18 03:08:43 [INFO] Epoch: [36] Step : [1/564] Loss: 1.2945
2026-03-18 03:09:41 [INFO] Epoch: [36] Step : [100/564] Loss: 1.1367
2026-03-18 03:10:39 [INFO] Epoch: [36] Step : [200/564] Loss: 1.2413
2026-03-18 03:11:37 [INFO] Epoch: [36] Step : [300/564] Loss: 1.8924
2026-03-18 03:12:34 [INFO] Epoch: [36] Step : [400/564] Loss: 1.4473
2026-03-18 03:13:32 [INFO] Epoch: [36] Step : [500/564] Loss: 0.5858
2026-03-18 03:14:10 [INFO] Epoch: [36] Step : [564/564] Loss: 1.6681
2026-03-18 03:16:03 [INFO] Epoch 36/300 | Train Loss: 0.8358 | Test Loss: 2.3492 | Acc: 0.7685 | Top-5: 0.8747 | F1(M): 0.4862 | Prec(M): 0.4870 | Rec(M): 0.5758 | Prec(W): 0.8162
2026-03-18 03:16:03 [INFO] --> Best model saved with F1: 0.4862 to /data/lihb/enzyme_functional_annotation/optimal_radius/best_model/train_20260317_2243.pth
2026-03-18 03:16:19 [INFO] Epoch: [37] Step : [1/564] Loss: 1.0618
2026-03-18 03:17:16 [INFO] Epoch: [37] Step : [100/564] Loss: 0.9583
2026-03-18 03:18:14 [INFO] Epoch: [37] Step : [200/564] Loss: 0.7582
2026-03-18 03:19:12 [INFO] Epoch: [37] Step : [300/564] Loss: 0.2629
2026-03-18 03:20:10 [INFO] Epoch: [37] Step : [400/564] Loss: 0.9480
2026-03-18 03:21:09 [INFO] Epoch: [37] Step : [500/564] Loss: 2.6133
2026-03-18 03:21:45 [INFO] Epoch: [37] Step : [564/564] Loss: 0.7202
2026-03-18 03:23:38 [INFO] Epoch 37/300 | Train Loss: 0.8300 | Test Loss: 2.3792 | Acc: 0.7320 | Top-5: 0.8966 | F1(M): 0.4764 | Prec(M): 0.4895 | Rec(M): 0.5561 | Prec(W): 0.8622
2026-03-18 03:23:54 [INFO] Epoch: [38] Step : [1/564] Loss: 1.5342
2026-03-18 03:24:52 [INFO] Epoch: [38] Step : [100/564] Loss: 0.3837
2026-03-18 03:25:50 [INFO] Epoch: [38] Step : [200/564] Loss: 1.9065
2026-03-18 03:26:48 [INFO] Epoch: [38] Step : [300/564] Loss: 1.0065
2026-03-18 03:27:46 [INFO] Epoch: [38] Step : [400/564] Loss: 1.8885
2026-03-18 03:28:44 [INFO] Epoch: [38] Step : [500/564] Loss: 3.3275
2026-03-18 03:29:21 [INFO] Epoch: [38] Step : [564/564] Loss: 1.1484
2026-03-18 03:31:13 [INFO] Epoch 38/300 | Train Loss: 0.8339 | Test Loss: 2.3547 | Acc: 0.7622 | Top-5: 0.9226 | F1(M): 0.4799 | Prec(M): 0.4865 | Rec(M): 0.5706 | Prec(W): 0.8529
2026-03-18 03:31:30 [INFO] Epoch: [39] Step : [1/564] Loss: 1.1038
2026-03-18 03:32:27 [INFO] Epoch: [39] Step : [100/564] Loss: 1.9367
2026-03-18 03:33:26 [INFO] Epoch: [39] Step : [200/564] Loss: 1.3171
2026-03-18 03:34:23 [INFO] Epoch: [39] Step : [300/564] Loss: 0.9412
2026-03-18 03:35:21 [INFO] Epoch: [39] Step : [400/564] Loss: 0.8775
2026-03-18 03:36:19 [INFO] Epoch: [39] Step : [500/564] Loss: 0.7758
2026-03-18 03:36:56 [INFO] Epoch: [39] Step : [564/564] Loss: 0.2693
2026-03-18 03:38:52 [INFO] Epoch 39/300 | Train Loss: 0.8332 | Test Loss: 2.3784 | Acc: 0.7562 | Top-5: 0.9266 | F1(M): 0.4614 | Prec(M): 0.4751 | Rec(M): 0.5449 | Prec(W): 0.8668
2026-03-18 03:39:08 [INFO] Epoch: [40] Step : [1/564] Loss: 1.0783
2026-03-18 03:40:06 [INFO] Epoch: [40] Step : [100/564] Loss: 1.8221
2026-03-18 03:41:06 [INFO] Epoch: [40] Step : [200/564] Loss: 0.6593
2026-03-18 03:42:04 [INFO] Epoch: [40] Step : [300/564] Loss: 1.9098
2026-03-18 03:43:03 [INFO] Epoch: [40] Step : [400/564] Loss: 1.2594
2026-03-18 03:44:02 [INFO] Epoch: [40] Step : [500/564] Loss: 0.9178
2026-03-18 03:44:39 [INFO] Epoch: [40] Step : [564/564] Loss: 0.5538
2026-03-18 03:46:34 [INFO] Epoch 40/300 | Train Loss: 0.8182 | Test Loss: 2.2636 | Acc: 0.7805 | Top-5: 0.9163 | F1(M): 0.4844 | Prec(M): 0.4914 | Rec(M): 0.5702 | Prec(W): 0.8674
2026-03-18 03:46:49 [INFO] Epoch: [41] Step : [1/564] Loss: 5.0210
2026-03-18 03:47:48 [INFO] Epoch: [41] Step : [100/564] Loss: 2.2570
2026-03-18 03:48:48 [INFO] Epoch: [41] Step : [200/564] Loss: 0.9242
2026-03-18 03:49:46 [INFO] Epoch: [41] Step : [300/564] Loss: 2.0079
2026-03-18 03:50:46 [INFO] Epoch: [41] Step : [400/564] Loss: 1.4694
2026-03-18 03:51:44 [INFO] Epoch: [41] Step : [500/564] Loss: 0.8299
2026-03-18 03:52:21 [INFO] Epoch: [41] Step : [564/564] Loss: 4.0970
2026-03-18 03:54:16 [INFO] Epoch 41/300 | Train Loss: 0.8256 | Test Loss: 2.2963 | Acc: 0.7744 | Top-5: 0.9118 | F1(M): 0.5025 | Prec(M): 0.5086 | Rec(M): 0.5847 | Prec(W): 0.8635
2026-03-18 03:54:17 [INFO] --> Best model saved with F1: 0.5025 to /data/lihb/enzyme_functional_annotation/optimal_radius/best_model/train_20260317_2243.pth
2026-03-18 03:54:32 [INFO] Epoch: [42] Step : [1/564] Loss: 1.3946
2026-03-18 03:55:30 [INFO] Epoch: [42] Step : [100/564] Loss: 1.2327
2026-03-18 03:56:29 [INFO] Epoch: [42] Step : [200/564] Loss: 3.2966
2026-03-18 03:57:28 [INFO] Epoch: [42] Step : [300/564] Loss: 2.4786
2026-03-18 03:58:28 [INFO] Epoch: [42] Step : [400/564] Loss: 1.5701
2026-03-18 03:59:26 [INFO] Epoch: [42] Step : [500/564] Loss: 5.6421
2026-03-18 04:00:04 [INFO] Epoch: [42] Step : [564/564] Loss: 2.1293
2026-03-18 04:01:59 [INFO] Epoch 42/300 | Train Loss: 0.8111 | Test Loss: 2.3243 | Acc: 0.7406 | Top-5: 0.8948 | F1(M): 0.4801 | Prec(M): 0.4972 | Rec(M): 0.5632 | Prec(W): 0.8782
2026-03-18 04:02:14 [INFO] Epoch: [43] Step : [1/564] Loss: 1.6916
2026-03-18 04:03:12 [INFO] Epoch: [43] Step : [100/564] Loss: 0.4372
2026-03-18 04:04:11 [INFO] Epoch: [43] Step : [200/564] Loss: 0.8484
2026-03-18 04:05:10 [INFO] Epoch: [43] Step : [300/564] Loss: 1.9409
2026-03-18 04:06:10 [INFO] Epoch: [43] Step : [400/564] Loss: 0.8365
2026-03-18 04:07:08 [INFO] Epoch: [43] Step : [500/564] Loss: 1.2252
2026-03-18 04:07:45 [INFO] Epoch: [43] Step : [564/564] Loss: 0.3356
2026-03-18 04:09:40 [INFO] Epoch 43/300 | Train Loss: 0.7861 | Test Loss: 2.2833 | Acc: 0.7874 | Top-5: 0.9224 | F1(M): 0.4988 | Prec(M): 0.5036 | Rec(M): 0.5843 | Prec(W): 0.8790
2026-03-18 04:09:55 [INFO] Epoch: [44] Step : [1/564] Loss: 1.1017
2026-03-18 04:10:52 [INFO] Epoch: [44] Step : [100/564] Loss: 1.6788
2026-03-18 04:11:52 [INFO] Epoch: [44] Step : [200/564] Loss: 1.5912
2026-03-18 04:12:50 [INFO] Epoch: [44] Step : [300/564] Loss: 0.8198
2026-03-18 04:13:49 [INFO] Epoch: [44] Step : [400/564] Loss: 4.2959
2026-03-18 04:14:47 [INFO] Epoch: [44] Step : [500/564] Loss: 0.9408
2026-03-18 04:15:24 [INFO] Epoch: [44] Step : [564/564] Loss: 0.7517
2026-03-18 04:17:19 [INFO] Epoch 44/300 | Train Loss: 0.8370 | Test Loss: 2.3885 | Acc: 0.7322 | Top-5: 0.8626 | F1(M): 0.4749 | Prec(M): 0.4842 | Rec(M): 0.5565 | Prec(W): 0.7879
2026-03-18 04:17:35 [INFO] Epoch: [45] Step : [1/564] Loss: 0.7189
2026-03-18 04:18:33 [INFO] Epoch: [45] Step : [100/564] Loss: 0.4376
2026-03-18 04:19:32 [INFO] Epoch: [45] Step : [200/564] Loss: 1.0362
2026-03-18 04:20:31 [INFO] Epoch: [45] Step : [300/564] Loss: 1.5089
2026-03-18 04:21:29 [INFO] Epoch: [45] Step : [400/564] Loss: 1.1069
2026-03-18 04:22:28 [INFO] Epoch: [45] Step : [500/564] Loss: 0.5463
2026-03-18 04:23:06 [INFO] Epoch: [45] Step : [564/564] Loss: 0.2972
2026-03-18 04:25:04 [INFO] Epoch 45/300 | Train Loss: 0.8140 | Test Loss: 2.4287 | Acc: 0.7515 | Top-5: 0.9130 | F1(M): 0.4707 | Prec(M): 0.4804 | Rec(M): 0.5641 | Prec(W): 0.8699
2026-03-18 04:25:20 [INFO] Epoch: [46] Step : [1/564] Loss: 0.3434
2026-03-18 04:26:19 [INFO] Epoch: [46] Step : [100/564] Loss: 1.3599
2026-03-18 04:27:17 [INFO] Epoch: [46] Step : [200/564] Loss: 1.8437
2026-03-18 04:28:16 [INFO] Epoch: [46] Step : [300/564] Loss: 1.3435
2026-03-18 04:29:15 [INFO] Epoch: [46] Step : [400/564] Loss: 2.0417
2026-03-18 04:30:14 [INFO] Epoch: [46] Step : [500/564] Loss: 4.3152
2026-03-18 04:30:52 [INFO] Epoch: [46] Step : [564/564] Loss: 0.9265
2026-03-18 04:32:50 [INFO] Epoch 46/300 | Train Loss: 0.8175 | Test Loss: 2.6350 | Acc: 0.7013 | Top-5: 0.8853 | F1(M): 0.4521 | Prec(M): 0.4700 | Rec(M): 0.5252 | Prec(W): 0.8312
2026-03-18 06:24:03 [INFO] Epoch: [47] Step : [1/564] Loss: 1.3780
2026-03-18 06:25:02 [INFO] Epoch: [47] Step : [100/564] Loss: 0.4013
2026-03-18 06:26:03 [INFO] Epoch: [47] Step : [200/564] Loss: 1.2522
2026-03-18 06:27:02 [INFO] Epoch: [47] Step : [300/564] Loss: 1.6467
2026-03-18 06:28:00 [INFO] Epoch: [47] Step : [400/564] Loss: 3.0716
2026-03-18 06:28:59 [INFO] Epoch: [47] Step : [500/564] Loss: 2.2627
2026-03-18 06:29:36 [INFO] Epoch: [47] Step : [564/564] Loss: 1.5092
2026-03-18 06:31:32 [INFO] Epoch 47/300 | Train Loss: 0.7963 | Test Loss: 2.3554 | Acc: 0.7166 | Top-5: 0.8830 | F1(M): 0.4707 | Prec(M): 0.4851 | Rec(M): 0.5532 | Prec(W): 0.8788
2026-03-18 06:31:48 [INFO] Epoch: [48] Step : [1/564] Loss: 0.4885
2026-03-18 06:32:45 [INFO] Epoch: [48] Step : [100/564] Loss: 1.1339
2026-03-18 06:33:42 [INFO] Epoch: [48] Step : [200/564] Loss: 0.4829
2026-03-18 06:34:39 [INFO] Epoch: [48] Step : [300/564] Loss: 1.0865
2026-03-18 06:35:37 [INFO] Epoch: [48] Step : [400/564] Loss: 4.4101
2026-03-18 06:36:34 [INFO] Epoch: [48] Step : [500/564] Loss: 0.5062
2026-03-18 06:37:10 [INFO] Epoch: [48] Step : [564/564] Loss: 0.1158
2026-03-18 06:39:00 [INFO] Epoch 48/300 | Train Loss: 0.8023 | Test Loss: 2.2287 | Acc: 0.8034 | Top-5: 0.9325 | F1(M): 0.5047 | Prec(M): 0.5111 | Rec(M): 0.5919 | Prec(W): 0.8962
2026-03-18 06:39:00 [INFO] --> Best model saved with F1: 0.5047 to /data/lihb/enzyme_functional_annotation/optimal_radius/best_model/train_20260318_0623.pth
2026-03-18 06:39:16 [INFO] Epoch: [49] Step : [1/564] Loss: 0.5041
2026-03-18 06:40:13 [INFO] Epoch: [49] Step : [100/564] Loss: 0.8785
2026-03-18 06:41:10 [INFO] Epoch: [49] Step : [200/564] Loss: 0.8768
2026-03-18 06:42:08 [INFO] Epoch: [49] Step : [300/564] Loss: 0.7999
2026-03-18 06:43:06 [INFO] Epoch: [49] Step : [400/564] Loss: 3.1892
2026-03-18 06:44:04 [INFO] Epoch: [49] Step : [500/564] Loss: 3.1033
2026-03-18 06:44:40 [INFO] Epoch: [49] Step : [564/564] Loss: 1.2414
2026-03-18 06:46:30 [INFO] Epoch 49/300 | Train Loss: 0.7815 | Test Loss: 2.3834 | Acc: 0.7539 | Top-5: 0.8851 | F1(M): 0.4826 | Prec(M): 0.4958 | Rec(M): 0.5562 | Prec(W): 0.8314
2026-03-18 06:46:46 [INFO] Epoch: [50] Step : [1/564] Loss: 1.8515
2026-03-18 06:47:43 [INFO] Epoch: [50] Step : [100/564] Loss: 1.7171
2026-03-18 06:48:41 [INFO] Epoch: [50] Step : [200/564] Loss: 6.5775
2026-03-18 06:49:39 [INFO] Epoch: [50] Step : [300/564] Loss: 0.2861
2026-03-18 06:50:37 [INFO] Epoch: [50] Step : [400/564] Loss: 2.3750
2026-03-18 06:51:36 [INFO] Epoch: [50] Step : [500/564] Loss: 1.2563
2026-03-18 06:52:12 [INFO] Epoch: [50] Step : [564/564] Loss: 1.5073
2026-03-18 06:54:02 [INFO] Epoch 50/300 | Train Loss: 0.7910 | Test Loss: 2.3322 | Acc: 0.7961 | Top-5: 0.9323 | F1(M): 0.4883 | Prec(M): 0.5003 | Rec(M): 0.5707 | Prec(W): 0.8940
2026-03-18 06:54:17 [INFO] Epoch: [51] Step : [1/564] Loss: 0.7108
2026-03-18 06:55:15 [INFO] Epoch: [51] Step : [100/564] Loss: 0.5984
2026-03-18 06:56:13 [INFO] Epoch: [51] Step : [200/564] Loss: 2.2096
2026-03-18 06:57:11 [INFO] Epoch: [51] Step : [300/564] Loss: 6.8106
2026-03-18 06:58:09 [INFO] Epoch: [51] Step : [400/564] Loss: 3.7940
2026-03-18 06:59:06 [INFO] Epoch: [51] Step : [500/564] Loss: 7.4205
2026-03-18 06:59:43 [INFO] Epoch: [51] Step : [564/564] Loss: 0.6762
2026-03-18 07:01:32 [INFO] Epoch 51/300 | Train Loss: 0.7923 | Test Loss: 2.2542 | Acc: 0.7845 | Top-5: 0.9315 | F1(M): 0.4953 | Prec(M): 0.5043 | Rec(M): 0.5846 | Prec(W): 0.8940
2026-03-18 07:01:48 [INFO] Epoch: [52] Step : [1/564] Loss: 4.4528
2026-03-18 07:02:46 [INFO] Epoch: [52] Step : [100/564] Loss: 0.2617
2026-03-18 07:03:44 [INFO] Epoch: [52] Step : [200/564] Loss: 0.9600
2026-03-18 07:04:43 [INFO] Epoch: [52] Step : [300/564] Loss: 0.3833
2026-03-18 07:05:41 [INFO] Epoch: [52] Step : [400/564] Loss: 0.9322
2026-03-18 07:06:40 [INFO] Epoch: [52] Step : [500/564] Loss: 1.4596
2026-03-18 07:07:16 [INFO] Epoch: [52] Step : [564/564] Loss: 0.4474
2026-03-18 07:09:05 [INFO] Epoch 52/300 | Train Loss: 0.7992 | Test Loss: 2.3289 | Acc: 0.7614 | Top-5: 0.9114 | F1(M): 0.4839 | Prec(M): 0.4908 | Rec(M): 0.5704 | Prec(W): 0.8563
2026-03-18 07:09:21 [INFO] Epoch: [53] Step : [1/564] Loss: 1.1518
2026-03-18 07:10:19 [INFO] Epoch: [53] Step : [100/564] Loss: 1.3714
2026-03-18 07:11:16 [INFO] Epoch: [53] Step : [200/564] Loss: 7.5038
2026-03-18 07:12:16 [INFO] Epoch: [53] Step : [300/564] Loss: 2.3804
2026-03-18 07:13:13 [INFO] Epoch: [53] Step : [400/564] Loss: 4.1813
2026-03-18 07:14:11 [INFO] Epoch: [53] Step : [500/564] Loss: 5.4540
2026-03-18 07:14:47 [INFO] Epoch: [53] Step : [564/564] Loss: 2.5380
2026-03-18 07:16:37 [INFO] Epoch 53/300 | Train Loss: 0.7842 | Test Loss: 2.2149 | Acc: 0.7880 | Top-5: 0.9232 | F1(M): 0.5068 | Prec(M): 0.5229 | Rec(M): 0.5822 | Prec(W): 0.8891
2026-03-18 07:16:38 [INFO] --> Best model saved with F1: 0.5068 to /data/lihb/enzyme_functional_annotation/optimal_radius/best_model/train_20260318_0623.pth
2026-03-18 07:16:53 [INFO] Epoch: [54] Step : [1/564] Loss: 1.2565
2026-03-18 07:17:50 [INFO] Epoch: [54] Step : [100/564] Loss: 0.8135
2026-03-18 07:18:48 [INFO] Epoch: [54] Step : [200/564] Loss: 3.6846
2026-03-18 07:19:46 [INFO] Epoch: [54] Step : [300/564] Loss: 1.5392
2026-03-18 07:20:44 [INFO] Epoch: [54] Step : [400/564] Loss: 0.6248
2026-03-18 07:21:42 [INFO] Epoch: [54] Step : [500/564] Loss: 1.1814
2026-03-18 07:22:19 [INFO] Epoch: [54] Step : [564/564] Loss: 0.7574
2026-03-18 07:24:08 [INFO] Epoch 54/300 | Train Loss: 0.7875 | Test Loss: 2.2599 | Acc: 0.7818 | Top-5: 0.9033 | F1(M): 0.4967 | Prec(M): 0.5044 | Rec(M): 0.5783 | Prec(W): 0.8887
2026-03-18 07:24:24 [INFO] Epoch: [55] Step : [1/564] Loss: 0.6727
2026-03-18 07:25:21 [INFO] Epoch: [55] Step : [100/564] Loss: 0.7358
2026-03-18 07:26:18 [INFO] Epoch: [55] Step : [200/564] Loss: 0.8916
2026-03-18 07:27:16 [INFO] Epoch: [55] Step : [300/564] Loss: 0.4430
2026-03-18 07:28:14 [INFO] Epoch: [55] Step : [400/564] Loss: 1.6360
2026-03-18 07:29:12 [INFO] Epoch: [55] Step : [500/564] Loss: 2.1580
2026-03-18 07:29:49 [INFO] Epoch: [55] Step : [564/564] Loss: 0.5167
2026-03-18 07:31:38 [INFO] Epoch 55/300 | Train Loss: 0.7772 | Test Loss: 2.2210 | Acc: 0.8150 | Top-5: 0.9279 | F1(M): 0.5054 | Prec(M): 0.5112 | Rec(M): 0.5875 | Prec(W): 0.8900
2026-03-18 07:31:54 [INFO] Epoch: [56] Step : [1/564] Loss: 0.8667
2026-03-18 07:32:51 [INFO] Epoch: [56] Step : [100/564] Loss: 1.2086
2026-03-18 07:33:49 [INFO] Epoch: [56] Step : [200/564] Loss: 1.2429
2026-03-18 07:34:47 [INFO] Epoch: [56] Step : [300/564] Loss: 0.6018
2026-03-18 07:35:44 [INFO] Epoch: [56] Step : [400/564] Loss: 1.9139
2026-03-18 07:36:43 [INFO] Epoch: [56] Step : [500/564] Loss: 1.0398
2026-03-18 07:37:20 [INFO] Epoch: [56] Step : [564/564] Loss: 1.5712
2026-03-18 07:39:09 [INFO] Epoch 56/300 | Train Loss: 0.7958 | Test Loss: 2.2906 | Acc: 0.7244 | Top-5: 0.8593 | F1(M): 0.4883 | Prec(M): 0.4964 | Rec(M): 0.5801 | Prec(W): 0.8469
2026-03-18 07:39:26 [INFO] Epoch: [57] Step : [1/564] Loss: 0.3930
2026-03-18 07:40:23 [INFO] Epoch: [57] Step : [100/564] Loss: 1.3492
2026-03-18 07:41:20 [INFO] Epoch: [57] Step : [200/564] Loss: 1.0405
2026-03-18 07:42:18 [INFO] Epoch: [57] Step : [300/564] Loss: 1.1105
2026-03-18 07:43:17 [INFO] Epoch: [57] Step : [400/564] Loss: 3.7632
2026-03-18 07:44:15 [INFO] Epoch: [57] Step : [500/564] Loss: 1.7241
2026-03-18 07:44:52 [INFO] Epoch: [57] Step : [564/564] Loss: 0.4517
2026-03-18 07:46:41 [INFO] Epoch 57/300 | Train Loss: 0.7693 | Test Loss: 2.3222 | Acc: 0.7561 | Top-5: 0.9162 | F1(M): 0.4960 | Prec(M): 0.5010 | Rec(M): 0.5746 | Prec(W): 0.8768
2026-03-18 07:46:57 [INFO] Epoch: [58] Step : [1/564] Loss: 0.3016
2026-03-18 07:47:54 [INFO] Epoch: [58] Step : [100/564] Loss: 1.0674
2026-03-18 07:48:52 [INFO] Epoch: [58] Step : [200/564] Loss: 1.0515
2026-03-18 07:49:50 [INFO] Epoch: [58] Step : [300/564] Loss: 0.8376
2026-03-18 07:50:47 [INFO] Epoch: [58] Step : [400/564] Loss: 1.1614
2026-03-18 07:51:46 [INFO] Epoch: [58] Step : [500/564] Loss: 0.4671
2026-03-18 07:52:22 [INFO] Epoch: [58] Step : [564/564] Loss: 0.6300
2026-03-18 07:54:13 [INFO] Epoch 58/300 | Train Loss: 0.7767 | Test Loss: 2.2531 | Acc: 0.7454 | Top-5: 0.8791 | F1(M): 0.4927 | Prec(M): 0.4960 | Rec(M): 0.5879 | Prec(W): 0.8659
2026-03-18 07:54:28 [INFO] Epoch: [59] Step : [1/564] Loss: 0.5995
2026-03-18 07:55:26 [INFO] Epoch: [59] Step : [100/564] Loss: 3.9150
2026-03-18 07:56:25 [INFO] Epoch: [59] Step : [200/564] Loss: 0.4694
2026-03-18 07:57:24 [INFO] Epoch: [59] Step : [300/564] Loss: 1.2825
2026-03-18 07:58:23 [INFO] Epoch: [59] Step : [400/564] Loss: 0.7355
2026-03-18 07:59:20 [INFO] Epoch: [59] Step : [500/564] Loss: 0.3908
2026-03-18 07:59:57 [INFO] Epoch: [59] Step : [564/564] Loss: 0.4009
2026-03-18 08:01:47 [INFO] Epoch 59/300 | Train Loss: 0.7907 | Test Loss: 2.2828 | Acc: 0.7563 | Top-5: 0.8820 | F1(M): 0.4953 | Prec(M): 0.5052 | Rec(M): 0.5734 | Prec(W): 0.8663
2026-03-18 08:02:03 [INFO] Epoch: [60] Step : [1/564] Loss: 0.3014
2026-03-18 08:03:00 [INFO] Epoch: [60] Step : [100/564] Loss: 0.3367
2026-03-18 08:03:58 [INFO] Epoch: [60] Step : [200/564] Loss: 2.1327
2026-03-18 08:04:56 [INFO] Epoch: [60] Step : [300/564] Loss: 0.7068
2026-03-18 08:05:54 [INFO] Epoch: [60] Step : [400/564] Loss: 1.3507
2026-03-18 08:06:52 [INFO] Epoch: [60] Step : [500/564] Loss: 0.1807
2026-03-18 08:07:28 [INFO] Epoch: [60] Step : [564/564] Loss: 0.6515
2026-03-18 08:09:05 [INFO] Epoch 60/300 | Train Loss: 0.7826 | Test Loss: 2.3251 | Acc: 0.7540 | Top-5: 0.9124 | F1(M): 0.4886 | Prec(M): 0.4984 | Rec(M): 0.5753 | Prec(W): 0.8757
2026-03-18 08:09:33 [INFO] Epoch: [61] Step : [1/564] Loss: 1.5145
2026-03-18 08:10:31 [INFO] Epoch: [61] Step : [100/564] Loss: 1.7787
2026-03-18 08:11:29 [INFO] Epoch: [61] Step : [200/564] Loss: 1.4365
2026-03-18 08:12:27 [INFO] Epoch: [61] Step : [300/564] Loss: 0.6531
2026-03-18 08:13:26 [INFO] Epoch: [61] Step : [400/564] Loss: 1.8158
2026-03-18 08:14:24 [INFO] Epoch: [61] Step : [500/564] Loss: 0.3550
2026-03-18 08:15:01 [INFO] Epoch: [61] Step : [564/564] Loss: 1.5739
2026-03-18 08:16:37 [INFO] Epoch 61/300 | Train Loss: 0.7777 | Test Loss: 2.2598 | Acc: 0.7957 | Top-5: 0.9395 | F1(M): 0.4971 | Prec(M): 0.5057 | Rec(M): 0.5748 | Prec(W): 0.8750
2026-03-18 08:17:05 [INFO] Epoch: [62] Step : [1/564] Loss: 1.7942
2026-03-18 08:18:03 [INFO] Epoch: [62] Step : [100/564] Loss: 1.0328
2026-03-18 08:19:01 [INFO] Epoch: [62] Step : [200/564] Loss: 0.5025
2026-03-18 08:19:59 [INFO] Epoch: [62] Step : [300/564] Loss: 7.5023
2026-03-18 08:20:57 [INFO] Epoch: [62] Step : [400/564] Loss: 0.7038
2026-03-18 08:21:54 [INFO] Epoch: [62] Step : [500/564] Loss: 2.8132
2026-03-18 08:22:31 [INFO] Epoch: [62] Step : [564/564] Loss: 2.3916
2026-03-18 08:24:21 [INFO] Epoch 62/300 | Train Loss: 0.7859 | Test Loss: 2.2256 | Acc: 0.8108 | Top-5: 0.9343 | F1(M): 0.5144 | Prec(M): 0.5185 | Rec(M): 0.5980 | Prec(W): 0.8853
2026-03-18 08:24:21 [INFO] --> Best model saved with F1: 0.5144 to /data/lihb/enzyme_functional_annotation/optimal_radius/best_model/train_20260318_0623.pth
2026-03-18 08:24:37 [INFO] Epoch: [63] Step : [1/564] Loss: 1.2312
2026-03-18 08:25:35 [INFO] Epoch: [63] Step : [100/564] Loss: 0.5780
2026-03-18 08:26:33 [INFO] Epoch: [63] Step : [200/564] Loss: 0.8613
2026-03-18 08:27:32 [INFO] Epoch: [63] Step : [300/564] Loss: 1.1808
2026-03-18 08:28:30 [INFO] Epoch: [63] Step : [400/564] Loss: 1.7067
2026-03-18 08:29:28 [INFO] Epoch: [63] Step : [500/564] Loss: 3.2094
2026-03-18 08:30:04 [INFO] Epoch: [63] Step : [564/564] Loss: 16.1621
2026-03-18 08:31:55 [INFO] Epoch 63/300 | Train Loss: 0.7590 | Test Loss: 2.3078 | Acc: 0.7276 | Top-5: 0.9029 | F1(M): 0.4817 | Prec(M): 0.4973 | Rec(M): 0.5694 | Prec(W): 0.8589
2026-03-18 08:32:10 [INFO] Epoch: [64] Step : [1/564] Loss: 0.7907
2026-03-18 08:33:08 [INFO] Epoch: [64] Step : [100/564] Loss: 0.8641
2026-03-18 08:34:06 [INFO] Epoch: [64] Step : [200/564] Loss: 0.5028
2026-03-18 08:35:04 [INFO] Epoch: [64] Step : [300/564] Loss: 1.0753
2026-03-18 08:36:03 [INFO] Epoch: [64] Step : [400/564] Loss: 1.5687
2026-03-18 08:37:01 [INFO] Epoch: [64] Step : [500/564] Loss: 4.1135
2026-03-18 08:37:37 [INFO] Epoch: [64] Step : [564/564] Loss: 0.2212
2026-03-18 08:39:28 [INFO] Epoch 64/300 | Train Loss: 0.7580 | Test Loss: 2.2699 | Acc: 0.7511 | Top-5: 0.9056 | F1(M): 0.5003 | Prec(M): 0.5081 | Rec(M): 0.5878 | Prec(W): 0.8812
2026-03-18 08:39:44 [INFO] Epoch: [65] Step : [1/564] Loss: 0.8722
2026-03-18 08:40:41 [INFO] Epoch: [65] Step : [100/564] Loss: 0.8262
2026-03-18 08:41:39 [INFO] Epoch: [65] Step : [200/564] Loss: 1.6164
2026-03-18 08:42:37 [INFO] Epoch: [65] Step : [300/564] Loss: 1.4892
2026-03-18 08:43:35 [INFO] Epoch: [65] Step : [400/564] Loss: 2.4512
2026-03-18 08:44:33 [INFO] Epoch: [65] Step : [500/564] Loss: 0.3992
2026-03-18 08:45:10 [INFO] Epoch: [65] Step : [564/564] Loss: 0.2218
2026-03-18 08:46:59 [INFO] Epoch 65/300 | Train Loss: 0.4975 | Test Loss: 1.7227 | Acc: 0.8682 | Top-5: 0.9648 | F1(M): 0.6031 | Prec(M): 0.5966 | Rec(M): 0.6815 | Prec(W): 0.9299
2026-03-18 08:47:00 [INFO] --> Best model saved with F1: 0.6031 to /data/lihb/enzyme_functional_annotation/optimal_radius/best_model/train_20260318_0623.pth
2026-03-18 08:47:15 [INFO] Epoch: [66] Step : [1/564] Loss: 0.7823
2026-03-18 08:48:13 [INFO] Epoch: [66] Step : [100/564] Loss: 0.3867
2026-03-18 08:49:11 [INFO] Epoch: [66] Step : [200/564] Loss: 1.1231
2026-03-18 08:50:09 [INFO] Epoch: [66] Step : [300/564] Loss: 0.8178
2026-03-18 08:51:07 [INFO] Epoch: [66] Step : [400/564] Loss: 0.9504
2026-03-18 08:52:05 [INFO] Epoch: [66] Step : [500/564] Loss: 1.9854
2026-03-18 08:52:42 [INFO] Epoch: [66] Step : [564/564] Loss: 0.1407
2026-03-18 08:54:31 [INFO] Epoch 66/300 | Train Loss: 0.4268 | Test Loss: 1.7223 | Acc: 0.8643 | Top-5: 0.9675 | F1(M): 0.5992 | Prec(M): 0.5969 | Rec(M): 0.6759 | Prec(W): 0.9321
2026-03-18 08:54:47 [INFO] Epoch: [67] Step : [1/564] Loss: 0.2525
2026-03-18 08:55:44 [INFO] Epoch: [67] Step : [100/564] Loss: 0.2429
2026-03-18 08:56:43 [INFO] Epoch: [67] Step : [200/564] Loss: 0.7628
2026-03-18 08:57:40 [INFO] Epoch: [67] Step : [300/564] Loss: 0.6784
2026-03-18 08:58:37 [INFO] Epoch: [67] Step : [400/564] Loss: 0.1317
2026-03-18 08:59:35 [INFO] Epoch: [67] Step : [500/564] Loss: 0.3731
2026-03-18 09:00:12 [INFO] Epoch: [67] Step : [564/564] Loss: 0.5033
2026-03-18 09:02:01 [INFO] Epoch 67/300 | Train Loss: 0.4239 | Test Loss: 1.6859 | Acc: 0.8700 | Top-5: 0.9671 | F1(M): 0.6133 | Prec(M): 0.6045 | Rec(M): 0.6905 | Prec(W): 0.9262
2026-03-18 09:02:01 [INFO] --> Best model saved with F1: 0.6133 to /data/lihb/enzyme_functional_annotation/optimal_radius/best_model/train_20260318_0623.pth
2026-03-18 09:02:17 [INFO] Epoch: [68] Step : [1/564] Loss: 0.4097
2026-03-18 09:03:14 [INFO] Epoch: [68] Step : [100/564] Loss: 0.3549
2026-03-18 09:04:12 [INFO] Epoch: [68] Step : [200/564] Loss: 0.1896
2026-03-18 09:05:10 [INFO] Epoch: [68] Step : [300/564] Loss: 0.1299
2026-03-18 09:06:07 [INFO] Epoch: [68] Step : [400/564] Loss: 0.4779
2026-03-18 09:07:04 [INFO] Epoch: [68] Step : [500/564] Loss: 0.3872
2026-03-18 09:07:41 [INFO] Epoch: [68] Step : [564/564] Loss: 1.3474
2026-03-18 09:09:31 [INFO] Epoch 68/300 | Train Loss: 0.4198 | Test Loss: 1.7030 | Acc: 0.8738 | Top-5: 0.9653 | F1(M): 0.6066 | Prec(M): 0.5990 | Rec(M): 0.6909 | Prec(W): 0.9356
2026-03-18 09:09:47 [INFO] Epoch: [69] Step : [1/564] Loss: 0.8243
2026-03-18 09:10:44 [INFO] Epoch: [69] Step : [100/564] Loss: 0.3334
2026-03-18 09:11:42 [INFO] Epoch: [69] Step : [200/564] Loss: 0.2385
2026-03-18 09:12:40 [INFO] Epoch: [69] Step : [300/564] Loss: 0.8184
2026-03-18 09:13:38 [INFO] Epoch: [69] Step : [400/564] Loss: 0.4664
2026-03-18 09:14:35 [INFO] Epoch: [69] Step : [500/564] Loss: 0.1440
2026-03-18 09:15:11 [INFO] Epoch: [69] Step : [564/564] Loss: 0.2934
2026-03-18 09:17:01 [INFO] Epoch 69/300 | Train Loss: 0.4234 | Test Loss: 1.7516 | Acc: 0.8776 | Top-5: 0.9653 | F1(M): 0.6160 | Prec(M): 0.6119 | Rec(M): 0.6894 | Prec(W): 0.9362
2026-03-18 09:17:01 [INFO] --> Best model saved with F1: 0.6160 to /data/lihb/enzyme_functional_annotation/optimal_radius/best_model/train_20260318_0623.pth
2026-03-18 09:17:17 [INFO] Epoch: [70] Step : [1/564] Loss: 0.3835
2026-03-18 09:18:14 [INFO] Epoch: [70] Step : [100/564] Loss: 0.4946
2026-03-18 09:19:11 [INFO] Epoch: [70] Step : [200/564] Loss: 0.7121
2026-03-18 09:20:08 [INFO] Epoch: [70] Step : [300/564] Loss: 2.9720
2026-03-18 09:21:05 [INFO] Epoch: [70] Step : [400/564] Loss: 0.1718
2026-03-18 09:22:02 [INFO] Epoch: [70] Step : [500/564] Loss: 0.9600
2026-03-18 09:22:39 [INFO] Epoch: [70] Step : [564/564] Loss: 0.1225
2026-03-18 09:24:28 [INFO] Epoch 70/300 | Train Loss: 0.4073 | Test Loss: 1.7473 | Acc: 0.8762 | Top-5: 0.9659 | F1(M): 0.6118 | Prec(M): 0.6018 | Rec(M): 0.6905 | Prec(W): 0.9348
2026-03-18 09:24:44 [INFO] Epoch: [71] Step : [1/564] Loss: 0.1631
2026-03-18 09:25:41 [INFO] Epoch: [71] Step : [100/564] Loss: 0.3575
2026-03-18 09:26:38 [INFO] Epoch: [71] Step : [200/564] Loss: 0.1343
2026-03-18 09:27:35 [INFO] Epoch: [71] Step : [300/564] Loss: 0.2276
2026-03-18 09:28:31 [INFO] Epoch: [71] Step : [400/564] Loss: 0.5525
2026-03-18 09:29:29 [INFO] Epoch: [71] Step : [500/564] Loss: 0.3594
2026-03-18 09:30:05 [INFO] Epoch: [71] Step : [564/564] Loss: 0.2049
2026-03-18 09:31:54 [INFO] Epoch 71/300 | Train Loss: 0.4065 | Test Loss: 1.7181 | Acc: 0.8714 | Top-5: 0.9649 | F1(M): 0.6042 | Prec(M): 0.5979 | Rec(M): 0.6782 | Prec(W): 0.9287
2026-03-18 09:32:10 [INFO] Epoch: [72] Step : [1/564] Loss: 0.1815
2026-03-18 09:33:06 [INFO] Epoch: [72] Step : [100/564] Loss: 1.7262
2026-03-18 09:34:04 [INFO] Epoch: [72] Step : [200/564] Loss: 0.6977
2026-03-18 09:35:01 [INFO] Epoch: [72] Step : [300/564] Loss: 0.4659
2026-03-18 09:35:58 [INFO] Epoch: [72] Step : [400/564] Loss: 0.5544
2026-03-18 09:36:54 [INFO] Epoch: [72] Step : [500/564] Loss: 0.5292
2026-03-18 09:37:29 [INFO] Epoch: [72] Step : [564/564] Loss: 0.4380
2026-03-18 09:39:18 [INFO] Epoch 72/300 | Train Loss: 0.4083 | Test Loss: 1.7624 | Acc: 0.8686 | Top-5: 0.9609 | F1(M): 0.6075 | Prec(M): 0.6003 | Rec(M): 0.6839 | Prec(W): 0.9356
2026-03-18 09:39:33 [INFO] Epoch: [73] Step : [1/564] Loss: 0.5122
2026-03-18 09:40:30 [INFO] Epoch: [73] Step : [100/564] Loss: 0.7061
2026-03-18 09:41:27 [INFO] Epoch: [73] Step : [200/564] Loss: 0.3917
2026-03-18 09:42:24 [INFO] Epoch: [73] Step : [300/564] Loss: 0.6149
2026-03-18 09:43:21 [INFO] Epoch: [73] Step : [400/564] Loss: 0.3385
2026-03-18 09:44:18 [INFO] Epoch: [73] Step : [500/564] Loss: 1.2470
2026-03-18 09:44:54 [INFO] Epoch: [73] Step : [564/564] Loss: 0.3799
2026-03-18 09:46:42 [INFO] Epoch 73/300 | Train Loss: 0.3956 | Test Loss: 1.7604 | Acc: 0.8672 | Top-5: 0.9619 | F1(M): 0.6023 | Prec(M): 0.5981 | Rec(M): 0.6818 | Prec(W): 0.9267
2026-03-18 09:46:58 [INFO] Epoch: [74] Step : [1/564] Loss: 1.1845
2026-03-18 09:47:54 [INFO] Epoch: [74] Step : [100/564] Loss: 1.0756
2026-03-18 09:48:52 [INFO] Epoch: [74] Step : [200/564] Loss: 0.2998
2026-03-18 09:49:49 [INFO] Epoch: [74] Step : [300/564] Loss: 0.5371
2026-03-18 09:50:46 [INFO] Epoch: [74] Step : [400/564] Loss: 0.1611
2026-03-18 09:51:42 [INFO] Epoch: [74] Step : [500/564] Loss: 0.5567
2026-03-18 09:52:19 [INFO] Epoch: [74] Step : [564/564] Loss: 0.9284
2026-03-18 09:54:08 [INFO] Epoch 74/300 | Train Loss: 0.4112 | Test Loss: 1.7971 | Acc: 0.8689 | Top-5: 0.9609 | F1(M): 0.5995 | Prec(M): 0.5983 | Rec(M): 0.6721 | Prec(W): 0.9239
2026-03-18 09:54:24 [INFO] Epoch: [75] Step : [1/564] Loss: 0.6946
2026-03-18 09:55:21 [INFO] Epoch: [75] Step : [100/564] Loss: 0.2843
2026-03-18 09:56:19 [INFO] Epoch: [75] Step : [200/564] Loss: 0.5927
2026-03-18 09:57:16 [INFO] Epoch: [75] Step : [300/564] Loss: 0.0785
2026-03-18 09:58:14 [INFO] Epoch: [75] Step : [400/564] Loss: 0.2484
2026-03-18 09:59:11 [INFO] Epoch: [75] Step : [500/564] Loss: 0.1705
2026-03-18 09:59:47 [INFO] Epoch: [75] Step : [564/564] Loss: 0.4449
2026-03-18 10:01:35 [INFO] Epoch 75/300 | Train Loss: 0.4305 | Test Loss: 1.7723 | Acc: 0.8647 | Top-5: 0.9624 | F1(M): 0.6030 | Prec(M): 0.6025 | Rec(M): 0.6767 | Prec(W): 0.9237
2026-03-18 10:01:51 [INFO] Epoch: [76] Step : [1/564] Loss: 0.1680
2026-03-18 10:02:48 [INFO] Epoch: [76] Step : [100/564] Loss: 1.2924
2026-03-18 10:03:46 [INFO] Epoch: [76] Step : [200/564] Loss: 0.3733
2026-03-18 10:04:43 [INFO] Epoch: [76] Step : [300/564] Loss: 0.4498
2026-03-18 10:05:41 [INFO] Epoch: [76] Step : [400/564] Loss: 0.3679
2026-03-18 10:06:39 [INFO] Epoch: [76] Step : [500/564] Loss: 0.8172
2026-03-18 10:07:16 [INFO] Epoch: [76] Step : [564/564] Loss: 1.6741
2026-03-18 10:09:06 [INFO] Epoch 76/300 | Train Loss: 0.4097 | Test Loss: 1.8261 | Acc: 0.8617 | Top-5: 0.9599 | F1(M): 0.5931 | Prec(M): 0.5921 | Rec(M): 0.6668 | Prec(W): 0.9229
2026-03-18 10:09:22 [INFO] Epoch: [77] Step : [1/564] Loss: 1.1423
2026-03-18 10:10:19 [INFO] Epoch: [77] Step : [100/564] Loss: 0.4237
2026-03-18 10:11:16 [INFO] Epoch: [77] Step : [200/564] Loss: 0.4203
2026-03-18 10:12:14 [INFO] Epoch: [77] Step : [300/564] Loss: 0.2960
2026-03-18 10:13:11 [INFO] Epoch: [77] Step : [400/564] Loss: 3.2827
2026-03-18 10:14:09 [INFO] Epoch: [77] Step : [500/564] Loss: 0.1918
2026-03-18 10:14:46 [INFO] Epoch: [77] Step : [564/564] Loss: 0.1102
2026-03-18 10:16:20 [INFO] Epoch 77/300 | Train Loss: 0.4041 | Test Loss: 1.7643 | Acc: 0.8719 | Top-5: 0.0000 | F1(M): 0.6066 | Prec(M): 0.6008 | Rec(M): 0.6835 | Prec(W): 0.9261
2026-03-18 10:16:51 [INFO] Epoch: [78] Step : [1/564] Loss: 0.4791
2026-03-18 10:17:49 [INFO] Epoch: [78] Step : [100/564] Loss: 0.5361
2026-03-18 10:18:46 [INFO] Epoch: [78] Step : [200/564] Loss: 0.9214
2026-03-18 10:19:44 [INFO] Epoch: [78] Step : [300/564] Loss: 0.2059
2026-03-18 10:20:40 [INFO] Epoch: [78] Step : [400/564] Loss: 0.6436
2026-03-18 10:21:38 [INFO] Epoch: [78] Step : [500/564] Loss: 0.2415
2026-03-18 10:22:14 [INFO] Epoch: [78] Step : [564/564] Loss: 0.6423
2026-03-18 10:24:04 [INFO] Epoch 78/300 | Train Loss: 0.4293 | Test Loss: 1.7403 | Acc: 0.8778 | Top-5: 0.9641 | F1(M): 0.6093 | Prec(M): 0.6093 | Rec(M): 0.6800 | Prec(W): 0.9306
2026-03-18 10:24:20 [INFO] Epoch: [79] Step : [1/564] Loss: 0.4119
2026-03-18 10:25:18 [INFO] Epoch: [79] Step : [100/564] Loss: 0.2847
2026-03-18 10:26:15 [INFO] Epoch: [79] Step : [200/564] Loss: 0.3796
2026-03-18 10:27:13 [INFO] Epoch: [79] Step : [300/564] Loss: 0.0446
2026-03-18 10:28:10 [INFO] Epoch: [79] Step : [400/564] Loss: 0.1271
2026-03-18 10:29:07 [INFO] Epoch: [79] Step : [500/564] Loss: 0.3335
2026-03-18 10:29:43 [INFO] Epoch: [79] Step : [564/564] Loss: 0.1260
2026-03-18 10:31:32 [INFO] Epoch 79/300 | Train Loss: 0.2886 | Test Loss: 1.5741 | Acc: 0.8995 | Top-5: 0.9734 | F1(M): 0.6527 | Prec(M): 0.6448 | Rec(M): 0.7172 | Prec(W): 0.9414
2026-03-18 10:31:32 [INFO] --> Best model saved with F1: 0.6527 to /data/lihb/enzyme_functional_annotation/optimal_radius/best_model/train_20260318_0623.pth
2026-03-18 10:31:47 [INFO] Epoch: [80] Step : [1/564] Loss: 0.1649
2026-03-18 10:32:44 [INFO] Epoch: [80] Step : [100/564] Loss: 0.1786
2026-03-18 10:33:42 [INFO] Epoch: [80] Step : [200/564] Loss: 0.1683
2026-03-18 10:34:39 [INFO] Epoch: [80] Step : [300/564] Loss: 3.1828
2026-03-18 10:35:37 [INFO] Epoch: [80] Step : [400/564] Loss: 0.3122
2026-03-18 10:36:34 [INFO] Epoch: [80] Step : [500/564] Loss: 0.1233
2026-03-18 10:37:10 [INFO] Epoch: [80] Step : [564/564] Loss: 0.0959
2026-03-18 10:38:58 [INFO] Epoch 80/300 | Train Loss: 0.2427 | Test Loss: 1.5874 | Acc: 0.9089 | Top-5: 0.9756 | F1(M): 0.6571 | Prec(M): 0.6471 | Rec(M): 0.7202 | Prec(W): 0.9450
2026-03-18 10:38:58 [INFO] --> Best model saved with F1: 0.6571 to /data/lihb/enzyme_functional_annotation/optimal_radius/best_model/train_20260318_0623.pth
2026-03-18 10:39:14 [INFO] Epoch: [81] Step : [1/564] Loss: 0.1713
2026-03-18 10:40:10 [INFO] Epoch: [81] Step : [100/564] Loss: 0.2030
2026-03-18 10:41:08 [INFO] Epoch: [81] Step : [200/564] Loss: 0.6982
2026-03-18 10:42:06 [INFO] Epoch: [81] Step : [300/564] Loss: 0.4062
2026-03-18 10:43:03 [INFO] Epoch: [81] Step : [400/564] Loss: 0.0747
2026-03-18 10:44:00 [INFO] Epoch: [81] Step : [500/564] Loss: 0.0829
2026-03-18 10:44:36 [INFO] Epoch: [81] Step : [564/564] Loss: 0.2742
2026-03-18 10:46:27 [INFO] Epoch 81/300 | Train Loss: 0.2387 | Test Loss: 1.5760 | Acc: 0.8964 | Top-5: 0.9750 | F1(M): 0.6502 | Prec(M): 0.6388 | Rec(M): 0.7184 | Prec(W): 0.9449
2026-03-18 10:46:42 [INFO] Epoch: [82] Step : [1/564] Loss: 0.6129
2026-03-18 10:47:40 [INFO] Epoch: [82] Step : [100/564] Loss: 0.2059
2026-03-18 10:48:37 [INFO] Epoch: [82] Step : [200/564] Loss: 0.4214
2026-03-18 10:49:35 [INFO] Epoch: [82] Step : [300/564] Loss: 0.1631
2026-03-18 10:50:32 [INFO] Epoch: [82] Step : [400/564] Loss: 0.1838
2026-03-18 10:51:29 [INFO] Epoch: [82] Step : [500/564] Loss: 0.2338
2026-03-18 10:52:05 [INFO] Epoch: [82] Step : [564/564] Loss: 0.0699
2026-03-18 10:53:54 [INFO] Epoch 82/300 | Train Loss: 0.2245 | Test Loss: 1.6068 | Acc: 0.9050 | Top-5: 0.9737 | F1(M): 0.6604 | Prec(M): 0.6511 | Rec(M): 0.7196 | Prec(W): 0.9428
2026-03-18 10:53:54 [INFO] --> Best model saved with F1: 0.6604 to /data/lihb/enzyme_functional_annotation/optimal_radius/best_model/train_20260318_0623.pth
2026-03-18 10:54:11 [INFO] Epoch: [83] Step : [1/564] Loss: 0.1646
2026-03-18 10:55:07 [INFO] Epoch: [83] Step : [100/564] Loss: 0.5527
2026-03-18 10:56:05 [INFO] Epoch: [83] Step : [200/564] Loss: 0.5001
2026-03-18 10:57:01 [INFO] Epoch: [83] Step : [300/564] Loss: 0.9535
2026-03-18 10:57:58 [INFO] Epoch: [83] Step : [400/564] Loss: 0.0298
2026-03-18 10:58:55 [INFO] Epoch: [83] Step : [500/564] Loss: 0.1430
2026-03-18 10:59:31 [INFO] Epoch: [83] Step : [564/564] Loss: 0.2329
2026-03-18 11:01:20 [INFO] Epoch 83/300 | Train Loss: 0.2323 | Test Loss: 1.5983 | Acc: 0.9067 | Top-5: 0.9754 | F1(M): 0.6592 | Prec(M): 0.6475 | Rec(M): 0.7223 | Prec(W): 0.9452
2026-03-18 11:01:35 [INFO] Epoch: [84] Step : [1/564] Loss: 0.1479
2026-03-18 11:02:32 [INFO] Epoch: [84] Step : [100/564] Loss: 0.2070
2026-03-18 11:03:29 [INFO] Epoch: [84] Step : [200/564] Loss: 0.9643
2026-03-18 11:04:25 [INFO] Epoch: [84] Step : [300/564] Loss: 0.1003
2026-03-18 11:05:22 [INFO] Epoch: [84] Step : [400/564] Loss: 0.2722
2026-03-18 11:06:19 [INFO] Epoch: [84] Step : [500/564] Loss: 0.0944
2026-03-18 11:06:56 [INFO] Epoch: [84] Step : [564/564] Loss: 5.7173
2026-03-18 11:08:44 [INFO] Epoch 84/300 | Train Loss: 0.2249 | Test Loss: 1.5813 | Acc: 0.9074 | Top-5: 0.9742 | F1(M): 0.6552 | Prec(M): 0.6452 | Rec(M): 0.7211 | Prec(W): 0.9436
2026-03-18 11:09:00 [INFO] Epoch: [85] Step : [1/564] Loss: 0.1494
2026-03-18 11:09:56 [INFO] Epoch: [85] Step : [100/564] Loss: 0.1591
2026-03-18 11:10:54 [INFO] Epoch: [85] Step : [200/564] Loss: 0.5305
2026-03-18 11:11:51 [INFO] Epoch: [85] Step : [300/564] Loss: 0.3304
2026-03-18 11:12:48 [INFO] Epoch: [85] Step : [400/564] Loss: 0.3385
2026-03-18 11:13:45 [INFO] Epoch: [85] Step : [500/564] Loss: 0.2695
2026-03-18 11:14:21 [INFO] Epoch: [85] Step : [564/564] Loss: 0.1079
2026-03-18 11:16:09 [INFO] Epoch 85/300 | Train Loss: 0.2293 | Test Loss: 1.5311 | Acc: 0.9027 | Top-5: 0.9757 | F1(M): 0.6651 | Prec(M): 0.6541 | Rec(M): 0.7251 | Prec(W): 0.9446
2026-03-18 11:16:10 [INFO] --> Best model saved with F1: 0.6651 to /data/lihb/enzyme_functional_annotation/optimal_radius/best_model/train_20260318_0623.pth
2026-03-18 11:16:26 [INFO] Epoch: [86] Step : [1/564] Loss: 0.5426
2026-03-18 11:17:22 [INFO] Epoch: [86] Step : [100/564] Loss: 0.1018
2026-03-18 11:18:18 [INFO] Epoch: [86] Step : [200/564] Loss: 0.1453
2026-03-18 11:19:16 [INFO] Epoch: [86] Step : [300/564] Loss: 0.2095
2026-03-18 11:20:12 [INFO] Epoch: [86] Step : [400/564] Loss: 1.3035
2026-03-18 11:21:10 [INFO] Epoch: [86] Step : [500/564] Loss: 0.2554
2026-03-18 11:22:08 [INFO] Epoch: [86] Step : [564/564] Loss: 0.2080
2026-03-18 11:24:21 [INFO] Epoch 86/300 | Train Loss: 0.2313 | Test Loss: 1.5969 | Acc: 0.9010 | Top-5: 0.9752 | F1(M): 0.6615 | Prec(M): 0.6517 | Rec(M): 0.7228 | Prec(W): 0.9412
2026-03-18 11:24:50 [INFO] Epoch: [87] Step : [1/564] Loss: 0.4475
2026-03-18 11:26:10 [INFO] Epoch: [87] Step : [100/564] Loss: 0.5156
2026-03-18 11:27:41 [INFO] Epoch: [87] Step : [200/564] Loss: 0.1279
2026-03-18 11:29:12 [INFO] Epoch: [87] Step : [300/564] Loss: 0.3327
2026-03-18 11:30:31 [INFO] Epoch: [87] Step : [400/564] Loss: 0.3403
2026-03-18 11:31:28 [INFO] Epoch: [87] Step : [500/564] Loss: 0.0674
2026-03-18 11:32:03 [INFO] Epoch: [87] Step : [564/564] Loss: 0.2843
2026-03-18 11:33:51 [INFO] Epoch 87/300 | Train Loss: 0.2251 | Test Loss: 1.5634 | Acc: 0.9056 | Top-5: 0.9771 | F1(M): 0.6630 | Prec(M): 0.6533 | Rec(M): 0.7238 | Prec(W): 0.9451
2026-03-18 11:36:17 [INFO] Epoch: [88] Step : [1/564] Loss: 0.3905
2026-03-18 11:37:17 [INFO] Epoch: [88] Step : [100/564] Loss: 0.2066
2026-03-18 11:38:16 [INFO] Epoch: [88] Step : [200/564] Loss: 0.8733
2026-03-18 11:39:14 [INFO] Epoch: [88] Step : [300/564] Loss: 1.6483
2026-03-18 11:40:10 [INFO] Epoch: [88] Step : [400/564] Loss: 0.1141
2026-03-18 11:41:16 [INFO] Epoch: [88] Step : [500/564] Loss: 0.2094
2026-03-18 11:42:14 [INFO] Epoch: [88] Step : [564/564] Loss: 0.0870
2026-03-18 11:44:41 [INFO] Epoch 88/300 | Train Loss: 0.2210 | Test Loss: 1.6143 | Acc: 0.9096 | Top-5: 0.9776 | F1(M): 0.6631 | Prec(M): 0.6551 | Rec(M): 0.7237 | Prec(W): 0.9453
2026-03-18 11:45:00 [INFO] Epoch: [89] Step : [1/564] Loss: 0.1279
2026-03-18 11:45:56 [INFO] Epoch: [89] Step : [100/564] Loss: 0.2332
2026-03-18 11:46:54 [INFO] Epoch: [89] Step : [200/564] Loss: 0.1144
2026-03-18 11:47:51 [INFO] Epoch: [89] Step : [300/564] Loss: 0.3207
2026-03-18 11:48:48 [INFO] Epoch: [89] Step : [400/564] Loss: 0.1069
2026-03-18 11:49:44 [INFO] Epoch: [89] Step : [500/564] Loss: 0.8053
2026-03-18 11:50:21 [INFO] Epoch: [89] Step : [564/564] Loss: 0.1561
2026-03-18 11:52:09 [INFO] Epoch 89/300 | Train Loss: 0.2277 | Test Loss: 1.5874 | Acc: 0.9076 | Top-5: 0.9757 | F1(M): 0.6567 | Prec(M): 0.6466 | Rec(M): 0.7217 | Prec(W): 0.9480
2026-03-18 11:52:27 [INFO] Epoch: [90] Step : [1/564] Loss: 0.3130
2026-03-18 11:53:24 [INFO] Epoch: [90] Step : [100/564] Loss: 0.3521
2026-03-18 11:54:20 [INFO] Epoch: [90] Step : [200/564] Loss: 0.3905
2026-03-18 11:55:17 [INFO] Epoch: [90] Step : [300/564] Loss: 0.1027
2026-03-18 11:56:14 [INFO] Epoch: [90] Step : [400/564] Loss: 0.3838
2026-03-18 11:57:10 [INFO] Epoch: [90] Step : [500/564] Loss: 0.3182
2026-03-18 11:57:46 [INFO] Epoch: [90] Step : [564/564] Loss: 0.1275
2026-03-18 11:59:36 [INFO] Epoch 90/300 | Train Loss: 0.2277 | Test Loss: 1.5876 | Acc: 0.9056 | Top-5: 0.9746 | F1(M): 0.6580 | Prec(M): 0.6460 | Rec(M): 0.7250 | Prec(W): 0.9411
2026-03-18 11:59:55 [INFO] Epoch: [91] Step : [1/564] Loss: 0.2845
2026-03-18 12:00:51 [INFO] Epoch: [91] Step : [100/564] Loss: 0.1578
2026-03-18 12:01:48 [INFO] Epoch: [91] Step : [200/564] Loss: 0.0997
2026-03-18 12:02:44 [INFO] Epoch: [91] Step : [300/564] Loss: 0.2829
2026-03-18 12:03:41 [INFO] Epoch: [91] Step : [400/564] Loss: 0.1748
2026-03-18 12:04:39 [INFO] Epoch: [91] Step : [500/564] Loss: 0.0618
2026-03-18 12:05:14 [INFO] Epoch: [91] Step : [564/564] Loss: 0.4850
2026-03-18 12:07:03 [INFO] Epoch 91/300 | Train Loss: 0.2266 | Test Loss: 1.5661 | Acc: 0.9063 | Top-5: 0.9771 | F1(M): 0.6593 | Prec(M): 0.6493 | Rec(M): 0.7229 | Prec(W): 0.9469
2026-03-18 12:07:21 [INFO] Epoch: [92] Step : [1/564] Loss: 1.8425
2026-03-18 12:08:16 [INFO] Epoch: [92] Step : [100/564] Loss: 0.1420
2026-03-18 12:09:13 [INFO] Epoch: [92] Step : [200/564] Loss: 0.1204
2026-03-18 12:10:10 [INFO] Epoch: [92] Step : [300/564] Loss: 0.1652
2026-03-18 12:11:06 [INFO] Epoch: [92] Step : [400/564] Loss: 0.1872
2026-03-18 12:12:04 [INFO] Epoch: [92] Step : [500/564] Loss: 0.5455
2026-03-18 12:12:40 [INFO] Epoch: [92] Step : [564/564] Loss: 0.2542
2026-03-18 12:14:28 [INFO] Epoch 92/300 | Train Loss: 0.2205 | Test Loss: 1.5879 | Acc: 0.9089 | Top-5: 0.9752 | F1(M): 0.6594 | Prec(M): 0.6487 | Rec(M): 0.7236 | Prec(W): 0.9460
2026-03-18 12:14:47 [INFO] Epoch: [93] Step : [1/564] Loss: 0.2380
2026-03-18 12:15:43 [INFO] Epoch: [93] Step : [100/564] Loss: 0.0597
2026-03-18 12:16:39 [INFO] Epoch: [93] Step : [200/564] Loss: 0.3047
2026-03-18 12:17:36 [INFO] Epoch: [93] Step : [300/564] Loss: 0.2954
2026-03-18 12:18:37 [INFO] Epoch: [93] Step : [400/564] Loss: 0.2577
2026-03-18 12:19:35 [INFO] Epoch: [93] Step : [500/564] Loss: 1.1207
2026-03-18 12:20:12 [INFO] Epoch: [93] Step : [564/564] Loss: 0.0618
2026-03-18 12:22:04 [INFO] Epoch 93/300 | Train Loss: 0.2202 | Test Loss: 1.5359 | Acc: 0.9157 | Top-5: 0.9782 | F1(M): 0.6642 | Prec(M): 0.6520 | Rec(M): 0.7271 | Prec(W): 0.9465
2026-03-18 12:22:25 [INFO] Epoch: [94] Step : [1/564] Loss: 0.5691
2026-03-18 12:23:22 [INFO] Epoch: [94] Step : [100/564] Loss: 0.5008
2026-03-18 12:24:22 [INFO] Epoch: [94] Step : [200/564] Loss: 0.4435
2026-03-18 12:25:20 [INFO] Epoch: [94] Step : [300/564] Loss: 0.4162
2026-03-18 12:26:19 [INFO] Epoch: [94] Step : [400/564] Loss: 1.3370
2026-03-18 12:27:16 [INFO] Epoch: [94] Step : [500/564] Loss: 0.2012
2026-03-18 12:27:53 [INFO] Epoch: [94] Step : [564/564] Loss: 1.0444
2026-03-18 12:29:51 [INFO] Epoch 94/300 | Train Loss: 0.2209 | Test Loss: 1.5702 | Acc: 0.9072 | Top-5: 0.9736 | F1(M): 0.6636 | Prec(M): 0.6553 | Rec(M): 0.7255 | Prec(W): 0.9468
2026-03-18 12:30:07 [INFO] Epoch: [95] Step : [1/564] Loss: 0.4340
2026-03-18 12:31:05 [INFO] Epoch: [95] Step : [100/564] Loss: 0.1504
2026-03-18 12:32:02 [INFO] Epoch: [95] Step : [200/564] Loss: 0.1362
2026-03-18 12:33:00 [INFO] Epoch: [95] Step : [300/564] Loss: 0.3878
2026-03-18 12:34:00 [INFO] Epoch: [95] Step : [400/564] Loss: 0.3842
2026-03-18 12:34:58 [INFO] Epoch: [95] Step : [500/564] Loss: 0.1680
2026-03-18 12:35:34 [INFO] Epoch: [95] Step : [564/564] Loss: 0.0737
2026-03-18 12:37:28 [INFO] Epoch 95/300 | Train Loss: 0.2266 | Test Loss: 1.5582 | Acc: 0.9088 | Top-5: 0.9757 | F1(M): 0.6621 | Prec(M): 0.6511 | Rec(M): 0.7256 | Prec(W): 0.9446
2026-03-18 12:37:44 [INFO] Epoch: [96] Step : [1/564] Loss: 0.2767
2026-03-18 12:38:42 [INFO] Epoch: [96] Step : [100/564] Loss: 0.5329
2026-03-18 12:39:42 [INFO] Epoch: [96] Step : [200/564] Loss: 0.1023
2026-03-18 12:40:40 [INFO] Epoch: [96] Step : [300/564] Loss: 0.1533
2026-03-18 12:41:38 [INFO] Epoch: [96] Step : [400/564] Loss: 0.3963
2026-03-18 12:42:37 [INFO] Epoch: [96] Step : [500/564] Loss: 0.3183
2026-03-18 12:43:14 [INFO] Epoch: [96] Step : [564/564] Loss: 0.1379
2026-03-18 12:45:06 [INFO] Epoch 96/300 | Train Loss: 0.2245 | Test Loss: 1.5801 | Acc: 0.9058 | Top-5: 0.9760 | F1(M): 0.6625 | Prec(M): 0.6560 | Rec(M): 0.7243 | Prec(W): 0.9465
2026-03-18 12:45:22 [INFO] Epoch: [97] Step : [1/564] Loss: 0.1878
2026-03-18 12:46:20 [INFO] Epoch: [97] Step : [100/564] Loss: 0.0566
2026-03-18 12:47:18 [INFO] Epoch: [97] Step : [200/564] Loss: 0.0879
2026-03-18 12:48:17 [INFO] Epoch: [97] Step : [300/564] Loss: 0.0467
2026-03-18 12:49:14 [INFO] Epoch: [97] Step : [400/564] Loss: 0.2360
2026-03-18 12:50:14 [INFO] Epoch: [97] Step : [500/564] Loss: 0.2073
2026-03-18 12:50:51 [INFO] Epoch: [97] Step : [564/564] Loss: 0.0466
2026-03-18 12:52:43 [INFO] Epoch 97/300 | Train Loss: 0.1644 | Test Loss: 1.5124 | Acc: 0.9219 | Top-5: 0.9799 | F1(M): 0.6895 | Prec(M): 0.6799 | Rec(M): 0.7429 | Prec(W): 0.9509
2026-03-18 12:52:43 [INFO] --> Best model saved with F1: 0.6895 to /data/lihb/enzyme_functional_annotation/optimal_radius/best_model/train_20260318_1136.pth
2026-03-18 12:52:59 [INFO] Epoch: [98] Step : [1/564] Loss: 0.1639
2026-03-18 12:53:57 [INFO] Epoch: [98] Step : [100/564] Loss: 0.0718
2026-03-18 12:54:56 [INFO] Epoch: [98] Step : [200/564] Loss: 0.4102
2026-03-18 12:55:55 [INFO] Epoch: [98] Step : [300/564] Loss: 0.2011
2026-03-18 12:56:53 [INFO] Epoch: [98] Step : [400/564] Loss: 0.2430
2026-03-18 12:57:51 [INFO] Epoch: [98] Step : [500/564] Loss: 0.0602
2026-03-18 12:58:28 [INFO] Epoch: [98] Step : [564/564] Loss: 0.1715
2026-03-18 13:00:19 [INFO] Epoch 98/300 | Train Loss: 0.1430 | Test Loss: 1.5190 | Acc: 0.9213 | Top-5: 0.9803 | F1(M): 0.6881 | Prec(M): 0.6764 | Rec(M): 0.7423 | Prec(W): 0.9526
2026-03-18 13:00:36 [INFO] Epoch: [99] Step : [1/564] Loss: 0.1050
2026-03-18 13:01:32 [INFO] Epoch: [99] Step : [100/564] Loss: 0.4175
2026-03-18 13:02:30 [INFO] Epoch: [99] Step : [200/564] Loss: 0.5027
2026-03-18 13:03:27 [INFO] Epoch: [99] Step : [300/564] Loss: 0.4717
2026-03-18 13:04:25 [INFO] Epoch: [99] Step : [400/564] Loss: 0.0359
2026-03-18 13:05:22 [INFO] Epoch: [99] Step : [500/564] Loss: 0.1345
2026-03-18 13:05:59 [INFO] Epoch: [99] Step : [564/564] Loss: 0.0820
2026-03-18 13:07:53 [INFO] Epoch 99/300 | Train Loss: 0.1431 | Test Loss: 1.4876 | Acc: 0.9283 | Top-5: 0.9828 | F1(M): 0.6906 | Prec(M): 0.6800 | Rec(M): 0.7411 | Prec(W): 0.9527
2026-03-18 13:07:54 [INFO] --> Best model saved with F1: 0.6906 to /data/lihb/enzyme_functional_annotation/optimal_radius/best_model/train_20260318_1136.pth
2026-03-18 13:08:10 [INFO] Epoch: [100] Step : [1/564] Loss: 0.1459
2026-03-18 13:09:06 [INFO] Epoch: [100] Step : [100/564] Loss: 0.2841
2026-03-18 13:10:04 [INFO] Epoch: [100] Step : [200/564] Loss: 0.1035
2026-03-18 13:11:01 [INFO] Epoch: [100] Step : [300/564] Loss: 0.0652
2026-03-18 13:11:58 [INFO] Epoch: [100] Step : [400/564] Loss: 0.9096
2026-03-18 13:12:56 [INFO] Epoch: [100] Step : [500/564] Loss: 0.1174
2026-03-18 13:13:33 [INFO] Epoch: [100] Step : [564/564] Loss: 0.0801
2026-03-18 13:16:17 [INFO] Epoch 100/300 | Train Loss: 0.1282 | Test Loss: 1.4898 | Acc: 0.9263 | Top-5: 0.9820 | F1(M): 0.6913 | Prec(M): 0.6826 | Rec(M): 0.7404 | Prec(W): 0.9530
2026-03-18 13:16:17 [INFO] --> Best model saved with F1: 0.6913 to /data/lihb/enzyme_functional_annotation/optimal_radius/best_model/train_20260318_1136.pth
2026-03-18 13:16:32 [INFO] Epoch: [101] Step : [1/564] Loss: 0.0509
2026-03-18 13:17:30 [INFO] Epoch: [101] Step : [100/564] Loss: 0.1026
2026-03-18 13:18:26 [INFO] Epoch: [101] Step : [200/564] Loss: 0.0435
2026-03-18 13:19:24 [INFO] Epoch: [101] Step : [300/564] Loss: 0.1841
2026-03-18 13:20:21 [INFO] Epoch: [101] Step : [400/564] Loss: 0.2590
2026-03-18 13:21:19 [INFO] Epoch: [101] Step : [500/564] Loss: 0.0437
2026-03-18 13:21:55 [INFO] Epoch: [101] Step : [564/564] Loss: 0.0851
2026-03-18 13:24:47 [INFO] Epoch 101/300 | Train Loss: 0.1348 | Test Loss: 1.5019 | Acc: 0.9292 | Top-5: 0.9817 | F1(M): 0.6923 | Prec(M): 0.6807 | Rec(M): 0.7422 | Prec(W): 0.9525
2026-03-18 13:24:47 [INFO] --> Best model saved with F1: 0.6923 to /data/lihb/enzyme_functional_annotation/optimal_radius/best_model/train_20260318_1136.pth
2026-03-18 13:25:02 [INFO] Epoch: [102] Step : [1/564] Loss: 0.1410
2026-03-18 13:25:59 [INFO] Epoch: [102] Step : [100/564] Loss: 0.1195
2026-03-18 13:26:57 [INFO] Epoch: [102] Step : [200/564] Loss: 0.1092
2026-03-18 13:27:56 [INFO] Epoch: [102] Step : [300/564] Loss: 0.1436
2026-03-18 13:28:53 [INFO] Epoch: [102] Step : [400/564] Loss: 0.1222
2026-03-18 13:29:51 [INFO] Epoch: [102] Step : [500/564] Loss: 0.1176
2026-03-18 13:30:27 [INFO] Epoch: [102] Step : [564/564] Loss: 0.4847
2026-03-18 13:32:31 [INFO] Epoch 102/300 | Train Loss: 0.1361 | Test Loss: 1.4941 | Acc: 0.9301 | Top-5: 0.9821 | F1(M): 0.6958 | Prec(M): 0.6871 | Rec(M): 0.7447 | Prec(W): 0.9534
2026-03-18 13:32:32 [INFO] --> Best model saved with F1: 0.6958 to /data/lihb/enzyme_functional_annotation/optimal_radius/best_model/train_20260318_1136.pth
2026-03-18 13:33:13 [INFO] Epoch: [103] Step : [1/564] Loss: 0.0532
2026-03-18 13:34:11 [INFO] Epoch: [103] Step : [100/564] Loss: 0.1126
2026-03-18 13:35:08 [INFO] Epoch: [103] Step : [200/564] Loss: 0.6628
2026-03-18 13:36:04 [INFO] Epoch: [103] Step : [300/564] Loss: 0.0319
2026-03-18 13:37:01 [INFO] Epoch: [103] Step : [400/564] Loss: 0.1549
2026-03-18 13:37:58 [INFO] Epoch: [103] Step : [500/564] Loss: 0.1702
2026-03-18 13:38:34 [INFO] Epoch: [103] Step : [564/564] Loss: 0.0493
2026-03-18 13:41:32 [INFO] Epoch 103/300 | Train Loss: 0.1293 | Test Loss: 1.5179 | Acc: 0.9285 | Top-5: 0.9814 | F1(M): 0.6959 | Prec(M): 0.6896 | Rec(M): 0.7416 | Prec(W): 0.9532
2026-03-18 13:41:33 [INFO] --> Best model saved with F1: 0.6959 to /data/lihb/enzyme_functional_annotation/optimal_radius/best_model/train_20260318_1136.pth
2026-03-18 13:41:48 [INFO] Epoch: [104] Step : [1/564] Loss: 0.3426
2026-03-18 13:42:46 [INFO] Epoch: [104] Step : [100/564] Loss: 0.4424
2026-03-18 13:43:42 [INFO] Epoch: [104] Step : [200/564] Loss: 0.0346
2026-03-18 13:44:39 [INFO] Epoch: [104] Step : [300/564] Loss: 0.0701
2026-03-18 13:45:36 [INFO] Epoch: [104] Step : [400/564] Loss: 0.0691
2026-03-18 13:46:32 [INFO] Epoch: [104] Step : [500/564] Loss: 0.1374
2026-03-18 13:47:08 [INFO] Epoch: [104] Step : [564/564] Loss: 0.0504
2026-03-18 13:50:06 [INFO] Epoch 104/300 | Train Loss: 0.1305 | Test Loss: 1.4887 | Acc: 0.9298 | Top-5: 0.9824 | F1(M): 0.6958 | Prec(M): 0.6894 | Rec(M): 0.7399 | Prec(W): 0.9541
2026-03-18 13:50:21 [INFO] Epoch: [105] Step : [1/564] Loss: 0.0855
2026-03-18 13:51:17 [INFO] Epoch: [105] Step : [100/564] Loss: 0.0365
2026-03-18 13:52:15 [INFO] Epoch: [105] Step : [200/564] Loss: 0.0887
2026-03-18 13:53:12 [INFO] Epoch: [105] Step : [300/564] Loss: 0.1859
2026-03-18 13:54:09 [INFO] Epoch: [105] Step : [400/564] Loss: 0.1343
2026-03-18 13:55:06 [INFO] Epoch: [105] Step : [500/564] Loss: 0.0552
2026-03-18 13:55:43 [INFO] Epoch: [105] Step : [564/564] Loss: 0.3026
2026-03-18 13:58:42 [INFO] Epoch 105/300 | Train Loss: 0.1348 | Test Loss: 1.5165 | Acc: 0.9298 | Top-5: 0.9827 | F1(M): 0.6944 | Prec(M): 0.6874 | Rec(M): 0.7405 | Prec(W): 0.9534
2026-03-18 13:58:58 [INFO] Epoch: [106] Step : [1/564] Loss: 0.1277
2026-03-18 13:59:54 [INFO] Epoch: [106] Step : [100/564] Loss: 0.2754
2026-03-18 14:00:51 [INFO] Epoch: [106] Step : [200/564] Loss: 0.1321
2026-03-18 14:01:47 [INFO] Epoch: [106] Step : [300/564] Loss: 0.0953
2026-03-18 14:02:45 [INFO] Epoch: [106] Step : [400/564] Loss: 0.4052
2026-03-18 14:03:42 [INFO] Epoch: [106] Step : [500/564] Loss: 0.1221
2026-03-18 14:04:18 [INFO] Epoch: [106] Step : [564/564] Loss: 0.0408
2026-03-18 14:06:18 [INFO] Epoch 106/300 | Train Loss: 0.1296 | Test Loss: 1.5066 | Acc: 0.9323 | Top-5: 0.9826 | F1(M): 0.6916 | Prec(M): 0.6828 | Rec(M): 0.7381 | Prec(W): 0.9529
2026-03-18 14:06:34 [INFO] Epoch: [107] Step : [1/564] Loss: 0.1489
2026-03-18 14:07:31 [INFO] Epoch: [107] Step : [100/564] Loss: 0.0611
2026-03-18 14:08:28 [INFO] Epoch: [107] Step : [200/564] Loss: 0.3089
2026-03-18 14:09:25 [INFO] Epoch: [107] Step : [300/564] Loss: 0.0986
2026-03-18 14:10:23 [INFO] Epoch: [107] Step : [400/564] Loss: 0.0744
2026-03-18 14:11:20 [INFO] Epoch: [107] Step : [500/564] Loss: 0.0297
2026-03-18 14:11:56 [INFO] Epoch: [107] Step : [564/564] Loss: 0.1442
2026-03-18 14:14:24 [INFO] Epoch 107/300 | Train Loss: 0.1281 | Test Loss: 1.5384 | Acc: 0.9277 | Top-5: 0.9820 | F1(M): 0.6892 | Prec(M): 0.6803 | Rec(M): 0.7399 | Prec(W): 0.9537
2026-03-18 14:14:40 [INFO] Epoch: [108] Step : [1/564] Loss: 0.2235
2026-03-18 14:15:37 [INFO] Epoch: [108] Step : [100/564] Loss: 0.2080
2026-03-18 14:16:40 [INFO] Epoch: [108] Step : [200/564] Loss: 0.1152
2026-03-18 14:17:46 [INFO] Epoch: [108] Step : [300/564] Loss: 0.1749
2026-03-18 14:18:50 [INFO] Epoch: [108] Step : [400/564] Loss: 0.0961
2026-03-18 14:19:52 [INFO] Epoch: [108] Step : [500/564] Loss: 1.4611
2026-03-18 14:20:29 [INFO] Epoch: [108] Step : [564/564] Loss: 0.1302
2026-03-18 14:23:03 [INFO] Epoch 108/300 | Train Loss: 0.1360 | Test Loss: 1.5026 | Acc: 0.9320 | Top-5: 0.9830 | F1(M): 0.6949 | Prec(M): 0.6852 | Rec(M): 0.7421 | Prec(W): 0.9540
2026-03-18 14:23:19 [INFO] Epoch: [109] Step : [1/564] Loss: 0.3835
2026-03-18 14:24:15 [INFO] Epoch: [109] Step : [100/564] Loss: 0.2917
2026-03-18 14:25:13 [INFO] Epoch: [109] Step : [200/564] Loss: 0.2445
2026-03-18 14:26:11 [INFO] Epoch: [109] Step : [300/564] Loss: 0.0810
2026-03-18 14:27:08 [INFO] Epoch: [109] Step : [400/564] Loss: 0.1179
2026-03-18 14:28:06 [INFO] Epoch: [109] Step : [500/564] Loss: 0.1259
2026-03-18 14:28:42 [INFO] Epoch: [109] Step : [564/564] Loss: 0.0797
2026-03-18 14:31:00 [INFO] Epoch 109/300 | Train Loss: 0.1325 | Test Loss: 1.5190 | Acc: 0.9257 | Top-5: 0.9816 | F1(M): 0.6894 | Prec(M): 0.6807 | Rec(M): 0.7392 | Prec(W): 0.9535
2026-03-18 14:31:16 [INFO] Epoch: [110] Step : [1/564] Loss: 0.2104
2026-03-18 14:32:12 [INFO] Epoch: [110] Step : [100/564] Loss: 0.2173
2026-03-18 14:33:09 [INFO] Epoch: [110] Step : [200/564] Loss: 0.0989
2026-03-18 14:34:21 [INFO] Epoch: [110] Step : [300/564] Loss: 0.0653
2026-03-18 14:35:19 [INFO] Epoch: [110] Step : [400/564] Loss: 0.3725
2026-03-18 14:36:19 [INFO] Epoch: [110] Step : [500/564] Loss: 0.1450
2026-03-18 14:36:55 [INFO] Epoch: [110] Step : [564/564] Loss: 6.3768
2026-03-18 14:38:52 [INFO] Epoch 110/300 | Train Loss: 0.1252 | Test Loss: 1.5063 | Acc: 0.9322 | Top-5: 0.9828 | F1(M): 0.6983 | Prec(M): 0.6891 | Rec(M): 0.7445 | Prec(W): 0.9540
2026-03-18 14:38:52 [INFO] --> Best model saved with F1: 0.6983 to /data/lihb/enzyme_functional_annotation/optimal_radius/best_model/train_20260318_1136.pth
2026-03-18 14:39:08 [INFO] Epoch: [111] Step : [1/564] Loss: 0.5910
2026-03-18 14:40:05 [INFO] Epoch: [111] Step : [100/564] Loss: 0.0987
2026-03-18 14:41:03 [INFO] Epoch: [111] Step : [200/564] Loss: 0.0462
2026-03-18 14:41:59 [INFO] Epoch: [111] Step : [300/564] Loss: 0.0628
2026-03-18 14:42:57 [INFO] Epoch: [111] Step : [400/564] Loss: 0.2715
2026-03-18 14:43:54 [INFO] Epoch: [111] Step : [500/564] Loss: 0.8722
2026-03-18 14:44:29 [INFO] Epoch: [111] Step : [564/564] Loss: 0.3671
2026-03-18 14:46:25 [INFO] Epoch 111/300 | Train Loss: 0.0952 | Test Loss: 1.4781 | Acc: 0.9381 | Top-5: 0.9843 | F1(M): 0.7069 | Prec(M): 0.6969 | Rec(M): 0.7494 | Prec(W): 0.9557
2026-03-18 14:46:25 [INFO] --> Best model saved with F1: 0.7069 to /data/lihb/enzyme_functional_annotation/optimal_radius/best_model/train_20260318_1136.pth
2026-03-18 14:46:41 [INFO] Epoch: [112] Step : [1/564] Loss: 0.1055
2026-03-18 14:47:37 [INFO] Epoch: [112] Step : [100/564] Loss: 0.0337
2026-03-18 14:48:33 [INFO] Epoch: [112] Step : [200/564] Loss: 0.0555
2026-03-18 14:49:30 [INFO] Epoch: [112] Step : [300/564] Loss: 0.0632
2026-03-18 14:50:26 [INFO] Epoch: [112] Step : [400/564] Loss: 0.0893
2026-03-18 14:51:23 [INFO] Epoch: [112] Step : [500/564] Loss: 0.4155
2026-03-18 14:51:58 [INFO] Epoch: [112] Step : [564/564] Loss: 0.0749
2026-03-18 14:53:45 [INFO] Epoch 112/300 | Train Loss: 0.0911 | Test Loss: 1.4917 | Acc: 0.9400 | Top-5: 0.9851 | F1(M): 0.7089 | Prec(M): 0.6996 | Rec(M): 0.7505 | Prec(W): 0.9567
2026-03-18 14:53:45 [INFO] --> Best model saved with F1: 0.7089 to /data/lihb/enzyme_functional_annotation/optimal_radius/best_model/train_20260318_1136.pth
2026-03-18 14:54:01 [INFO] Epoch: [113] Step : [1/564] Loss: 0.0669
2026-03-18 14:54:57 [INFO] Epoch: [113] Step : [100/564] Loss: 0.0720
2026-03-18 14:55:54 [INFO] Epoch: [113] Step : [200/564] Loss: 0.0384
2026-03-18 14:56:51 [INFO] Epoch: [113] Step : [300/564] Loss: 0.1815
2026-03-18 14:57:48 [INFO] Epoch: [113] Step : [400/564] Loss: 0.0501
2026-03-18 14:58:45 [INFO] Epoch: [113] Step : [500/564] Loss: 0.0574
2026-03-18 14:59:21 [INFO] Epoch: [113] Step : [564/564] Loss: 1.5075
2026-03-18 15:01:09 [INFO] Epoch 113/300 | Train Loss: 0.0865 | Test Loss: 1.4746 | Acc: 0.9425 | Top-5: 0.9858 | F1(M): 0.7108 | Prec(M): 0.7039 | Rec(M): 0.7493 | Prec(W): 0.9570
2026-03-18 15:01:09 [INFO] --> Best model saved with F1: 0.7108 to /data/lihb/enzyme_functional_annotation/optimal_radius/best_model/train_20260318_1136.pth
2026-03-18 15:01:24 [INFO] Epoch: [114] Step : [1/564] Loss: 0.1600
2026-03-18 15:02:20 [INFO] Epoch: [114] Step : [100/564] Loss: 0.0561
2026-03-18 15:03:18 [INFO] Epoch: [114] Step : [200/564] Loss: 3.7481
2026-03-18 15:04:16 [INFO] Epoch: [114] Step : [300/564] Loss: 0.0761
2026-03-18 15:05:14 [INFO] Epoch: [114] Step : [400/564] Loss: 0.0427
2026-03-18 15:06:11 [INFO] Epoch: [114] Step : [500/564] Loss: 0.4449
2026-03-18 15:06:47 [INFO] Epoch: [114] Step : [564/564] Loss: 0.2785
2026-03-18 15:08:37 [INFO] Epoch 114/300 | Train Loss: 0.0910 | Test Loss: 1.4673 | Acc: 0.9408 | Top-5: 0.9853 | F1(M): 0.7091 | Prec(M): 0.7016 | Rec(M): 0.7492 | Prec(W): 0.9564
2026-03-18 15:08:53 [INFO] Epoch: [115] Step : [1/564] Loss: 0.0599
2026-03-18 15:09:49 [INFO] Epoch: [115] Step : [100/564] Loss: 0.0524
2026-03-18 15:10:47 [INFO] Epoch: [115] Step : [200/564] Loss: 1.1702
2026-03-18 15:11:43 [INFO] Epoch: [115] Step : [300/564] Loss: 0.0256
2026-03-18 15:12:41 [INFO] Epoch: [115] Step : [400/564] Loss: 0.2398
2026-03-18 15:13:38 [INFO] Epoch: [115] Step : [500/564] Loss: 0.0968
2026-03-18 15:14:15 [INFO] Epoch: [115] Step : [564/564] Loss: 0.1931
2026-03-18 15:16:05 [INFO] Epoch 115/300 | Train Loss: 0.0840 | Test Loss: 1.5067 | Acc: 0.9408 | Top-5: 0.9857 | F1(M): 0.7080 | Prec(M): 0.6987 | Rec(M): 0.7491 | Prec(W): 0.9571
2026-03-18 15:16:20 [INFO] Epoch: [116] Step : [1/564] Loss: 0.1605
2026-03-18 15:17:16 [INFO] Epoch: [116] Step : [100/564] Loss: 0.1076
2026-03-18 15:18:12 [INFO] Epoch: [116] Step : [200/564] Loss: 0.0277
2026-03-18 15:19:09 [INFO] Epoch: [116] Step : [300/564] Loss: 0.1289
2026-03-18 15:20:06 [INFO] Epoch: [116] Step : [400/564] Loss: 2.5647
2026-03-18 15:21:03 [INFO] Epoch: [116] Step : [500/564] Loss: 0.1289
2026-03-18 15:21:39 [INFO] Epoch: [116] Step : [564/564] Loss: 0.0632
2026-03-18 15:23:29 [INFO] Epoch 116/300 | Train Loss: 0.0862 | Test Loss: 1.4672 | Acc: 0.9445 | Top-5: 0.9860 | F1(M): 0.7105 | Prec(M): 0.7031 | Rec(M): 0.7477 | Prec(W): 0.9575
2026-03-18 15:23:46 [INFO] Epoch: [117] Step : [1/564] Loss: 0.0329
2026-03-18 15:24:43 [INFO] Epoch: [117] Step : [100/564] Loss: 0.1897
2026-03-18 15:25:40 [INFO] Epoch: [117] Step : [200/564] Loss: 0.0416
2026-03-18 15:26:37 [INFO] Epoch: [117] Step : [300/564] Loss: 0.1062
2026-03-18 15:27:35 [INFO] Epoch: [117] Step : [400/564] Loss: 0.0668
2026-03-18 15:28:32 [INFO] Epoch: [117] Step : [500/564] Loss: 0.0471
2026-03-18 15:29:08 [INFO] Epoch: [117] Step : [564/564] Loss: 0.0212
2026-03-18 15:30:58 [INFO] Epoch 117/300 | Train Loss: 0.0854 | Test Loss: 1.5169 | Acc: 0.9411 | Top-5: 0.9855 | F1(M): 0.7078 | Prec(M): 0.6993 | Rec(M): 0.7471 | Prec(W): 0.9579
2026-03-18 15:31:16 [INFO] Epoch: [118] Step : [1/564] Loss: 0.1291
2026-03-18 15:32:12 [INFO] Epoch: [118] Step : [100/564] Loss: 0.0243
2026-03-18 15:33:10 [INFO] Epoch: [118] Step : [200/564] Loss: 0.1004
2026-03-18 15:34:07 [INFO] Epoch: [118] Step : [300/564] Loss: 0.1454
2026-03-18 15:35:05 [INFO] Epoch: [118] Step : [400/564] Loss: 0.1066
2026-03-18 15:36:03 [INFO] Epoch: [118] Step : [500/564] Loss: 0.1408
2026-03-18 15:36:40 [INFO] Epoch: [118] Step : [564/564] Loss: 0.0149
2026-03-18 15:38:51 [INFO] Epoch 118/300 | Train Loss: 0.0863 | Test Loss: 1.4692 | Acc: 0.9424 | Top-5: 0.9862 | F1(M): 0.7098 | Prec(M): 0.7033 | Rec(M): 0.7480 | Prec(W): 0.9574
2026-03-18 15:39:13 [INFO] Epoch: [119] Step : [1/564] Loss: 0.0221
2026-03-18 15:40:10 [INFO] Epoch: [119] Step : [100/564] Loss: 0.0362
2026-03-18 15:41:08 [INFO] Epoch: [119] Step : [200/564] Loss: 0.1401
2026-03-18 15:42:05 [INFO] Epoch: [119] Step : [300/564] Loss: 0.4374
2026-03-18 15:43:03 [INFO] Epoch: [119] Step : [400/564] Loss: 0.0518
2026-03-18 15:44:00 [INFO] Epoch: [119] Step : [500/564] Loss: 0.0634
2026-03-18 15:44:37 [INFO] Epoch: [119] Step : [564/564] Loss: 0.2408
2026-03-18 15:46:31 [INFO] Epoch 119/300 | Train Loss: 0.0853 | Test Loss: 1.4670 | Acc: 0.9419 | Top-5: 0.9861 | F1(M): 0.7111 | Prec(M): 0.7027 | Rec(M): 0.7509 | Prec(W): 0.9579
2026-03-18 15:46:31 [INFO] --> Best model saved with F1: 0.7111 to /data/lihb/enzyme_functional_annotation/optimal_radius/best_model/train_20260318_1136.pth
2026-03-18 15:46:50 [INFO] Epoch: [120] Step : [1/564] Loss: 0.0651
2026-03-18 15:47:47 [INFO] Epoch: [120] Step : [100/564] Loss: 0.0707
2026-03-18 15:48:44 [INFO] Epoch: [120] Step : [200/564] Loss: 0.1354
2026-03-18 15:49:42 [INFO] Epoch: [120] Step : [300/564] Loss: 0.0197
2026-03-18 15:50:39 [INFO] Epoch: [120] Step : [400/564] Loss: 1.3047
2026-03-18 15:51:37 [INFO] Epoch: [120] Step : [500/564] Loss: 0.2906
2026-03-18 15:52:14 [INFO] Epoch: [120] Step : [564/564] Loss: 3.8902
2026-03-18 15:54:06 [INFO] Epoch 120/300 | Train Loss: 0.0806 | Test Loss: 1.4393 | Acc: 0.9404 | Top-5: 0.9855 | F1(M): 0.7056 | Prec(M): 0.6963 | Rec(M): 0.7474 | Prec(W): 0.9565
2026-03-18 15:54:25 [INFO] Epoch: [121] Step : [1/564] Loss: 0.0878
2026-03-18 15:55:23 [INFO] Epoch: [121] Step : [100/564] Loss: 0.0296
2026-03-18 15:56:21 [INFO] Epoch: [121] Step : [200/564] Loss: 0.1253
2026-03-18 15:57:19 [INFO] Epoch: [121] Step : [300/564] Loss: 0.2618
2026-03-18 15:58:16 [INFO] Epoch: [121] Step : [400/564] Loss: 0.0287
2026-03-18 15:59:14 [INFO] Epoch: [121] Step : [500/564] Loss: 0.0181
2026-03-18 15:59:51 [INFO] Epoch: [121] Step : [564/564] Loss: 0.1870
2026-03-18 16:01:43 [INFO] Epoch 121/300 | Train Loss: 0.0885 | Test Loss: 1.4783 | Acc: 0.9432 | Top-5: 0.9862 | F1(M): 0.7151 | Prec(M): 0.7097 | Rec(M): 0.7513 | Prec(W): 0.9584
2026-03-18 16:01:43 [INFO] --> Best model saved with F1: 0.7151 to /data/lihb/enzyme_functional_annotation/optimal_radius/best_model/train_20260318_1136.pth
2026-03-18 16:02:00 [INFO] Epoch: [122] Step : [1/564] Loss: 0.0413
2026-03-18 16:02:56 [INFO] Epoch: [122] Step : [100/564] Loss: 0.0442
2026-03-18 16:03:53 [INFO] Epoch: [122] Step : [200/564] Loss: 0.0085
2026-03-18 16:04:51 [INFO] Epoch: [122] Step : [300/564] Loss: 0.1964
2026-03-18 16:05:49 [INFO] Epoch: [122] Step : [400/564] Loss: 0.0751
2026-03-18 16:06:47 [INFO] Epoch: [122] Step : [500/564] Loss: 0.1151
2026-03-18 16:07:23 [INFO] Epoch: [122] Step : [564/564] Loss: 0.0232
2026-03-18 16:09:12 [INFO] Epoch 122/300 | Train Loss: 0.0894 | Test Loss: 1.4806 | Acc: 0.9402 | Top-5: 0.9858 | F1(M): 0.7095 | Prec(M): 0.7013 | Rec(M): 0.7494 | Prec(W): 0.9575
2026-03-18 16:09:34 [INFO] Epoch: [123] Step : [1/564] Loss: 0.2018
2026-03-18 16:10:31 [INFO] Epoch: [123] Step : [100/564] Loss: 0.0327
2026-03-18 16:11:30 [INFO] Epoch: [123] Step : [200/564] Loss: 0.0853
2026-03-18 16:12:27 [INFO] Epoch: [123] Step : [300/564] Loss: 0.0238
2026-03-18 16:13:26 [INFO] Epoch: [123] Step : [400/564] Loss: 0.3061
2026-03-18 16:14:23 [INFO] Epoch: [123] Step : [500/564] Loss: 0.1100
2026-03-18 16:14:59 [INFO] Epoch: [123] Step : [564/564] Loss: 0.0220
2026-03-18 16:16:52 [INFO] Epoch 123/300 | Train Loss: 0.0931 | Test Loss: 1.4683 | Acc: 0.9431 | Top-5: 0.9862 | F1(M): 0.7114 | Prec(M): 0.7043 | Rec(M): 0.7498 | Prec(W): 0.9581
2026-03-18 16:17:11 [INFO] Epoch: [124] Step : [1/564] Loss: 0.0833
2026-03-18 16:18:08 [INFO] Epoch: [124] Step : [100/564] Loss: 0.1647
2026-03-18 16:19:06 [INFO] Epoch: [124] Step : [200/564] Loss: 0.0271
2026-03-18 16:20:03 [INFO] Epoch: [124] Step : [300/564] Loss: 0.0235
2026-03-18 16:21:03 [INFO] Epoch: [124] Step : [400/564] Loss: 1.2798
2026-03-18 16:22:00 [INFO] Epoch: [124] Step : [500/564] Loss: 0.9948
2026-03-18 16:22:36 [INFO] Epoch: [124] Step : [564/564] Loss: 0.2159
2026-03-18 16:24:26 [INFO] Epoch 124/300 | Train Loss: 0.0857 | Test Loss: 1.4652 | Acc: 0.9434 | Top-5: 0.9866 | F1(M): 0.7114 | Prec(M): 0.7051 | Rec(M): 0.7493 | Prec(W): 0.9591
2026-03-18 16:24:47 [INFO] Epoch: [125] Step : [1/564] Loss: 0.0849
2026-03-18 16:25:43 [INFO] Epoch: [125] Step : [100/564] Loss: 0.1025
2026-03-18 16:26:41 [INFO] Epoch: [125] Step : [200/564] Loss: 0.1397
2026-03-18 16:27:39 [INFO] Epoch: [125] Step : [300/564] Loss: 0.0790
2026-03-18 16:28:36 [INFO] Epoch: [125] Step : [400/564] Loss: 0.1741
2026-03-18 16:29:33 [INFO] Epoch: [125] Step : [500/564] Loss: 0.0801
2026-03-18 16:30:09 [INFO] Epoch: [125] Step : [564/564] Loss: 0.5954
2026-03-18 16:32:06 [INFO] Epoch 125/300 | Train Loss: 0.0787 | Test Loss: 1.4603 | Acc: 0.9417 | Top-5: 0.9859 | F1(M): 0.7099 | Prec(M): 0.7020 | Rec(M): 0.7495 | Prec(W): 0.9575
2026-03-18 16:32:31 [INFO] Epoch: [126] Step : [1/564] Loss: 0.0435
2026-03-18 16:33:27 [INFO] Epoch: [126] Step : [100/564] Loss: 0.0668
2026-03-18 16:34:25 [INFO] Epoch: [126] Step : [200/564] Loss: 0.0288
2026-03-18 16:35:23 [INFO] Epoch: [126] Step : [300/564] Loss: 0.0517
2026-03-18 16:36:19 [INFO] Epoch: [126] Step : [400/564] Loss: 0.0806
2026-03-18 16:37:16 [INFO] Epoch: [126] Step : [500/564] Loss: 0.0571
2026-03-18 16:37:52 [INFO] Epoch: [126] Step : [564/564] Loss: 0.0725
2026-03-18 16:39:42 [INFO] Epoch 126/300 | Train Loss: 0.0862 | Test Loss: 1.4839 | Acc: 0.9432 | Top-5: 0.9859 | F1(M): 0.7130 | Prec(M): 0.7074 | Rec(M): 0.7486 | Prec(W): 0.9575
2026-03-18 16:40:02 [INFO] Epoch: [127] Step : [1/564] Loss: 0.0477
2026-03-18 16:40:58 [INFO] Epoch: [127] Step : [100/564] Loss: 0.0765
2026-03-18 16:41:55 [INFO] Epoch: [127] Step : [200/564] Loss: 0.1607
2026-03-18 16:42:54 [INFO] Epoch: [127] Step : [300/564] Loss: 0.1266
2026-03-18 16:43:51 [INFO] Epoch: [127] Step : [400/564] Loss: 0.3632
2026-03-18 16:44:49 [INFO] Epoch: [127] Step : [500/564] Loss: 0.1251
2026-03-18 16:45:26 [INFO] Epoch: [127] Step : [564/564] Loss: 0.0392
2026-03-18 16:47:16 [INFO] Epoch 127/300 | Train Loss: 0.0801 | Test Loss: 1.4567 | Acc: 0.9437 | Top-5: 0.9862 | F1(M): 0.7144 | Prec(M): 0.7084 | Rec(M): 0.7506 | Prec(W): 0.9594
2026-03-18 16:47:37 [INFO] Epoch: [128] Step : [1/564] Loss: 0.0537
2026-03-18 16:48:34 [INFO] Epoch: [128] Step : [100/564] Loss: 0.0962
2026-03-18 16:49:32 [INFO] Epoch: [128] Step : [200/564] Loss: 0.8263
2026-03-18 16:50:30 [INFO] Epoch: [128] Step : [300/564] Loss: 0.0651
2026-03-18 16:51:27 [INFO] Epoch: [128] Step : [400/564] Loss: 0.6503
2026-03-18 16:52:26 [INFO] Epoch: [128] Step : [500/564] Loss: 0.0430
2026-03-18 16:53:02 [INFO] Epoch: [128] Step : [564/564] Loss: 0.0699
2026-03-18 16:54:52 [INFO] Epoch 128/300 | Train Loss: 0.0819 | Test Loss: 1.4736 | Acc: 0.9429 | Top-5: 0.9856 | F1(M): 0.7149 | Prec(M): 0.7063 | Rec(M): 0.7526 | Prec(W): 0.9583
2026-03-18 16:55:11 [INFO] Epoch: [129] Step : [1/564] Loss: 0.1893
2026-03-18 16:56:08 [INFO] Epoch: [129] Step : [100/564] Loss: 0.0608
2026-03-18 16:57:05 [INFO] Epoch: [129] Step : [200/564] Loss: 0.0643
2026-03-18 16:58:02 [INFO] Epoch: [129] Step : [300/564] Loss: 0.2621
2026-03-18 16:59:01 [INFO] Epoch: [129] Step : [400/564] Loss: 0.1102
2026-03-18 16:59:58 [INFO] Epoch: [129] Step : [500/564] Loss: 0.0346
2026-03-18 17:00:34 [INFO] Epoch: [129] Step : [564/564] Loss: 0.0174
2026-03-18 17:02:25 [INFO] Epoch 129/300 | Train Loss: 0.0794 | Test Loss: 1.4548 | Acc: 0.9436 | Top-5: 0.9862 | F1(M): 0.7133 | Prec(M): 0.7064 | Rec(M): 0.7510 | Prec(W): 0.9590
2026-03-18 17:02:47 [INFO] Epoch: [130] Step : [1/564] Loss: 0.0546
2026-03-18 17:03:43 [INFO] Epoch: [130] Step : [100/564] Loss: 0.1282
2026-03-18 17:04:42 [INFO] Epoch: [130] Step : [200/564] Loss: 0.1422
2026-03-18 17:05:39 [INFO] Epoch: [130] Step : [300/564] Loss: 0.0206
2026-03-18 17:06:37 [INFO] Epoch: [130] Step : [400/564] Loss: 0.0814
2026-03-18 17:07:34 [INFO] Epoch: [130] Step : [500/564] Loss: 0.5649
2026-03-18 17:08:10 [INFO] Epoch: [130] Step : [564/564] Loss: 0.0798
2026-03-18 17:10:02 [INFO] Epoch 130/300 | Train Loss: 0.0811 | Test Loss: 1.4711 | Acc: 0.9447 | Top-5: 0.9862 | F1(M): 0.7126 | Prec(M): 0.7052 | Rec(M): 0.7496 | Prec(W): 0.9585
2026-03-18 17:10:22 [INFO] Epoch: [131] Step : [1/564] Loss: 0.0270
2026-03-18 17:11:19 [INFO] Epoch: [131] Step : [100/564] Loss: 0.4899
2026-03-18 17:12:17 [INFO] Epoch: [131] Step : [200/564] Loss: 0.1728
2026-03-18 17:13:14 [INFO] Epoch: [131] Step : [300/564] Loss: 0.0556
2026-03-18 17:14:13 [INFO] Epoch: [131] Step : [400/564] Loss: 0.0715
2026-03-18 17:15:10 [INFO] Epoch: [131] Step : [500/564] Loss: 0.2173
2026-03-18 17:15:46 [INFO] Epoch: [131] Step : [564/564] Loss: 0.0803
2026-03-18 17:17:38 [INFO] Epoch 131/300 | Train Loss: 0.0739 | Test Loss: 1.4426 | Acc: 0.9451 | Top-5: 0.9866 | F1(M): 0.7146 | Prec(M): 0.7071 | Rec(M): 0.7508 | Prec(W): 0.9592
2026-03-18 17:17:56 [INFO] Epoch: [132] Step : [1/564] Loss: 0.0747
2026-03-18 17:18:53 [INFO] Epoch: [132] Step : [100/564] Loss: 0.0854
2026-03-18 17:19:50 [INFO] Epoch: [132] Step : [200/564] Loss: 0.0253
2026-03-18 17:20:48 [INFO] Epoch: [132] Step : [300/564] Loss: 0.1163
2026-03-18 17:21:45 [INFO] Epoch: [132] Step : [400/564] Loss: 0.0544
2026-03-18 17:22:43 [INFO] Epoch: [132] Step : [500/564] Loss: 0.0137
2026-03-18 17:23:20 [INFO] Epoch: [132] Step : [564/564] Loss: 0.5081
2026-03-18 17:25:10 [INFO] Epoch 132/300 | Train Loss: 0.0617 | Test Loss: 1.4480 | Acc: 0.9467 | Top-5: 0.9869 | F1(M): 0.7168 | Prec(M): 0.7100 | Rec(M): 0.7519 | Prec(W): 0.9597
2026-03-18 17:25:10 [INFO] --> Best model saved with F1: 0.7168 to /data/lihb/enzyme_functional_annotation/optimal_radius/best_model/train_20260318_1136.pth
2026-03-18 17:25:31 [INFO] Epoch: [133] Step : [1/564] Loss: 1.7748
2026-03-18 17:26:27 [INFO] Epoch: [133] Step : [100/564] Loss: 0.0461
2026-03-18 17:27:24 [INFO] Epoch: [133] Step : [200/564] Loss: 0.0338
2026-03-18 17:28:21 [INFO] Epoch: [133] Step : [300/564] Loss: 0.0399
2026-03-18 17:29:18 [INFO] Epoch: [133] Step : [400/564] Loss: 0.0199
2026-03-18 17:30:16 [INFO] Epoch: [133] Step : [500/564] Loss: 0.0228
2026-03-18 17:30:52 [INFO] Epoch: [133] Step : [564/564] Loss: 0.0321
2026-03-18 17:32:44 [INFO] Epoch 133/300 | Train Loss: 0.0544 | Test Loss: 1.4504 | Acc: 0.9465 | Top-5: 0.9870 | F1(M): 0.7164 | Prec(M): 0.7099 | Rec(M): 0.7514 | Prec(W): 0.9592
2026-03-18 17:33:00 [INFO] Epoch: [134] Step : [1/564] Loss: 0.0859
2026-03-18 17:33:56 [INFO] Epoch: [134] Step : [100/564] Loss: 0.1690
2026-03-18 17:34:53 [INFO] Epoch: [134] Step : [200/564] Loss: 0.2460
2026-03-18 17:35:51 [INFO] Epoch: [134] Step : [300/564] Loss: 0.2667
2026-03-18 17:36:47 [INFO] Epoch: [134] Step : [400/564] Loss: 0.0500
2026-03-18 17:37:45 [INFO] Epoch: [134] Step : [500/564] Loss: 0.1158
2026-03-18 17:38:21 [INFO] Epoch: [134] Step : [564/564] Loss: 0.0041
2026-03-18 17:40:11 [INFO] Epoch 134/300 | Train Loss: 0.0626 | Test Loss: 1.4666 | Acc: 0.9476 | Top-5: 0.9874 | F1(M): 0.7155 | Prec(M): 0.7078 | Rec(M): 0.7512 | Prec(W): 0.9599
2026-03-18 17:40:32 [INFO] Epoch: [135] Step : [1/564] Loss: 0.0803
2026-03-18 17:41:27 [INFO] Epoch: [135] Step : [100/564] Loss: 0.2846
2026-03-18 17:42:26 [INFO] Epoch: [135] Step : [200/564] Loss: 0.2672
2026-03-18 17:43:23 [INFO] Epoch: [135] Step : [300/564] Loss: 0.0180
2026-03-18 17:44:21 [INFO] Epoch: [135] Step : [400/564] Loss: 0.3078
2026-03-18 17:45:18 [INFO] Epoch: [135] Step : [500/564] Loss: 0.0455
2026-03-18 17:45:54 [INFO] Epoch: [135] Step : [564/564] Loss: 0.0243
2026-03-18 17:47:46 [INFO] Epoch 135/300 | Train Loss: 0.0610 | Test Loss: 1.4649 | Acc: 0.9475 | Top-5: 0.9873 | F1(M): 0.7159 | Prec(M): 0.7100 | Rec(M): 0.7495 | Prec(W): 0.9595
2026-03-18 17:48:04 [INFO] Epoch: [136] Step : [1/564] Loss: 0.0086
2026-03-18 17:49:01 [INFO] Epoch: [136] Step : [100/564] Loss: 0.0240
2026-03-18 17:49:58 [INFO] Epoch: [136] Step : [200/564] Loss: 0.0540
2026-03-18 17:50:55 [INFO] Epoch: [136] Step : [300/564] Loss: 0.1396
2026-03-18 17:51:53 [INFO] Epoch: [136] Step : [400/564] Loss: 0.0214
2026-03-18 17:52:50 [INFO] Epoch: [136] Step : [500/564] Loss: 0.0894
2026-03-18 17:53:26 [INFO] Epoch: [136] Step : [564/564] Loss: 0.5792
2026-03-18 17:55:16 [INFO] Epoch 136/300 | Train Loss: 0.0598 | Test Loss: 1.4246 | Acc: 0.9490 | Top-5: 0.9876 | F1(M): 0.7174 | Prec(M): 0.7129 | Rec(M): 0.7502 | Prec(W): 0.9601
2026-03-18 17:55:16 [INFO] --> Best model saved with F1: 0.7174 to /data/lihb/enzyme_functional_annotation/optimal_radius/best_model/train_20260318_1136.pth
2026-03-18 17:55:35 [INFO] Epoch: [137] Step : [1/564] Loss: 0.1924
2026-03-18 17:56:33 [INFO] Epoch: [137] Step : [100/564] Loss: 0.2909
2026-03-18 17:57:30 [INFO] Epoch: [137] Step : [200/564] Loss: 0.0688
2026-03-18 17:58:27 [INFO] Epoch: [137] Step : [300/564] Loss: 0.0086
2026-03-18 17:59:23 [INFO] Epoch: [137] Step : [400/564] Loss: 0.0804
2026-03-18 18:00:20 [INFO] Epoch: [137] Step : [500/564] Loss: 0.1680
2026-03-18 18:00:56 [INFO] Epoch: [137] Step : [564/564] Loss: 0.1462
2026-03-18 18:02:51 [INFO] Epoch 137/300 | Train Loss: 0.0598 | Test Loss: 1.4600 | Acc: 0.9485 | Top-5: 0.9878 | F1(M): 0.7159 | Prec(M): 0.7096 | Rec(M): 0.7500 | Prec(W): 0.9598
2026-03-18 18:03:09 [INFO] Epoch: [138] Step : [1/564] Loss: 0.0332
2026-03-18 18:04:06 [INFO] Epoch: [138] Step : [100/564] Loss: 0.0157
2026-03-18 18:05:03 [INFO] Epoch: [138] Step : [200/564] Loss: 0.0914
2026-03-18 18:06:01 [INFO] Epoch: [138] Step : [300/564] Loss: 0.1147
2026-03-18 18:06:57 [INFO] Epoch: [138] Step : [400/564] Loss: 0.0193
2026-03-18 18:07:55 [INFO] Epoch: [138] Step : [500/564] Loss: 0.1187
2026-03-18 18:08:31 [INFO] Epoch: [138] Step : [564/564] Loss: 0.5351
2026-03-18 18:10:24 [INFO] Epoch 138/300 | Train Loss: 0.0592 | Test Loss: 1.4300 | Acc: 0.9493 | Top-5: 0.9876 | F1(M): 0.7193 | Prec(M): 0.7133 | Rec(M): 0.7531 | Prec(W): 0.9604
2026-03-18 18:10:24 [INFO] --> Best model saved with F1: 0.7193 to /data/lihb/enzyme_functional_annotation/optimal_radius/best_model/train_20260318_1136.pth
2026-03-18 18:10:43 [INFO] Epoch: [139] Step : [1/564] Loss: 0.0659
2026-03-18 18:11:39 [INFO] Epoch: [139] Step : [100/564] Loss: 0.0898
2026-03-18 18:12:37 [INFO] Epoch: [139] Step : [200/564] Loss: 0.0270
2026-03-18 18:13:33 [INFO] Epoch: [139] Step : [300/564] Loss: 0.0814
2026-03-18 18:14:32 [INFO] Epoch: [139] Step : [400/564] Loss: 0.0318
2026-03-18 18:15:28 [INFO] Epoch: [139] Step : [500/564] Loss: 0.0159
2026-03-18 18:16:04 [INFO] Epoch: [139] Step : [564/564] Loss: 0.0391
2026-03-18 18:17:54 [INFO] Epoch 139/300 | Train Loss: 0.0614 | Test Loss: 1.4522 | Acc: 0.9498 | Top-5: 0.9878 | F1(M): 0.7178 | Prec(M): 0.7114 | Rec(M): 0.7513 | Prec(W): 0.9606
2026-03-18 18:18:13 [INFO] Epoch: [140] Step : [1/564] Loss: 0.1187
2026-03-18 18:19:09 [INFO] Epoch: [140] Step : [100/564] Loss: 0.2323
2026-03-18 18:20:06 [INFO] Epoch: [140] Step : [200/564] Loss: 0.0403
2026-03-18 18:21:02 [INFO] Epoch: [140] Step : [300/564] Loss: 0.2693
2026-03-18 18:21:59 [INFO] Epoch: [140] Step : [400/564] Loss: 0.0288
2026-03-18 18:22:56 [INFO] Epoch: [140] Step : [500/564] Loss: 0.1207
2026-03-18 18:23:32 [INFO] Epoch: [140] Step : [564/564] Loss: 0.0919
2026-03-18 18:25:22 [INFO] Epoch 140/300 | Train Loss: 0.0594 | Test Loss: 1.4539 | Acc: 0.9480 | Top-5: 0.9872 | F1(M): 0.7180 | Prec(M): 0.7121 | Rec(M): 0.7525 | Prec(W): 0.9602
2026-03-18 18:25:40 [INFO] Epoch: [141] Step : [1/564] Loss: 0.0505
2026-03-18 18:26:35 [INFO] Epoch: [141] Step : [100/564] Loss: 0.0296
2026-03-18 18:27:32 [INFO] Epoch: [141] Step : [200/564] Loss: 3.0457
2026-03-18 18:28:30 [INFO] Epoch: [141] Step : [300/564] Loss: 0.0548
2026-03-18 18:29:26 [INFO] Epoch: [141] Step : [400/564] Loss: 0.0807
2026-03-18 18:30:24 [INFO] Epoch: [141] Step : [500/564] Loss: 0.0445
2026-03-18 18:31:00 [INFO] Epoch: [141] Step : [564/564] Loss: 0.0080
2026-03-18 18:32:50 [INFO] Epoch 141/300 | Train Loss: 0.0581 | Test Loss: 1.4665 | Acc: 0.9501 | Top-5: 0.9878 | F1(M): 0.7207 | Prec(M): 0.7156 | Rec(M): 0.7537 | Prec(W): 0.9607
2026-03-18 18:32:50 [INFO] --> Best model saved with F1: 0.7207 to /data/lihb/enzyme_functional_annotation/optimal_radius/best_model/train_20260318_1136.pth
2026-03-18 18:33:10 [INFO] Epoch: [142] Step : [1/564] Loss: 0.0605
2026-03-18 18:34:06 [INFO] Epoch: [142] Step : [100/564] Loss: 0.0611
2026-03-18 18:35:04 [INFO] Epoch: [142] Step : [200/564] Loss: 0.0596
2026-03-18 18:36:01 [INFO] Epoch: [142] Step : [300/564] Loss: 0.4408
2026-03-18 18:36:59 [INFO] Epoch: [142] Step : [400/564] Loss: 0.0745
2026-03-18 18:37:55 [INFO] Epoch: [142] Step : [500/564] Loss: 0.4055
2026-03-18 18:38:31 [INFO] Epoch: [142] Step : [564/564] Loss: 0.0082
2026-03-18 18:40:22 [INFO] Epoch 142/300 | Train Loss: 0.0571 | Test Loss: 1.4649 | Acc: 0.9487 | Top-5: 0.9877 | F1(M): 0.7167 | Prec(M): 0.7109 | Rec(M): 0.7515 | Prec(W): 0.9605
2026-03-18 18:40:40 [INFO] Epoch: [143] Step : [1/564] Loss: 0.0142
2026-03-18 18:41:37 [INFO] Epoch: [143] Step : [100/564] Loss: 0.0141
2026-03-18 18:42:34 [INFO] Epoch: [143] Step : [200/564] Loss: 0.0409
2026-03-18 18:43:31 [INFO] Epoch: [143] Step : [300/564] Loss: 0.0146
2026-03-18 18:44:28 [INFO] Epoch: [143] Step : [400/564] Loss: 0.0593
2026-03-18 18:45:25 [INFO] Epoch: [143] Step : [500/564] Loss: 0.0392
2026-03-18 18:46:01 [INFO] Epoch: [143] Step : [564/564] Loss: 0.0504
2026-03-18 18:47:51 [INFO] Epoch 143/300 | Train Loss: 0.0560 | Test Loss: 1.4585 | Acc: 0.9492 | Top-5: 0.9876 | F1(M): 0.7188 | Prec(M): 0.7146 | Rec(M): 0.7507 | Prec(W): 0.9609
2026-03-18 18:48:08 [INFO] Epoch: [144] Step : [1/564] Loss: 0.0992
2026-03-18 18:49:04 [INFO] Epoch: [144] Step : [100/564] Loss: 0.0342
2026-03-18 18:50:01 [INFO] Epoch: [144] Step : [200/564] Loss: 0.0711
2026-03-18 18:50:59 [INFO] Epoch: [144] Step : [300/564] Loss: 0.0847
2026-03-18 18:51:56 [INFO] Epoch: [144] Step : [400/564] Loss: 0.3077
2026-03-18 18:52:53 [INFO] Epoch: [144] Step : [500/564] Loss: 0.0167
2026-03-18 18:53:28 [INFO] Epoch: [144] Step : [564/564] Loss: 0.3363
2026-03-18 18:55:19 [INFO] Epoch 144/300 | Train Loss: 0.0552 | Test Loss: 1.4482 | Acc: 0.9480 | Top-5: 0.9877 | F1(M): 0.7168 | Prec(M): 0.7119 | Rec(M): 0.7503 | Prec(W): 0.9605
2026-03-18 18:55:37 [INFO] Epoch: [145] Step : [1/564] Loss: 0.0266
2026-03-18 18:56:35 [INFO] Epoch: [145] Step : [100/564] Loss: 0.0351
2026-03-18 18:57:31 [INFO] Epoch: [145] Step : [200/564] Loss: 0.2741
2026-03-18 18:58:28 [INFO] Epoch: [145] Step : [300/564] Loss: 0.0198
2026-03-18 18:59:25 [INFO] Epoch: [145] Step : [400/564] Loss: 0.1930
2026-03-18 19:00:21 [INFO] Epoch: [145] Step : [500/564] Loss: 0.0483
2026-03-18 19:00:57 [INFO] Epoch: [145] Step : [564/564] Loss: 0.1608
2026-03-18 19:02:47 [INFO] Epoch 145/300 | Train Loss: 0.0577 | Test Loss: 1.4385 | Acc: 0.9500 | Top-5: 0.9878 | F1(M): 0.7177 | Prec(M): 0.7134 | Rec(M): 0.7498 | Prec(W): 0.9608
2026-03-18 19:03:05 [INFO] Epoch: [146] Step : [1/564] Loss: 0.0548
2026-03-18 19:04:02 [INFO] Epoch: [146] Step : [100/564] Loss: 0.0455
2026-03-18 19:04:58 [INFO] Epoch: [146] Step : [200/564] Loss: 0.2937
2026-03-18 19:05:56 [INFO] Epoch: [146] Step : [300/564] Loss: 0.0834
2026-03-18 19:06:53 [INFO] Epoch: [146] Step : [400/564] Loss: 0.0586
2026-03-18 19:07:50 [INFO] Epoch: [146] Step : [500/564] Loss: 0.0173
2026-03-18 19:08:26 [INFO] Epoch: [146] Step : [564/564] Loss: 0.0482
2026-03-18 19:10:16 [INFO] Epoch 146/300 | Train Loss: 0.0584 | Test Loss: 1.4497 | Acc: 0.9491 | Top-5: 0.9877 | F1(M): 0.7169 | Prec(M): 0.7106 | Rec(M): 0.7515 | Prec(W): 0.9612
2026-03-18 19:10:33 [INFO] Epoch: [147] Step : [1/564] Loss: 0.0513
2026-03-18 19:11:29 [INFO] Epoch: [147] Step : [100/564] Loss: 0.0539
2026-03-18 19:12:27 [INFO] Epoch: [147] Step : [200/564] Loss: 0.1640
2026-03-18 19:13:24 [INFO] Epoch: [147] Step : [300/564] Loss: 0.0288
2026-03-18 19:14:21 [INFO] Epoch: [147] Step : [400/564] Loss: 0.1063
2026-03-18 19:15:18 [INFO] Epoch: [147] Step : [500/564] Loss: 0.0170
2026-03-18 19:15:54 [INFO] Epoch: [147] Step : [564/564] Loss: 0.0916
2026-03-18 19:17:43 [INFO] Epoch 147/300 | Train Loss: 0.0594 | Test Loss: 1.4238 | Acc: 0.9494 | Top-5: 0.9874 | F1(M): 0.7175 | Prec(M): 0.7127 | Rec(M): 0.7509 | Prec(W): 0.9611
2026-03-18 19:18:02 [INFO] Epoch: [148] Step : [1/564] Loss: 0.0175
2026-03-18 19:18:59 [INFO] Epoch: [148] Step : [100/564] Loss: 0.0586
2026-03-18 19:19:56 [INFO] Epoch: [148] Step : [200/564] Loss: 0.0543
2026-03-18 19:20:52 [INFO] Epoch: [148] Step : [300/564] Loss: 0.0217
2026-03-18 19:21:49 [INFO] Epoch: [148] Step : [400/564] Loss: 0.0152
2026-03-18 19:22:47 [INFO] Epoch: [148] Step : [500/564] Loss: 0.1696
2026-03-18 19:23:23 [INFO] Epoch: [148] Step : [564/564] Loss: 0.2238
2026-03-18 19:25:14 [INFO] Epoch 148/300 | Train Loss: 0.0571 | Test Loss: 1.4319 | Acc: 0.9516 | Top-5: 0.9881 | F1(M): 0.7191 | Prec(M): 0.7142 | Rec(M): 0.7516 | Prec(W): 0.9619
2026-03-18 19:25:32 [INFO] Epoch: [149] Step : [1/564] Loss: 0.0566
2026-03-18 19:26:29 [INFO] Epoch: [149] Step : [100/564] Loss: 0.0405
2026-03-18 19:27:26 [INFO] Epoch: [149] Step : [200/564] Loss: 0.0260
2026-03-18 19:28:24 [INFO] Epoch: [149] Step : [300/564] Loss: 0.0802
2026-03-18 19:29:20 [INFO] Epoch: [149] Step : [400/564] Loss: 0.0309
2026-03-18 19:30:18 [INFO] Epoch: [149] Step : [500/564] Loss: 0.0369
2026-03-18 19:30:54 [INFO] Epoch: [149] Step : [564/564] Loss: 0.0169
2026-03-18 19:32:46 [INFO] Epoch 149/300 | Train Loss: 0.0569 | Test Loss: 1.4599 | Acc: 0.9488 | Top-5: 0.9873 | F1(M): 0.7183 | Prec(M): 0.7124 | Rec(M): 0.7517 | Prec(W): 0.9610
2026-03-18 19:33:02 [INFO] Epoch: [150] Step : [1/564] Loss: 0.0168
2026-03-18 19:33:58 [INFO] Epoch: [150] Step : [100/564] Loss: 0.0436
2026-03-18 19:34:54 [INFO] Epoch: [150] Step : [200/564] Loss: 0.0623
2026-03-18 19:35:52 [INFO] Epoch: [150] Step : [300/564] Loss: 0.2200
2026-03-18 19:36:49 [INFO] Epoch: [150] Step : [400/564] Loss: 0.0529
2026-03-18 19:37:47 [INFO] Epoch: [150] Step : [500/564] Loss: 0.0252
2026-03-18 19:38:23 [INFO] Epoch: [150] Step : [564/564] Loss: 0.6601
2026-03-18 19:40:15 [INFO] Epoch 150/300 | Train Loss: 0.0531 | Test Loss: 1.4625 | Acc: 0.9493 | Top-5: 0.9880 | F1(M): 0.7184 | Prec(M): 0.7129 | Rec(M): 0.7518 | Prec(W): 0.9609
2026-03-18 19:40:30 [INFO] Epoch: [151] Step : [1/564] Loss: 0.1905
2026-03-18 19:41:27 [INFO] Epoch: [151] Step : [100/564] Loss: 0.1358
2026-03-18 19:42:25 [INFO] Epoch: [151] Step : [200/564] Loss: 0.2857
2026-03-18 19:43:22 [INFO] Epoch: [151] Step : [300/564] Loss: 0.1008
2026-03-18 19:44:19 [INFO] Epoch: [151] Step : [400/564] Loss: 0.0285
2026-03-18 19:45:16 [INFO] Epoch: [151] Step : [500/564] Loss: 0.0453
2026-03-18 19:45:52 [INFO] Epoch: [151] Step : [564/564] Loss: 0.0530
2026-03-18 19:47:42 [INFO] Epoch 151/300 | Train Loss: 0.0517 | Test Loss: 1.4417 | Acc: 0.9523 | Top-5: 0.9881 | F1(M): 0.7204 | Prec(M): 0.7165 | Rec(M): 0.7517 | Prec(W): 0.9616
2026-03-18 19:48:01 [INFO] Epoch: [152] Step : [1/564] Loss: 0.0233
2026-03-18 19:48:58 [INFO] Epoch: [152] Step : [100/564] Loss: 0.3186
2026-03-18 19:49:55 [INFO] Epoch: [152] Step : [200/564] Loss: 0.0365
2026-03-18 19:50:53 [INFO] Epoch: [152] Step : [300/564] Loss: 0.0209
2026-03-18 19:51:49 [INFO] Epoch: [152] Step : [400/564] Loss: 0.9289
2026-03-18 19:52:47 [INFO] Epoch: [152] Step : [500/564] Loss: 0.0387
2026-03-18 19:53:23 [INFO] Epoch: [152] Step : [564/564] Loss: 0.0645
2026-03-18 19:55:16 [INFO] Epoch 152/300 | Train Loss: 0.0568 | Test Loss: 1.4601 | Acc: 0.9511 | Top-5: 0.9877 | F1(M): 0.7195 | Prec(M): 0.7135 | Rec(M): 0.7514 | Prec(W): 0.9613
2026-03-18 19:55:32 [INFO] Epoch: [153] Step : [1/564] Loss: 0.0942
2026-03-18 19:56:29 [INFO] Epoch: [153] Step : [100/564] Loss: 0.0337
2026-03-18 19:57:26 [INFO] Epoch: [153] Step : [200/564] Loss: 0.0283
2026-03-18 19:58:23 [INFO] Epoch: [153] Step : [300/564] Loss: 0.0322
2026-03-18 19:59:20 [INFO] Epoch: [153] Step : [400/564] Loss: 0.0302
2026-03-18 20:00:17 [INFO] Epoch: [153] Step : [500/564] Loss: 0.3110
2026-03-18 20:00:53 [INFO] Epoch: [153] Step : [564/564] Loss: 0.2181
2026-03-18 20:02:46 [INFO] Epoch 153/300 | Train Loss: 0.0526 | Test Loss: 1.4444 | Acc: 0.9511 | Top-5: 0.9878 | F1(M): 0.7222 | Prec(M): 0.7188 | Rec(M): 0.7506 | Prec(W): 0.9610
2026-03-18 20:02:46 [INFO] --> Best model saved with F1: 0.7222 to /data/lihb/enzyme_functional_annotation/optimal_radius/best_model/train_20260318_1136.pth
2026-03-18 20:03:03 [INFO] Epoch: [154] Step : [1/564] Loss: 0.0592
2026-03-18 20:04:00 [INFO] Epoch: [154] Step : [100/564] Loss: 0.2671
2026-03-18 20:04:57 [INFO] Epoch: [154] Step : [200/564] Loss: 0.1682
2026-03-18 20:05:54 [INFO] Epoch: [154] Step : [300/564] Loss: 0.0120
2026-03-18 20:06:52 [INFO] Epoch: [154] Step : [400/564] Loss: 0.3787
2026-03-18 20:07:49 [INFO] Epoch: [154] Step : [500/564] Loss: 0.0796
2026-03-18 20:08:25 [INFO] Epoch: [154] Step : [564/564] Loss: 0.0454
2026-03-18 20:10:36 [INFO] Epoch 154/300 | Train Loss: 0.0550 | Test Loss: 1.4528 | Acc: 0.9506 | Top-5: 0.9879 | F1(M): 0.7184 | Prec(M): 0.7134 | Rec(M): 0.7495 | Prec(W): 0.9611
2026-03-18 20:11:01 [INFO] Epoch: [155] Step : [1/564] Loss: 0.0687
2026-03-18 20:11:57 [INFO] Epoch: [155] Step : [100/564] Loss: 0.3869
2026-03-18 20:12:55 [INFO] Epoch: [155] Step : [200/564] Loss: 0.0203
2026-03-18 20:13:52 [INFO] Epoch: [155] Step : [300/564] Loss: 0.0509
2026-03-18 20:14:48 [INFO] Epoch: [155] Step : [400/564] Loss: 0.1542
2026-03-18 20:15:45 [INFO] Epoch: [155] Step : [500/564] Loss: 0.0280
2026-03-18 20:16:21 [INFO] Epoch: [155] Step : [564/564] Loss: 0.0215
2026-03-18 20:18:11 [INFO] Epoch 155/300 | Train Loss: 0.0524 | Test Loss: 1.4616 | Acc: 0.9501 | Top-5: 0.9881 | F1(M): 0.7183 | Prec(M): 0.7124 | Rec(M): 0.7515 | Prec(W): 0.9612
2026-03-18 20:18:30 [INFO] Epoch: [156] Step : [1/564] Loss: 0.1478
2026-03-18 20:19:27 [INFO] Epoch: [156] Step : [100/564] Loss: 0.0169
2026-03-18 20:20:24 [INFO] Epoch: [156] Step : [200/564] Loss: 0.5287
2026-03-18 20:21:22 [INFO] Epoch: [156] Step : [300/564] Loss: 0.0121
2026-03-18 20:22:20 [INFO] Epoch: [156] Step : [400/564] Loss: 0.0896
2026-03-18 20:23:17 [INFO] Epoch: [156] Step : [500/564] Loss: 0.0439
2026-03-18 20:23:53 [INFO] Epoch: [156] Step : [564/564] Loss: 0.1280
2026-03-18 20:25:46 [INFO] Epoch 156/300 | Train Loss: 0.0520 | Test Loss: 1.4476 | Acc: 0.9510 | Top-5: 0.9877 | F1(M): 0.7182 | Prec(M): 0.7117 | Rec(M): 0.7503 | Prec(W): 0.9605
2026-03-18 20:26:02 [INFO] Epoch: [157] Step : [1/564] Loss: 0.0417
2026-03-18 20:26:58 [INFO] Epoch: [157] Step : [100/564] Loss: 0.1249
2026-03-18 20:27:57 [INFO] Epoch: [157] Step : [200/564] Loss: 0.2599
2026-03-18 20:28:53 [INFO] Epoch: [157] Step : [300/564] Loss: 0.0930
2026-03-18 20:29:50 [INFO] Epoch: [157] Step : [400/564] Loss: 0.1860
2026-03-18 20:30:47 [INFO] Epoch: [157] Step : [500/564] Loss: 0.1135
2026-03-18 20:31:23 [INFO] Epoch: [157] Step : [564/564] Loss: 0.1226
2026-03-18 20:33:12 [INFO] Epoch 157/300 | Train Loss: 0.0547 | Test Loss: 1.4368 | Acc: 0.9520 | Top-5: 0.9877 | F1(M): 0.7191 | Prec(M): 0.7140 | Rec(M): 0.7514 | Prec(W): 0.9619
2026-03-18 20:33:32 [INFO] Epoch: [158] Step : [1/564] Loss: 0.0518
2026-03-18 20:34:28 [INFO] Epoch: [158] Step : [100/564] Loss: 0.0863
2026-03-18 20:35:26 [INFO] Epoch: [158] Step : [200/564] Loss: 0.0562
2026-03-18 20:36:23 [INFO] Epoch: [158] Step : [300/564] Loss: 0.0066
2026-03-18 20:37:21 [INFO] Epoch: [158] Step : [400/564] Loss: 0.0953
2026-03-18 20:38:19 [INFO] Epoch: [158] Step : [500/564] Loss: 0.0754
2026-03-18 20:38:55 [INFO] Epoch: [158] Step : [564/564] Loss: 0.0741
2026-03-18 20:40:46 [INFO] Epoch 158/300 | Train Loss: 0.0542 | Test Loss: 1.4535 | Acc: 0.9511 | Top-5: 0.9877 | F1(M): 0.7200 | Prec(M): 0.7142 | Rec(M): 0.7510 | Prec(W): 0.9613
2026-03-18 20:41:05 [INFO] Epoch: [159] Step : [1/564] Loss: 0.0194
2026-03-18 20:42:03 [INFO] Epoch: [159] Step : [100/564] Loss: 0.0294
2026-03-18 20:42:59 [INFO] Epoch: [159] Step : [200/564] Loss: 0.0387
2026-03-18 20:43:57 [INFO] Epoch: [159] Step : [300/564] Loss: 0.0294
2026-03-18 20:44:54 [INFO] Epoch: [159] Step : [400/564] Loss: 0.1401
2026-03-18 20:45:51 [INFO] Epoch: [159] Step : [500/564] Loss: 0.0662
2026-03-18 20:46:27 [INFO] Epoch: [159] Step : [564/564] Loss: 0.0234
2026-03-18 20:48:19 [INFO] Epoch 159/300 | Train Loss: 0.0483 | Test Loss: 1.4495 | Acc: 0.9518 | Top-5: 0.9878 | F1(M): 0.7208 | Prec(M): 0.7167 | Rec(M): 0.7503 | Prec(W): 0.9614
2026-03-18 20:48:36 [INFO] Epoch: [160] Step : [1/564] Loss: 0.2200
2026-03-18 20:49:33 [INFO] Epoch: [160] Step : [100/564] Loss: 0.0186
2026-03-18 20:50:30 [INFO] Epoch: [160] Step : [200/564] Loss: 0.0388
2026-03-18 20:51:27 [INFO] Epoch: [160] Step : [300/564] Loss: 0.0319
2026-03-18 20:52:24 [INFO] Epoch: [160] Step : [400/564] Loss: 0.0610
2026-03-18 20:53:21 [INFO] Epoch: [160] Step : [500/564] Loss: 0.0209
2026-03-18 20:53:58 [INFO] Epoch: [160] Step : [564/564] Loss: 0.0441
2026-03-18 20:55:47 [INFO] Epoch 160/300 | Train Loss: 0.0430 | Test Loss: 1.4317 | Acc: 0.9539 | Top-5: 0.9881 | F1(M): 0.7224 | Prec(M): 0.7183 | Rec(M): 0.7514 | Prec(W): 0.9622
2026-03-18 20:55:47 [INFO] --> Best model saved with F1: 0.7224 to /data/lihb/enzyme_functional_annotation/optimal_radius/best_model/train_20260318_1136.pth
2026-03-18 20:56:06 [INFO] Epoch: [161] Step : [1/564] Loss: 0.2396
2026-03-18 20:57:03 [INFO] Epoch: [161] Step : [100/564] Loss: 0.0163
2026-03-18 20:58:01 [INFO] Epoch: [161] Step : [200/564] Loss: 0.0320
2026-03-18 20:58:58 [INFO] Epoch: [161] Step : [300/564] Loss: 0.0599
2026-03-18 20:59:55 [INFO] Epoch: [161] Step : [400/564] Loss: 0.0570
2026-03-18 21:00:52 [INFO] Epoch: [161] Step : [500/564] Loss: 0.1557
2026-03-18 21:01:29 [INFO] Epoch: [161] Step : [564/564] Loss: 1.9548
2026-03-18 21:03:27 [INFO] Epoch 161/300 | Train Loss: 0.0481 | Test Loss: 1.4471 | Acc: 0.9520 | Top-5: 0.9882 | F1(M): 0.7209 | Prec(M): 0.7160 | Rec(M): 0.7506 | Prec(W): 0.9610
2026-03-18 21:03:46 [INFO] Epoch: [162] Step : [1/564] Loss: 0.0504
2026-03-18 21:04:43 [INFO] Epoch: [162] Step : [100/564] Loss: 0.0145
2026-03-18 21:05:40 [INFO] Epoch: [162] Step : [200/564] Loss: 0.0241
2026-03-18 21:06:36 [INFO] Epoch: [162] Step : [300/564] Loss: 0.0471
2026-03-18 21:07:33 [INFO] Epoch: [162] Step : [400/564] Loss: 0.0610
2026-03-18 21:08:31 [INFO] Epoch: [162] Step : [500/564] Loss: 0.0431
2026-03-18 21:09:07 [INFO] Epoch: [162] Step : [564/564] Loss: 0.0070
2026-03-18 21:10:57 [INFO] Epoch 162/300 | Train Loss: 0.0419 | Test Loss: 1.4540 | Acc: 0.9534 | Top-5: 0.9885 | F1(M): 0.7228 | Prec(M): 0.7192 | Rec(M): 0.7509 | Prec(W): 0.9621
2026-03-18 21:10:57 [INFO] --> Best model saved with F1: 0.7228 to /data/lihb/enzyme_functional_annotation/optimal_radius/best_model/train_20260318_1136.pth
2026-03-18 21:11:16 [INFO] Epoch: [163] Step : [1/564] Loss: 0.0485
2026-03-18 21:12:13 [INFO] Epoch: [163] Step : [100/564] Loss: 0.0510
2026-03-18 21:13:11 [INFO] Epoch: [163] Step : [200/564] Loss: 0.0212
2026-03-18 21:14:09 [INFO] Epoch: [163] Step : [300/564] Loss: 0.0437
2026-03-18 21:15:07 [INFO] Epoch: [163] Step : [400/564] Loss: 0.0734
2026-03-18 21:16:06 [INFO] Epoch: [163] Step : [500/564] Loss: 0.0819
2026-03-18 21:16:44 [INFO] Epoch: [163] Step : [564/564] Loss: 0.2938
2026-03-18 21:18:36 [INFO] Epoch 163/300 | Train Loss: 0.0400 | Test Loss: 1.4386 | Acc: 0.9544 | Top-5: 0.9882 | F1(M): 0.7238 | Prec(M): 0.7193 | Rec(M): 0.7523 | Prec(W): 0.9619
2026-03-18 21:18:36 [INFO] --> Best model saved with F1: 0.7238 to /data/lihb/enzyme_functional_annotation/optimal_radius/best_model/train_20260318_1136.pth
2026-03-18 21:18:55 [INFO] Epoch: [164] Step : [1/564] Loss: 0.0170
2026-03-18 21:19:52 [INFO] Epoch: [164] Step : [100/564] Loss: 0.0248
2026-03-18 21:20:51 [INFO] Epoch: [164] Step : [200/564] Loss: 0.0188
2026-03-18 21:21:49 [INFO] Epoch: [164] Step : [300/564] Loss: 0.0648
2026-03-18 21:22:48 [INFO] Epoch: [164] Step : [400/564] Loss: 0.0810
2026-03-18 21:23:45 [INFO] Epoch: [164] Step : [500/564] Loss: 0.0388
2026-03-18 21:24:22 [INFO] Epoch: [164] Step : [564/564] Loss: 0.0804
2026-03-18 21:26:20 [INFO] Epoch 164/300 | Train Loss: 0.0425 | Test Loss: 1.4436 | Acc: 0.9540 | Top-5: 0.9883 | F1(M): 0.7251 | Prec(M): 0.7221 | Rec(M): 0.7523 | Prec(W): 0.9624
2026-03-18 21:26:20 [INFO] --> Best model saved with F1: 0.7251 to /data/lihb/enzyme_functional_annotation/optimal_radius/best_model/train_20260318_1136.pth
2026-03-18 21:26:36 [INFO] Epoch: [165] Step : [1/564] Loss: 0.0161
2026-03-18 21:27:34 [INFO] Epoch: [165] Step : [100/564] Loss: 0.0742
2026-03-18 21:28:32 [INFO] Epoch: [165] Step : [200/564] Loss: 0.0159
2026-03-18 21:29:28 [INFO] Epoch: [165] Step : [300/564] Loss: 0.0137
2026-03-18 21:30:27 [INFO] Epoch: [165] Step : [400/564] Loss: 0.0402
2026-03-18 21:31:24 [INFO] Epoch: [165] Step : [500/564] Loss: 0.1842
2026-03-18 21:32:01 [INFO] Epoch: [165] Step : [564/564] Loss: 0.0317
2026-03-18 21:33:56 [INFO] Epoch 165/300 | Train Loss: 0.0490 | Test Loss: 1.4355 | Acc: 0.9534 | Top-5: 0.9883 | F1(M): 0.7231 | Prec(M): 0.7186 | Rec(M): 0.7531 | Prec(W): 0.9624
2026-03-18 21:34:13 [INFO] Epoch: [166] Step : [1/564] Loss: 0.0276
2026-03-18 21:35:11 [INFO] Epoch: [166] Step : [100/564] Loss: 0.0295
2026-03-18 21:36:08 [INFO] Epoch: [166] Step : [200/564] Loss: 0.0105
2026-03-18 21:37:05 [INFO] Epoch: [166] Step : [300/564] Loss: 0.0136
2026-03-18 21:38:04 [INFO] Epoch: [166] Step : [400/564] Loss: 0.0725
2026-03-18 21:39:00 [INFO] Epoch: [166] Step : [500/564] Loss: 0.0126
2026-03-18 21:39:36 [INFO] Epoch: [166] Step : [564/564] Loss: 0.0570
2026-03-18 21:41:26 [INFO] Epoch 166/300 | Train Loss: 0.0437 | Test Loss: 1.4583 | Acc: 0.9538 | Top-5: 0.9882 | F1(M): 0.7229 | Prec(M): 0.7200 | Rec(M): 0.7513 | Prec(W): 0.9626
2026-03-18 21:41:43 [INFO] Epoch: [167] Step : [1/564] Loss: 0.1554
2026-03-18 21:42:40 [INFO] Epoch: [167] Step : [100/564] Loss: 0.0971
2026-03-18 21:43:37 [INFO] Epoch: [167] Step : [200/564] Loss: 0.1000
2026-03-18 21:44:36 [INFO] Epoch: [167] Step : [300/564] Loss: 0.0202
2026-03-18 21:45:34 [INFO] Epoch: [167] Step : [400/564] Loss: 0.0289
2026-03-18 21:46:32 [INFO] Epoch: [167] Step : [500/564] Loss: 0.0244
2026-03-18 21:47:10 [INFO] Epoch: [167] Step : [564/564] Loss: 0.0602
2026-03-18 21:49:01 [INFO] Early stopping triggered at epoch 167 (min_epochs=100).
2026-03-18 21:49:01 [INFO] Training completed.
2026-03-18 21:49:07 [INFO] ========== Training Configuration ==========
2026-03-18 21:49:07 [INFO]   learning_rate: 0.001
2026-03-18 21:49:07 [INFO]   batch_size: 64
2026-03-18 21:49:07 [INFO]   epochs: 300
2026-03-18 21:49:07 [INFO]   min_epochs: 100
2026-03-18 21:49:07 [INFO]   test_size: 0.3
2026-03-18 21:49:07 [INFO]   focal_loss_alpha: auto
2026-03-18 21:49:07 [INFO]   focal_loss_gamma: 2.0
2026-03-18 21:49:07 [INFO]   random_state: 42
2026-03-18 21:49:07 [INFO]   input_dim: 1536
2026-03-18 21:49:07 [INFO]   hidden_dim: 1024
2026-03-18 21:49:07 [INFO]   num_layers: 4
2026-03-18 21:49:07 [INFO]   heads: 8
2026-03-18 21:49:07 [INFO]   dropout: 0.5
2026-03-18 21:49:07 [INFO]   weight_decay: 0.0005
2026-03-18 21:49:07 [INFO]   lr_patience: 10
2026-03-18 21:49:07 [INFO]   early_stopping_patience: 20
2026-03-18 21:49:07 [INFO] ============================================
2026-03-18 21:49:07 [INFO] Using device: cuda:0 (Distributed: True)
2026-03-18 21:49:07 [INFO] Loading data...
2026-03-18 21:49:18 [INFO] Total samples after filtering: 103015
2026-03-18 21:49:18 [INFO] Total classes: 1765
2026-03-18 21:49:18 [INFO] Class Weights Range: [0.0128, 58.3654]
2026-03-18 21:49:18 [WARNING] Stratified split failed (likely due to classes with < 2 samples). Falling back to random split.
2026-03-18 21:49:18 [INFO] Using graph_dir: /data/lihb/enzyme_functional_annotation/optimal_radius/graph
2026-03-18 21:49:18 [INFO] Initializing dataset with 72110 entries from graph_dir=/data/lihb/enzyme_functional_annotation/optimal_radius/graph ...
2026-03-18 21:49:21 [INFO] Found samples with pdb_id: 2794
2026-03-18 21:49:21 [INFO] Found samples without pdb_id: 69316
2026-03-18 21:49:21 [INFO] Dataset initialized with 72110 valid samples.
2026-03-18 21:49:21 [INFO] Initializing dataset with 30905 entries from graph_dir=/data/lihb/enzyme_functional_annotation/optimal_radius/graph ...
2026-03-18 21:49:22 [INFO] Found samples with pdb_id: 1302
2026-03-18 21:49:22 [INFO] Found samples without pdb_id: 29603
2026-03-18 21:49:22 [INFO] Dataset initialized with 30905 valid samples.
2026-03-18 21:49:22 [INFO] Data loaded. Train steps per epoch (optimizer updates): 564 | Expected: 564 | Train samples: 72110 | Batch/GPU: 64 | World Size: 2 | Global Batch: 128
2026-03-18 21:49:22 [INFO] Data loaded. Test steps per epoch: 242 | Expected: 242 | Test samples: 30905
2026-03-18 21:49:22 [INFO] Using Automatic Class Weights for Focal Loss. Range: [0.0128, 58.3654]
2026-03-18 21:49:22 [INFO] => loading checkpoint '/data/lihb/enzyme_functional_annotation/optimal_radius/checkpoint_latest.pth'
2026-03-18 21:49:22 [INFO] => loaded checkpoint '/data/lihb/enzyme_functional_annotation/optimal_radius/checkpoint_latest.pth' (epoch 166)
2026-03-18 21:49:22 [INFO] Start training...
2026-03-18 21:49:38 [INFO] Epoch: [167] Step : [1/564] Loss: 0.1233
2026-03-18 21:50:35 [INFO] Epoch: [167] Step : [100/564] Loss: 0.0076
2026-03-18 21:51:33 [INFO] Epoch: [167] Step : [200/564] Loss: 0.0372
2026-03-18 21:52:30 [INFO] Epoch: [167] Step : [300/564] Loss: 0.0190
2026-03-18 21:53:28 [INFO] Epoch: [167] Step : [400/564] Loss: 0.0198
2026-03-18 21:54:26 [INFO] Epoch: [167] Step : [500/564] Loss: 0.0125
2026-03-18 21:55:03 [INFO] Epoch: [167] Step : [564/564] Loss: 0.2513
2026-03-18 21:56:53 [INFO] Early stopping triggered at epoch 167 (min_epochs=100).
2026-03-18 21:56:53 [INFO] Training completed.
2026-03-18 21:56:54 [INFO] [TRAIN] executed successfully.
